ProblemID,ProblemName,Difficulty,Prompt,Model,InputMode,EvalMethod,Compiled,PublicPassed,HiddenPassed,GenTime_s,ErrorMsg,GeneratedCode
E01,A. Short Sort,Easy,P1,meta-llama/llama-3.3-70b-instruct,stdin,lcb-stdin,1,1,1,6.51,,
E01,A. Short Sort,Easy,P2,meta-llama/llama-3.3-70b-instruct,stdin,lcb-stdin,1,1,1,3.75,,
E01,A. Short Sort,Easy,P3,meta-llama/llama-3.3-70b-instruct,stdin,lcb-stdin,1,1,1,2.24,,
E02,B. Good Kid,Easy,P1,meta-llama/llama-3.3-70b-instruct,stdin,lcb-stdin,1,1,1,7.61,,
E02,B. Good Kid,Easy,P2,meta-llama/llama-3.3-70b-instruct,stdin,lcb-stdin,1,1,1,3.37,,
E02,B. Good Kid,Easy,P3,meta-llama/llama-3.3-70b-instruct,stdin,lcb-stdin,1,1,1,20.26,,
E03,D. 1D Eraser,Easy,P1,meta-llama/llama-3.3-70b-instruct,stdin,lcb-stdin,1,1,1,6.75,,
E03,D. 1D Eraser,Easy,P2,meta-llama/llama-3.3-70b-instruct,stdin,lcb-stdin,1,1,1,5.11,,
E03,D. 1D Eraser,Easy,P3,meta-llama/llama-3.3-70b-instruct,stdin,lcb-stdin,1,1,1,10.08,,
E04,A. Game with Integers,Easy,P1,meta-llama/llama-3.3-70b-instruct,stdin,lcb-stdin,1,1,1,3.63,,
E04,A. Game with Integers,Easy,P2,meta-llama/llama-3.3-70b-instruct,stdin,lcb-stdin,1,1,1,7.8,,
E04,A. Game with Integers,Easy,P3,meta-llama/llama-3.3-70b-instruct,stdin,lcb-stdin,1,1,1,10.6,,
E05,number-of-senior-citizens,Easy,P1,meta-llama/llama-3.3-70b-instruct,stdin,lcb-stdin,1,0,0,7.32,want='2' got='',"import sys

def main():
    details = sys.stdin.read().strip().splitlines()
    count = 0
    for detail in details:
        age = int(detail[11:13])
        if age > 60:
            count += 1
    print(count)

if __name__ == ""__main__"":
    main()"
E05,number-of-senior-citizens,Easy,P2,meta-llama/llama-3.3-70b-instruct,stdin,lcb-stdin,1,0,0,3.15,want='2' got='',"import sys

def count_senior_citizens():
    details = sys.stdin.read().strip().split()
    senior_citizens = 0
    for detail in details:
        age = int(detail[11:13])
        if age > 60:
            senior_citizens += 1
    return senior_citizens

print(count_senior_citizens())"
E05,number-of-senior-citizens,Easy,P3,meta-llama/llama-3.3-70b-instruct,stdin,lcb-stdin,1,0,0,1.87,want='2' got='',"import sys

def main():
    details = sys.stdin.read().strip().splitlines()
    count = 0
    for passenger in details:
        age = int(passenger[11:13])
        if age > 60:
            count += 1
    print(count)

if __name__ == ""__main__"":
    main()"
E06,buy-two-chocolates,Easy,P1,meta-llama/llama-3.3-70b-instruct,stdin,lcb-stdin,1,0,0,2.03,want='0' got='',"import sys

prices = list(map(int, input().split()))
money = int(input())

prices.sort()
if prices[0] + prices[1] <= money:
    print(money - prices[0] - prices[1])
else:
    print(money)"
E06,buy-two-chocolates,Easy,P2,meta-llama/llama-3.3-70b-instruct,stdin,lcb-stdin,1,0,0,1.51,want='0' got='',"import sys

prices = list(map(int, input().split()))
money = int(input())

prices.sort()
if prices[0] + prices[1] <= money:
    print(money - prices[0] - prices[1])
else:
    print(money)"
E06,buy-two-chocolates,Easy,P3,meta-llama/llama-3.3-70b-instruct,stdin,lcb-stdin,1,0,0,2.02,want='0' got='',"import sys

prices = list(map(int, input().split()))
money = int(input())

prices.sort()

if prices[0] + prices[1] <= money:
    print(money - prices[0] - prices[1])
else:
    print(money)"
E07,find-the-distinct-difference-array,Easy,P1,meta-llama/llama-3.3-70b-instruct,stdin,lcb-stdin,1,0,0,2.14,"want='[-3, -1, 1, 3, 5]' got=''","import sys

def main():
    nums = list(map(int, input().split()))
    n = len(nums)
    diff = []

    for i in range(n):
        prefix = set(nums[:i+1])
        suffix = set(nums[i+1:])
        diff.append(len(prefix) - len(suffix))

    print(*diff)

if __name__ == ""__main__"":
    main()"
E07,find-the-distinct-difference-array,Easy,P2,meta-llama/llama-3.3-70b-instruct,stdin,lcb-stdin,1,0,0,7.16,"want='[-3, -1, 1, 3, 5]' got=''","import sys

def main():
    nums = list(map(int, input().split()))
    n = len(nums)
    diff = []

    for i in range(n):
        prefix = set(nums[:i+1])
        suffix = set(nums[i+1:])
        diff.append(len(prefix) - len(suffix))

    print(*diff)

if __name__ == ""__main__"":
    main()"
E07,find-the-distinct-difference-array,Easy,P3,meta-llama/llama-3.3-70b-instruct,stdin,lcb-stdin,1,0,0,14.32,"want='[-3, -1, 1, 3, 5]' got=''","import sys

def main():
    nums = list(map(int, input().split()))
    n = len(nums)
    diff = []

    for i in range(n):
        prefix = set(nums[:i+1])
        suffix = set(nums[i+1:])
        diff.append(len(prefix) - len(suffix))

    print(*diff)

if __name__ == ""__main__"":
    main()"
E08,semi-ordered-permutation,Easy,P1,meta-llama/llama-3.3-70b-instruct,stdin,lcb-stdin,1,0,0,3.54,want='2' got='',"import sys

def min_swaps(nums):
    n = len(nums)
    swaps = 0
    i = 0
    while i < n:
        if nums[i] == i + 1:
            i += 1
        else:
            j = nums.index(i + 1)
            nums[i:j+1] = reversed(nums[i:j+1])
            swaps += j - i
    return swaps

nums = list(map(int, input().split()))
print(min_swaps(nums))"
E08,semi-ordered-permutation,Easy,P2,meta-llama/llama-3.3-70b-instruct,stdin,lcb-stdin,1,1,1,2.43,,
E08,semi-ordered-permutation,Easy,P3,meta-llama/llama-3.3-70b-instruct,stdin,lcb-stdin,1,0,0,8.69,want='2' got='',"import sys

def calculate_distance(nums, target):
    distance = 0
    for i in range(len(nums)):
        if nums[i]!= target[i]:
            distance += 1
    return distance

def main():
    nums = list(map(int, input().split()))
    n = len(nums)
    target = list(range(1, n + 1))
    print(calculate_distance(nums, target))

if __name__ == ""__main__"":
    main()"
E09,find-the-losers-of-the-circular-game,Easy,P1,meta-llama/llama-3.3-70b-instruct,stdin,lcb-stdin,1,1,1,6.91,,
E09,find-the-losers-of-the-circular-game,Easy,P2,meta-llama/llama-3.3-70b-instruct,stdin,lcb-stdin,1,0,0,8.39,"want='[4, 5]' got='4 5'","import sys

n = int(input())
k = int(input())

visited = [False] * (n + 1)
current = 1
visited[current] = True
step = 1

while True:
    next_index = (current + step * k - 1) % n + 1
    if visited[next_index]:
        break
    visited[next_index] = True
    current = next_index
    step += 1

losers = [i for i in range(1, n + 1) if not visited[i]]
print(*losers)"
E09,find-the-losers-of-the-circular-game,Easy,P3,meta-llama/llama-3.3-70b-instruct,stdin,lcb-stdin,1,0,0,7.94,"want='[4, 5]' got='4 5'","import sys

n = int(input())
k = int(input())

visited = [False] * (n + 1)
current = 1
visited[1] = True

for i in range(1, n + 1):
    next_index = (current + i * k - 1) % n + 1
    if visited[next_index]:
        break
    visited[next_index] = True
    current = next_index

losers = [i for i in range(1, n + 1) if not visited[i]]
print(*losers)"
E10,minimum-string-length-after-removing-substrings,Easy,P1,meta-llama/llama-3.3-70b-instruct,stdin,lcb-stdin,1,0,0,3.12,want='2' got='4',"import sys

def min_length(s):
    stack = []
    for char in s:
        if stack and ((stack[-1] == 'A' and char == 'B') or (stack[-1] == 'C' and char == 'D')):
            stack.pop()
        else:
            stack.append(char)
    return len(stack)

s = input()
print(min_length(s))"
E10,minimum-string-length-after-removing-substrings,Easy,P2,meta-llama/llama-3.3-70b-instruct,stdin,lcb-stdin,1,0,0,3.91,want='2' got='4',"import sys

def min_length(s):
    stack = []
    for char in s:
        if stack and ((stack[-1] == 'A' and char == 'B') or (stack[-1] == 'C' and char == 'D')):
            stack.pop()
        else:
            stack.append(char)
    return len(stack)

s = input()
print(min_length(s))"
E10,minimum-string-length-after-removing-substrings,Easy,P3,meta-llama/llama-3.3-70b-instruct,stdin,lcb-stdin,1,0,0,3.36,want='2' got='4',"import sys

def min_length(s):
    stack = []
    for char in s:
        if stack and ((stack[-1] == 'A' and char == 'B') or (stack[-1] == 'C' and char == 'D')):
            stack.pop()
        else:
            stack.append(char)
    return len(stack)

s = input()
print(min_length(s))"
E11,find-the-maximum-achievable-number,Easy,P1,meta-llama/llama-3.3-70b-instruct,stdin,lcb-stdin,1,0,0,0.92,want='6' got='5',"num = int(input())
t = int(input())
print(num + t)"
E11,find-the-maximum-achievable-number,Easy,P2,meta-llama/llama-3.3-70b-instruct,stdin,lcb-stdin,1,0,0,1.84,want='6' got='5',"num = int(input())
t = int(input())
print(num + t)"
E11,find-the-maximum-achievable-number,Easy,P3,meta-llama/llama-3.3-70b-instruct,stdin,lcb-stdin,1,0,0,0.99,want='6' got='5',"num = int(input())
t = int(input())
print(num + t)"
E12,lexicographically-smallest-palindrome,Easy,P1,meta-llama/llama-3.3-70b-instruct,stdin,lcb-stdin,1,1,1,7.16,,
E12,lexicographically-smallest-palindrome,Easy,P2,meta-llama/llama-3.3-70b-instruct,stdin,lcb-stdin,1,1,1,5.27,,
E12,lexicographically-smallest-palindrome,Easy,P3,meta-llama/llama-3.3-70b-instruct,stdin,lcb-stdin,1,0,0,52.78,"want='""efcfe""' got='""efafe""'","def main():
    s = input()
    n = len(s)
    result = list(s)

    for i in range(n // 2):
        if s[i] == s[n - i - 1]:
            continue
        if s[i] < s[n - i - 1]:
            result[n - i - 1] = s[i]
        else:
            result[i] = s[n - i - 1]

    if n % 2 == 1 and result[n // 2] > 'a':
        result[n // 2] = 'a'

    print(''.join(result))

if __name__ == ""__main__"":
    main()"
E13,remove-trailing-zeros-from-a-string,Easy,P1,meta-llama/llama-3.3-70b-instruct,stdin,lcb-stdin,1,0,0,3.19,"want='""512301""' got='""51230100""'","import sys

num = input().rstrip('0')
print(num)"
E13,remove-trailing-zeros-from-a-string,Easy,P2,meta-llama/llama-3.3-70b-instruct,stdin,lcb-stdin,1,0,0,20.59,"want='""512301""' got='""51230100""'","import sys

num = input().rstrip('0')
print(num)"
E13,remove-trailing-zeros-from-a-string,Easy,P3,meta-llama/llama-3.3-70b-instruct,stdin,lcb-stdin,1,0,0,1.08,"want='""512301""' got='""51230100""'","import sys

num = input().rstrip('0')
print(num if num else '0')"
E14,check-if-the-number-is-fascinating,Easy,P1,meta-llama/llama-3.3-70b-instruct,stdin,lcb-stdin,1,1,1,3.2,,
E14,check-if-the-number-is-fascinating,Easy,P2,meta-llama/llama-3.3-70b-instruct,stdin,lcb-stdin,1,1,1,3.35,,
E14,check-if-the-number-is-fascinating,Easy,P3,meta-llama/llama-3.3-70b-instruct,stdin,lcb-stdin,1,1,1,3.23,,
E15,minimize-string-length,Easy,P1,meta-llama/llama-3.3-70b-instruct,stdin,lcb-stdin,1,0,0,6.14,want='3' got='2',"from collections import defaultdict

def minimize_string_length(s):
    char_count = defaultdict(int)
    for char in s:
        char_count[char] += 1

    length = 0
    for count in char_count.values():
        length += count % 2

    return length

s = input()
print(minimize_string_length(s))"
E15,minimize-string-length,Easy,P2,meta-llama/llama-3.3-70b-instruct,stdin,lcb-stdin,1,0,0,3.66,want='3' got='5',"from collections import deque

def minimize_string_length(s):
    stack = deque()
    for char in s:
        if stack and stack[-1] == char:
            stack.pop()
        else:
            stack.append(char)
    return len(stack)

s = input()
print(minimize_string_length(s))"
E15,minimize-string-length,Easy,P3,meta-llama/llama-3.3-70b-instruct,stdin,lcb-stdin,1,0,0,4.72,want='3' got='5',"from collections import defaultdict

def minimize_string_length(s):
    char_count = defaultdict(int)
    for char in s:
        char_count[char] += 1

    stack = []
    for char in s:
        if stack and stack[-1] == char:
            stack.pop()
        else:
            stack.append(char)

    return len(stack)

s = input()
print(minimize_string_length(s))"
E16,number-of-beautiful-pairs,Easy,P1,meta-llama/llama-3.3-70b-instruct,stdin,lcb-stdin,1,0,0,3.12,want='5' got='',"import math

def gcd(a, b):
    while b:
        a, b = b, a % b
    return a

nums = list(map(int, input().split()))
count = 0

for i in range(len(nums)):
    for j in range(i + 1, len(nums)):
        if gcd(int(str(nums[i])[0]), int(str(nums[j])[-1])) == 1:
            count += 1

print(count)"
E16,number-of-beautiful-pairs,Easy,P2,meta-llama/llama-3.3-70b-instruct,stdin,lcb-stdin,1,0,0,3.46,want='5' got='',"import math

def gcd(a, b):
    while b:
        a, b = b, a % b
    return a

nums = list(map(int, input().split()))

count = 0
for i in range(len(nums)):
    for j in range(i + 1, len(nums)):
        if gcd(int(str(nums[i])[0]), int(str(nums[j])[-1])) == 1:
            count += 1

print(count)"
E16,number-of-beautiful-pairs,Easy,P3,meta-llama/llama-3.3-70b-instruct,stdin,lcb-stdin,1,0,0,3.06,want='5' got='',"import math

def gcd(a, b):
    while b:
        a, b = b, a % b
    return a

nums = list(map(int, input().split()))

count = 0
for i in range(len(nums)):
    for j in range(i + 1, len(nums)):
        if gcd(int(str(nums[i])[0]), int(str(nums[j])[-1])) == 1:
            count += 1

print(count)"
E17,sum-of-squares-of-special-elements,Easy,P1,meta-llama/llama-3.3-70b-instruct,stdin,lcb-stdin,1,0,0,4.42,want='21' got='',"import sys

def main():
    nums = list(map(int, input().split()))
    n = len(nums)
    total = sum([nums[i-1]**2 for i in range(1, n+1) if n % i == 0])
    print(total)

if __name__ == ""__main__"":
    main()"
E17,sum-of-squares-of-special-elements,Easy,P2,meta-llama/llama-3.3-70b-instruct,stdin,lcb-stdin,1,1,1,3.54,,
E17,sum-of-squares-of-special-elements,Easy,P3,meta-llama/llama-3.3-70b-instruct,stdin,lcb-stdin,1,0,0,3.24,want='21' got='',"import sys

def main():
    nums = list(map(int, input().split()))
    n = len(nums)
    total = 0
    for i in range(1, n + 1):
        if n % i == 0:
            total += nums[i - 1] ** 2
    print(total)

if __name__ == ""__main__"":
    main()"
E18,find-maximum-number-of-string-pairs,Easy,P1,meta-llama/llama-3.3-70b-instruct,stdin,lcb-stdin,1,0,0,8.13,want='2' got='0',"import sys

def find_max_pairs(words):
    pairs = 0
    used = [False] * len(words)
    for i in range(len(words)):
        if used[i]:
            continue
        for j in range(i + 1, len(words)):
            if used[j]:
                continue
            if words[i] == words[j][::-1]:
                pairs += 1
                used[i] = True
                used[j] = True
                break
    return pairs

words = input().strip().split(',')
print(find_max_pairs(words))"
E18,find-maximum-number-of-string-pairs,Easy,P2,meta-llama/llama-3.3-70b-instruct,stdin,lcb-stdin,1,0,0,3.89,want='2' got='0',"from collections import Counter

words = input().split()
word_count = Counter(words)
pairs = 0

for word in list(word_count):
    reversed_word = word[::-1]
    if reversed_word in word_count and word_count[word] > 0 and word_count[reversed_word] > 0:
        pairs += 1
        word_count[word] -= 1
        word_count[reversed_word] -= 1

print(pairs)"
E18,find-maximum-number-of-string-pairs,Easy,P3,meta-llama/llama-3.3-70b-instruct,stdin,lcb-stdin,1,0,0,23.61,want='2' got='0',"import sys

def main():
    words = input().split()
    pairs = 0
    used = [False] * len(words)

    for i in range(len(words)):
        if used[i]:
            continue
        for j in range(i + 1, len(words)):
            if used[j]:
                continue
            if words[i] == words[j][::-1]:
                pairs += 1
                used[i] = True
                used[j] = True
                break

    print(pairs)

if __name__ == ""__main__"":
    main()"
E19,total-distance-traveled,Easy,P1,meta-llama/llama-3.3-70b-instruct,stdin,lcb-stdin,1,1,1,3.68,,
E19,total-distance-traveled,Easy,P2,meta-llama/llama-3.3-70b-instruct,stdin,lcb-stdin,1,1,1,3.11,,
E19,total-distance-traveled,Easy,P3,meta-llama/llama-3.3-70b-instruct,stdin,lcb-stdin,1,1,1,2.71,,
E20,longest-even-odd-subarray-with-threshold,Easy,P1,meta-llama/llama-3.3-70b-instruct,stdin,lcb-stdin,1,0,0,4.4,want='3' got='',"import sys

def main():
    nums = list(map(int, input().split()))
    threshold = int(input())

    max_length = 0
    for l in range(len(nums)):
        if nums[l] % 2 == 0:
            for r in range(l, len(nums)):
                if all(nums[i] % 2 != nums[i + 1] % 2 for i in range(l, r)) and all(nums[i] <= threshold for i in range(l, r + 1)):
                    max_length = max(max_length, r - l + 1)
    print(max_length)

if __name__ == ""__main__"":
    main()"
E20,longest-even-odd-subarray-with-threshold,Easy,P2,meta-llama/llama-3.3-70b-instruct,stdin,lcb-stdin,1,0,0,15.15,want='3' got='',"import sys

def main():
    nums = list(map(int, input().split()))
    threshold = int(input())

    max_length = 0
    for l in range(len(nums)):
        if nums[l] % 2 == 0:
            for r in range(l, len(nums)):
                if all(nums[i] % 2 != nums[i + 1] % 2 for i in range(l, r)) and all(nums[i] <= threshold for i in range(l, r + 1)):
                    max_length = max(max_length, r - l + 1)
    print(max_length)

if __name__ == ""__main__"":
    main()"
E20,longest-even-odd-subarray-with-threshold,Easy,P3,meta-llama/llama-3.3-70b-instruct,stdin,lcb-stdin,1,0,0,4.44,want='3' got='',"import sys

def main():
    nums = list(map(int, input().split()))
    threshold = int(input())

    max_length = 0
    for l in range(len(nums)):
        if nums[l] % 2 == 0:
            for r in range(l, len(nums)):
                if all(nums[i] % 2 != nums[i + 1] % 2 for i in range(l, r)) and all(nums[i] <= threshold for i in range(l, r + 1)):
                    max_length = max(max_length, r - l + 1)
    print(max_length)

if __name__ == ""__main__"":
    main()"
E21,longest-alternating-subarray,Easy,P1,meta-llama/llama-3.3-70b-instruct,stdin,lcb-stdin,1,0,0,11.36,want='4' got='',"import sys

def find_longest_alternating_subarray(nums):
    max_length = -1
    for i in range(len(nums)):
        for j in range(i + 2, len(nums) + 1):
            subarray = nums[i:j]
            if is_alternating(subarray):
                max_length = max(max_length, len(subarray))
    return max_length

def is_alternating(subarray):
    if len(subarray) < 2:
        return False
    diff = subarray[1] - subarray[0]
    if diff != 1:
        return False
    for i in range(2, len(subarray)):
        new_diff = subarray[i] - subarray[i - 1]
        if new_diff != -diff:
            return False
        diff = new_diff
    return True

nums = list(map(int, input().split()))
print(find_longest_alternating_subarray(nums))"
E21,longest-alternating-subarray,Easy,P2,meta-llama/llama-3.3-70b-instruct,stdin,lcb-stdin,1,0,0,8.2,want='4' got='',"import sys

def main():
    nums = list(map(int, input().split(',')))
    max_length = -1

    for i in range(len(nums)):
        for j in range(i + 2, len(nums) + 1):
            subarray = nums[i:j]
            if is_alternating(subarray):
                max_length = max(max_length, len(subarray))

    print(max_length)


def is_alternating(subarray):
    if len(subarray) < 2:
        return False

    diff = subarray[1] - subarray[0]
    if diff != 1 and diff != -1:
        return False

    for i in range(2, len(subarray)):
        new_diff = subarray[i] - subarray[i - 1]
        if new_diff != -diff:
            return False
        diff = new_diff

    return True


if __name__ == ""__main__"":
    main()"
E21,longest-alternating-subarray,Easy,P3,meta-llama/llama-3.3-70b-instruct,stdin,lcb-stdin,1,0,0,14.82,want='4' got='',"import sys

def main():
    nums = list(map(int, input().split()))
    max_length = -1

    for i in range(len(nums)):
        for j in range(i + 2, len(nums) + 1):
            subarray = nums[i:j]
            if is_alternating(subarray):
                max_length = max(max_length, len(subarray))

    print(max_length)

def is_alternating(subarray):
    if len(subarray) < 2:
        return False

    diff = subarray[1] - subarray[0]
    if diff!= 1 and diff!= -1:
        return False

    for i in range(2, len(subarray)):
        new_diff = subarray[i] - subarray[i - 1]
        if new_diff!= -diff:
            return False
        diff = new_diff

    return True

if __name__ == ""__main__"":
    main()"
E22,number-of-employees-who-met-the-target,Easy,P1,meta-llama/llama-3.3-70b-instruct,stdin,lcb-stdin,1,0,0,4.71,want='3' got='',"import sys

hours = list(map(int, input().split()))
target = int(input())

count = sum(1 for hour in hours if hour >= target)

print(count)"
E22,number-of-employees-who-met-the-target,Easy,P2,meta-llama/llama-3.3-70b-instruct,stdin,lcb-stdin,1,0,0,2.9,want='3' got='',"import sys

hours = list(map(int, input().strip().split()))
target = int(input().strip())

count = sum(1 for hour in hours if hour >= target)
print(count)"
E22,number-of-employees-who-met-the-target,Easy,P3,meta-llama/llama-3.3-70b-instruct,stdin,lcb-stdin,1,0,0,14.05,want='3' got='',"import sys

hours = list(map(int, input().split()))
target = int(input())

count = sum(1 for hour in hours if hour >= target)

print(count)"
E23,split-strings-by-separator,Easy,P1,meta-llama/llama-3.3-70b-instruct,stdin,lcb-stdin,1,1,1,3.35,,
E23,split-strings-by-separator,Easy,P2,meta-llama/llama-3.3-70b-instruct,stdin,lcb-stdin,1,0,0,1.57,"want='[""one"", ""two"", ""three"", ""four"", ""five"", ""six""]' got='['""one', 'two', 'three""', '""four', 'five""', '""six""'","import sys

words = input().strip()[1:-1].split(', ')
separator = input().strip()[1:-1]

result = []
for word in words:
    result.extend([s for s in word.split(separator) if s])

print(result)"
E23,split-strings-by-separator,Easy,P3,meta-llama/llama-3.3-70b-instruct,stdin,lcb-stdin,1,1,1,3.07,,
E24,faulty-keyboard,Easy,P1,meta-llama/llama-3.3-70b-instruct,stdin,lcb-stdin,1,0,0,2.39,"want='""rtsng""' got='rts""ng""'","s = input()
result = """"
for char in s:
    if char == 'i':
        result = result[::-1]
    else:
        result += char
print(result)"
E24,faulty-keyboard,Easy,P2,meta-llama/llama-3.3-70b-instruct,stdin,lcb-stdin,1,0,0,2.26,"want='""rtsng""' got='rts""ng""'","s = input()
result = """"
for char in s:
    if char == 'i':
        result = result[::-1]
    else:
        result += char
print(result)"
E24,faulty-keyboard,Easy,P3,meta-llama/llama-3.3-70b-instruct,stdin,lcb-stdin,1,0,0,1.14,"want='""rtsng""' got='rts""ng""'","s = input()
result = """"
for char in s:
    if char == 'i':
        result = result[::-1]
    else:
        result += char
print(result)"
E25,check-if-array-is-good,Easy,P1,meta-llama/llama-3.3-70b-instruct,stdin,lcb-stdin,1,1,1,21.99,,
E25,check-if-array-is-good,Easy,P2,meta-llama/llama-3.3-70b-instruct,stdin,lcb-stdin,1,1,1,8.62,,
E25,check-if-array-is-good,Easy,P3,meta-llama/llama-3.3-70b-instruct,stdin,lcb-stdin,1,0,0,4.96,want='false' got='',"import sys

def main():
    nums = list(map(int, input().split()))
    n = max(nums)
    if len(nums) != n + 1:
        print(False)
        return
    count = {}
    for num in nums:
        if num in count:
            count[num] += 1
        else:
            count[num] = 1
    for i in range(1, n):
        if i not in count or count[i] != 1:
            print(False)
            return
    if n not in count or count[n] != 2:
        print(False)
        return
    print(True)

if __name__ == ""__main__"":
    main()"
E26,max-pair-sum-in-an-array,Easy,P1,meta-llama/llama-3.3-70b-instruct,stdin,lcb-stdin,1,1,1,3.51,,
E26,max-pair-sum-in-an-array,Easy,P2,meta-llama/llama-3.3-70b-instruct,stdin,lcb-stdin,1,0,0,2.74,want='88' got='',"import sys

def max_digit(n):
    return max(int(digit) for digit in str(n))

nums = list(map(int, input().split()))
max_sum = -1

for i in range(len(nums)):
    for j in range(i + 1, len(nums)):
        if max_digit(nums[i]) == max_digit(nums[j]):
            max_sum = max(max_sum, nums[i] + nums[j])

print(max_sum)"
E26,max-pair-sum-in-an-array,Easy,P3,meta-llama/llama-3.3-70b-instruct,stdin,lcb-stdin,1,0,0,11.0,want='88' got='',"import sys

def max_digit(n):
    return max(int(digit) for digit in str(n))

nums = list(map(int, input().split()))

max_sum = -1
for i in range(len(nums)):
    for j in range(i + 1, len(nums)):
        if max_digit(nums[i]) == max_digit(nums[j]):
            max_sum = max(max_sum, nums[i] + nums[j])

print(max_sum)"
E27,count-pairs-whose-sum-is-less-than-target,Easy,P1,meta-llama/llama-3.3-70b-instruct,stdin,lcb-stdin,1,1,1,3.36,,
E27,count-pairs-whose-sum-is-less-than-target,Easy,P2,meta-llama/llama-3.3-70b-instruct,stdin,lcb-stdin,1,1,1,3.03,,
E27,count-pairs-whose-sum-is-less-than-target,Easy,P3,meta-llama/llama-3.3-70b-instruct,stdin,lcb-stdin,1,0,0,27.71,want='3' got='',"import sys

def main():
    nums = list(map(int, input().split()))
    target = int(input())
    count = 0
    for i in range(len(nums)):
        for j in range(i + 1, len(nums)):
            if nums[i] + nums[j] < target:
                count += 1
    print(count)

if __name__ == ""__main__"":
    main()"
E28,account-balance-after-rounded-purchase,Easy,P1,meta-llama/llama-3.3-70b-instruct,stdin,lcb-stdin,1,1,1,2.88,,
E28,account-balance-after-rounded-purchase,Easy,P2,meta-llama/llama-3.3-70b-instruct,stdin,lcb-stdin,1,0,0,1.67,want='80' got='90',"import sys

purchaseAmount = int(input())

roundedAmount = (purchaseAmount + 4) // 10 * 10
accountBalance = 100 - roundedAmount

print(accountBalance)"
E28,account-balance-after-rounded-purchase,Easy,P3,meta-llama/llama-3.3-70b-instruct,stdin,lcb-stdin,1,1,1,1.05,,
E29,check-if-a-string-is-an-acronym-of-words,Easy,P1,meta-llama/llama-3.3-70b-instruct,stdin,lcb-stdin,1,1,1,2.63,,
E29,check-if-a-string-is-an-acronym-of-words,Easy,P2,meta-llama/llama-3.3-70b-instruct,stdin,lcb-stdin,1,0,0,4.33,want='true' got='False',"import sys

words = input().strip().split()
s = input().strip()

acronym = ''.join(word[0] for word in words)

print(acronym == s)"
E29,check-if-a-string-is-an-acronym-of-words,Easy,P3,meta-llama/llama-3.3-70b-instruct,stdin,lcb-stdin,1,0,0,3.04,want='true' got='False',"import sys

words = input().strip().split()
s = input().strip()

acronym = ''.join(word[0] for word in words)

print(acronym == s)"
E30,count-symmetric-integers,Easy,P1,meta-llama/llama-3.3-70b-instruct,stdin,lcb-stdin,1,1,1,8.53,,
E30,count-symmetric-integers,Easy,P2,meta-llama/llama-3.3-70b-instruct,stdin,lcb-stdin,1,1,1,7.47,,
E30,count-symmetric-integers,Easy,P3,meta-llama/llama-3.3-70b-instruct,stdin,lcb-stdin,1,1,1,26.12,,
E31,check-if-strings-can-be-made-equal-with-operations-i,Easy,P1,meta-llama/llama-3.3-70b-instruct,stdin,lcb-stdin,1,0,0,2.72,want='false' got='True',"from collections import Counter

s1 = input()
s2 = input()

print(Counter(s1) == Counter(s2) and (s1[0] == s2[0] or s1[1] == s2[1] or s1[2] == s2[2] or s1[3] == s2[3]))"
E31,check-if-strings-can-be-made-equal-with-operations-i,Easy,P2,meta-llama/llama-3.3-70b-instruct,stdin,lcb-stdin,1,0,0,20.23,want='false' got='True',"from collections import Counter

s1 = input()
s2 = input()

print(Counter(s1) == Counter(s2) and (s1[0] == s2[0] or s1[1] == s2[1] or s1[2] == s2[2] or s1[3] == s2[3]))"
E31,check-if-strings-can-be-made-equal-with-operations-i,Easy,P3,meta-llama/llama-3.3-70b-instruct,stdin,lcb-stdin,1,0,0,34.35,want='true' got='False',"from collections import Counter

s1 = input()
s2 = input()

print(Counter(s1) == Counter(s2) and (s1[0] == s2[0] and s1[3] == s2[3] or s1[0] == s2[2] and s1[3] == s2[1] or s1[0] == s2[1] and s1[3] == s2[2]))"
E32,furthest-point-from-origin,Easy,P1,meta-llama/llama-3.3-70b-instruct,stdin,lcb-stdin,1,0,0,3.58,want='3' got='5',"import sys

moves = input().strip()

left = moves.count('L')
right = moves.count('R')
wildcard = moves.count('_')

print(max(left + wildcard, right + wildcard))"
E32,furthest-point-from-origin,Easy,P2,meta-llama/llama-3.3-70b-instruct,stdin,lcb-stdin,1,0,0,34.87,want='3' got='5',"import sys

moves = input().strip()

def calculate_distance(moves):
    max_distance = 0
    for i in range(2**moves.count('_')):
        binary_string = bin(i)[2:].zfill(moves.count('_'))
        modified_moves = list(moves)
        underscore_index = 0
        for j in range(len(modified_moves)):
            if modified_moves[j] == '_':
                modified_moves[j] = 'R' if binary_string[underscore_index] == '1' else 'L'
                underscore_index += 1
        position = 0
        for move in modified_moves:
            if move == 'R':
                position += 1
            else:
                position -= 1
        max_distance = max(max_distance, abs(position))
    return max_distance

print(calculate_distance(moves))"
E32,furthest-point-from-origin,Easy,P3,meta-llama/llama-3.3-70b-instruct,stdin,lcb-stdin,1,1,1,15.14,,
E33,points-that-intersect-with-cars,Easy,P1,meta-llama/llama-3.3-70b-instruct,stdin,lcb-stdin,1,0,0,3.73,want='7' got='',"import sys

def main():
    nums = []
    for line in sys.stdin:
        nums = [list(map(int, x.split(','))) for x in line.strip()[2:-2].split('],[')]
        break

    points = set()
    for start, end in nums:
        for point in range(start, end + 1):
            points.add(point)

    print(len(points))

if __name__ == ""__main__"":
    main()"
E33,points-that-intersect-with-cars,Easy,P2,meta-llama/llama-3.3-70b-instruct,stdin,lcb-stdin,1,0,0,4.72,want='7' got='',"import sys

def main():
    nums = []
    for line in sys.stdin:
        nums = [list(map(int, x.split(','))) for x in line.strip()[2:-2].split('],[')]
        break

    points = set()
    for start, end in nums:
        for point in range(start, end + 1):
            points.add(point)

    print(len(points))

if __name__ == ""__main__"":
    main()"
E33,points-that-intersect-with-cars,Easy,P3,meta-llama/llama-3.3-70b-instruct,stdin,lcb-stdin,1,0,0,6.07,want='7' got='',"import sys

def main():
    nums = []
    for line in sys.stdin:
        nums = [list(map(int, x.split(','))) for x in line.strip()[2:-2].split('],[')]
        break

    points = set()
    for start, end in nums:
        for point in range(start, end + 1):
            points.add(point)

    print(len(points))

if __name__ == ""__main__"":
    main()"
E34,minimum-operations-to-collect-elements,Easy,P1,meta-llama/llama-3.3-70b-instruct,stdin,lcb-stdin,1,0,0,2.91,want='4' got='',"import sys

def main():
    nums = list(map(int, input().split()))
    k = int(input())
    collected = set()
    operations = 0
    for num in reversed(nums):
        operations += 1
        if num <= k:
            collected.add(num)
        if len(collected) == k:
            break
    print(operations)

if __name__ == ""__main__"":
    main()"
E34,minimum-operations-to-collect-elements,Easy,P2,meta-llama/llama-3.3-70b-instruct,stdin,lcb-stdin,1,0,0,3.2,want='4' got='',"import sys

def main():
    nums = list(map(int, input().split()))
    k = int(input())
    collected = set()
    operations = 0
    for num in reversed(nums):
        operations += 1
        if num <= k:
            collected.add(num)
        if len(collected) == k:
            break
    print(operations)

if __name__ == ""__main__"":
    main()"
E34,minimum-operations-to-collect-elements,Easy,P3,meta-llama/llama-3.3-70b-instruct,stdin,lcb-stdin,1,0,0,8.6,want='4' got='',"import sys

def main():
    nums = list(map(int, input().split()))
    k = int(input())
    collected = set()
    operations = 0
    for num in reversed(nums):
        operations += 1
        if num <= k:
            collected.add(num)
        if len(collected) == k:
            break
    print(operations)

if __name__ == ""__main__"":
    main()"
E35,minimum-right-shifts-to-sort-the-array,Easy,P1,meta-llama/llama-3.3-70b-instruct,stdin,lcb-stdin,1,1,1,2.6,,
E35,minimum-right-shifts-to-sort-the-array,Easy,P2,meta-llama/llama-3.3-70b-instruct,stdin,lcb-stdin,1,0,0,1.6,want='2' got='3',"import sys

def main():
    nums = list(map(int, input().strip()[1:-1].split(', ')))
    n = len(nums)
    min_val = min(nums)
    min_idx = nums.index(min_val)

    for i in range(n):
        if nums[(min_idx + i) % n] != min_val + i:
            print(-1)
            return

    print(min_idx)

if __name__ == ""__main__"":
    main()"
E35,minimum-right-shifts-to-sort-the-array,Easy,P3,meta-llama/llama-3.3-70b-instruct,stdin,lcb-stdin,1,0,0,8.07,want='2' got='3',"import sys

def main():
    nums = list(map(int, input().strip()[1:-1].split(', ')))
    n = len(nums)
    min_val = min(nums)
    min_idx = nums.index(min_val)

    for i in range(n):
        if nums[(min_idx + i) % n] != min_val + i:
            print(-1)
            return

    print(min_idx)

if __name__ == ""__main__"":
    main()"
E36,maximum-odd-binary-number,Easy,P1,meta-llama/llama-3.3-70b-instruct,stdin,lcb-stdin,1,0,0,2.15,"want='""001""' got='00001'","s = input()
ones = s.count('1')
zeros = len(s) - ones
result = '1' * (ones - 1) + '0' * zeros + '1'
print(result)"
E36,maximum-odd-binary-number,Easy,P2,meta-llama/llama-3.3-70b-instruct,stdin,lcb-stdin,1,0,0,1.44,"want='""001""' got='001'","import sys

s = input()
ones = s.count('1')
zeros = s.count('0')

print('1' * (ones - 1) + '0' * zeros + '1')"
E36,maximum-odd-binary-number,Easy,P3,meta-llama/llama-3.3-70b-instruct,stdin,lcb-stdin,1,0,0,2.95,"want='""001""' got='001'","import sys

s = input()
ones = s.count('1')
zeros = s.count('0')

result = '1' * (ones - 1) + '0' * zeros + '1'
print(result)"
E37,sum-of-values-at-indices-with-k-set-bits,Easy,P1,meta-llama/llama-3.3-70b-instruct,stdin,lcb-stdin,1,0,0,3.38,want='13' got='',"import sys

def count_set_bits(n):
    count = 0
    while n:
        count += n & 1
        n >>= 1
    return count

nums = list(map(int, input().split()))
k = int(input())

total_sum = 0
for i, num in enumerate(nums):
    if count_set_bits(i) == k:
        total_sum += num

print(total_sum)"
E37,sum-of-values-at-indices-with-k-set-bits,Easy,P2,meta-llama/llama-3.3-70b-instruct,stdin,lcb-stdin,1,0,0,8.59,want='13' got='',"import sys

def count_set_bits(n):
    count = 0
    while n:
        count += n & 1
        n >>= 1
    return count

nums = list(map(int, input().split()))
k = int(input())

total_sum = 0
for i, num in enumerate(nums):
    if count_set_bits(i) == k:
        total_sum += num

print(total_sum)"
E37,sum-of-values-at-indices-with-k-set-bits,Easy,P3,meta-llama/llama-3.3-70b-instruct,stdin,lcb-stdin,1,0,0,3.46,want='13' got='',"import sys

def count_set_bits(n):
    """"""Count the number of set bits in the binary representation of n.""""""
    count = 0
    while n:
        count += n & 1
        n >>= 1
    return count

nums = list(map(int, input().split()))
k = int(input())

total = 0
for i, num in enumerate(nums):
    if count_set_bits(i) == k:
        total += num

print(total)"
E38,maximum-value-of-an-ordered-triplet-i,Easy,P1,meta-llama/llama-3.3-70b-instruct,stdin,lcb-stdin,1,0,0,3.2,want='77' got='',"import sys

def main():
    nums = list(map(int, input().split()))
    max_value = float('-inf')
    for i in range(len(nums)):
        for j in range(i + 1, len(nums)):
            for k in range(j + 1, len(nums)):
                value = (nums[i] - nums[j]) * nums[k]
                max_value = max(max_value, value)
    print(max(max_value, 0))

if __name__ == ""__main__"":
    main()"
E38,maximum-value-of-an-ordered-triplet-i,Easy,P2,meta-llama/llama-3.3-70b-instruct,stdin,lcb-stdin,1,0,0,5.07,want='77' got='',"import sys

def main():
    nums = list(map(int, input().split()))
    max_value = float('-inf')
    for i in range(len(nums)):
        for j in range(i + 1, len(nums)):
            for k in range(j + 1, len(nums)):
                value = (nums[i] - nums[j]) * nums[k]
                max_value = max(max_value, value)
    print(max(max_value, 0))

if __name__ == ""__main__"":
    main()"
E38,maximum-value-of-an-ordered-triplet-i,Easy,P3,meta-llama/llama-3.3-70b-instruct,stdin,lcb-stdin,1,0,0,3.21,want='77' got='',"import sys

def main():
    nums = list(map(int, input().split()))
    max_value = float('-inf')
    for i in range(len(nums)):
        for j in range(i + 1, len(nums)):
            for k in range(j + 1, len(nums)):
                value = (nums[i] - nums[j]) * nums[k]
                if value > max_value:
                    max_value = value
    print(max(max_value, 0))

if __name__ == ""__main__"":
    main()"
E39,subarrays-distinct-element-sum-of-squares-i,Easy,P1,meta-llama/llama-3.3-70b-instruct,stdin,lcb-stdin,1,0,0,6.73,want='15' got='',"import sys

def main():
    nums = list(map(int, input().split()))
    total_sum = 0
    for i in range(len(nums)):
        for j in range(i, len(nums)):
            subarray = nums[i:j+1]
            distinct_count = len(set(subarray))
            total_sum += distinct_count ** 2
    print(total_sum)

if __name__ == ""__main__"":
    main()"
E39,subarrays-distinct-element-sum-of-squares-i,Easy,P2,meta-llama/llama-3.3-70b-instruct,stdin,lcb-stdin,1,0,0,2.93,want='15' got='',"import sys

def main():
    nums = list(map(int, input().split()))
    total_sum = 0
    for i in range(len(nums)):
        for j in range(i, len(nums)):
            subarray = nums[i:j+1]
            distinct_count = len(set(subarray))
            total_sum += distinct_count ** 2
    print(total_sum)

if __name__ == ""__main__"":
    main()"
E39,subarrays-distinct-element-sum-of-squares-i,Easy,P3,meta-llama/llama-3.3-70b-instruct,stdin,lcb-stdin,1,0,0,5.21,want='15' got='',"import sys

def main():
    nums = list(map(int, input().split()))
    total_sum = 0

    for i in range(len(nums)):
        for j in range(i, len(nums)):
            subarray = nums[i:j+1]
            distinct_count = len(set(subarray))
            total_sum += distinct_count ** 2

    print(total_sum)

if __name__ == ""__main__"":
    main()"
E40,last-visited-integers,Easy,P1,meta-llama/llama-3.3-70b-instruct,stdin,lcb-stdin,1,0,0,3.74,"want='[2, 1, -1]' got=''","import sys

def main():
    words = input().split()
    nums = []
    result = []
    for word in words:
        if word == ""prev"":
            k = 1
            i = len(result) - 1
            while i >= 0 and words[i] == ""prev"":
                k += 1
                i -= 1
            if k > len(nums):
                result.append(-1)
            else:
                result.append(nums[-k])
        else:
            nums.append(int(word))
    print(result)

if __name__ == ""__main__"":
    main()"
E40,last-visited-integers,Easy,P2,meta-llama/llama-3.3-70b-instruct,stdin,lcb-stdin,1,0,0,6.53,"want='[2, 1, -1]' got=''","import sys

def main():
    words = input().split()
    nums = []
    result = []

    for word in words:
        if word == ""prev"":
            k = 1
            i = len(words) - 1
            while i >= 0 and words[i] == ""prev"":
                k += 1
                i -= 1
            k -= 1
            if k > len(nums):
                result.append(-1)
            else:
                result.append(nums[-k])
        else:
            nums.append(int(word))

    print(*result)

if __name__ == ""__main__"":
    main()"
E40,last-visited-integers,Easy,P3,meta-llama/llama-3.3-70b-instruct,stdin,lcb-stdin,1,0,0,11.51,"want='[2, 1, -1]' got=''","import sys

def main():
    words = input().split()
    nums = []
    result = []

    for word in words:
        if word == ""prev"":
            k = 1
            while words[words.index(word) - k] == ""prev"":
                k += 1
            k -= 1
            if k < len(nums):
                result.append(nums[-k - 1])
            else:
                result.append(-1)
        else:
            nums.append(int(word))

    print(result)

if __name__ == ""__main__"":
    main()"
E41,divisible-and-non-divisible-sums-difference,Easy,P1,meta-llama/llama-3.3-70b-instruct,stdin,lcb-stdin,1,1,1,3.83,,
E41,divisible-and-non-divisible-sums-difference,Easy,P2,meta-llama/llama-3.3-70b-instruct,stdin,lcb-stdin,1,1,1,8.15,,
E41,divisible-and-non-divisible-sums-difference,Easy,P3,meta-llama/llama-3.3-70b-instruct,stdin,lcb-stdin,1,1,1,2.07,,
E42,minimum-sum-of-mountain-triplets-i,Easy,P1,meta-llama/llama-3.3-70b-instruct,stdin,lcb-stdin,1,0,0,5.33,want='9' got='',"import sys

def main():
    nums = list(map(int, input().split()))
    min_sum = float('inf')

    for i in range(len(nums) - 2):
        for j in range(i + 1, len(nums) - 1):
            for k in range(j + 1, len(nums)):
                if nums[i] < nums[j] and nums[k] < nums[j]:
                    min_sum = min(min_sum, nums[i] + nums[j] + nums[k])

    print(-1 if min_sum == float('inf') else min_sum)

if __name__ == ""__main__"":
    main()"
E42,minimum-sum-of-mountain-triplets-i,Easy,P2,meta-llama/llama-3.3-70b-instruct,stdin,lcb-stdin,1,0,0,19.83,want='9' got='',"import sys

def main():
    nums = list(map(int, input().split()))
    min_sum = float('inf')

    for i in range(len(nums) - 2):
        for j in range(i + 1, len(nums) - 1):
            for k in range(j + 1, len(nums)):
                if nums[i] < nums[j] and nums[k] < nums[j]:
                    min_sum = min(min_sum, nums[i] + nums[j] + nums[k])

    print(-1 if min_sum == float('inf') else min_sum)

if __name__ == ""__main__"":
    main()"
E42,minimum-sum-of-mountain-triplets-i,Easy,P3,meta-llama/llama-3.3-70b-instruct,stdin,lcb-stdin,1,0,0,44.61,want='9' got='',"import sys

def find_min_sum(nums):
    min_sum = float('inf')
    for i in range(len(nums) - 2):
        for j in range(i + 1, len(nums) - 1):
            for k in range(j + 1, len(nums)):
                if nums[i] < nums[j] and nums[k] < nums[j]:
                    min_sum = min(min_sum, nums[i] + nums[j] + nums[k])
    return min_sum if min_sum!= float('inf') else -1

nums = list(map(int, input().split()))
print(find_min_sum(nums))"
E43,find-the-k-or-of-an-array,Easy,P1,meta-llama/llama-3.3-70b-instruct,stdin,lcb-stdin,1,0,0,4.59,want='9' got='',"import sys

def main():
    nums = list(map(int, input().split()))
    k = int(input())

    result = 0
    for i in range(31):
        count = sum(1 for num in nums if (num >> i) & 1)
        if count >= k:
            result |= 1 << i

    print(result)

if __name__ == ""__main__"":
    main()"
E43,find-the-k-or-of-an-array,Easy,P2,meta-llama/llama-3.3-70b-instruct,stdin,lcb-stdin,1,0,0,8.66,want='9' got='',"import sys

def main():
    nums = list(map(int, input().split()))
    k = int(input())
    result = 0
    for i in range(31):
        count = sum(((num >> i) & 1) for num in nums)
        if count >= k:
            result |= (1 << i)
    print(result)

if __name__ == ""__main__"":
    main()"
E43,find-the-k-or-of-an-array,Easy,P3,meta-llama/llama-3.3-70b-instruct,stdin,lcb-stdin,1,0,0,3.34,want='9' got='',"import sys

def main():
    nums = list(map(int, input().split()))
    k = int(input())

    max_num = max(nums)
    max_bits = max_num.bit_length()

    result = 0
    for i in range(max_bits):
        count = sum(1 for num in nums if (num >> i) & 1)
        if count >= k:
            result |= 1 << i

    print(result)

if __name__ == ""__main__"":
    main()"
E44,find-champion-i,Easy,P1,meta-llama/llama-3.3-70b-instruct,stdin,lcb-stdin,1,0,0,3.54,want='0' got='',"import sys

def find_champion(grid):
    n = len(grid)
    champion = -1
    for i in range(n):
        is_champion = True
        for j in range(n):
            if i != j and grid[j][i] == 1:
                is_champion = False
                break
        if is_champion:
            champion = i
            break
    return champion

grid = []
for _ in range(int(input())):
    grid.append(list(map(int, input().split())))

print(find_champion(grid))"
E44,find-champion-i,Easy,P2,meta-llama/llama-3.3-70b-instruct,stdin,lcb-stdin,1,0,0,3.48,want='0' got='',"import sys

def find_champion(grid):
    n = len(grid)
    champion = -1
    for i in range(n):
        is_champion = True
        for j in range(n):
            if i != j and grid[j][i] == 1:
                is_champion = False
                break
        if is_champion:
            champion = i
            break
    return champion

grid = []
for _ in range(int(input())):
    grid.append(list(map(int, input().split())))

print(find_champion(grid))"
E44,find-champion-i,Easy,P3,meta-llama/llama-3.3-70b-instruct,stdin,lcb-stdin,1,0,0,17.44,want='0' got='',"import sys

def find_champion(grid):
    n = len(grid)
    champion = -1
    for i in range(n):
        is_champion = True
        for j in range(n):
            if i!= j and grid[j][i] == 1:
                is_champion = False
                break
        if is_champion:
            champion = i
            break
    return champion

grid = []
for line in sys.stdin:
    grid.append(list(map(int, line.strip().split())))

print(find_champion(grid))"
E45,maximum-strong-pair-xor-i,Easy,P1,meta-llama/llama-3.3-70b-instruct,stdin,lcb-stdin,1,0,0,4.4,want='7' got='',"import sys

def is_strong_pair(x, y):
    return abs(x - y) <= min(x, y)

nums = list(map(int, input().split()))

max_xor = 0
for i in range(len(nums)):
    for j in range(len(nums)):
        if is_strong_pair(nums[i], nums[j]):
            max_xor = max(max_xor, nums[i] ^ nums[j])

print(max_xor)"
E45,maximum-strong-pair-xor-i,Easy,P2,meta-llama/llama-3.3-70b-instruct,stdin,lcb-stdin,1,0,0,5.14,want='7' got='',"import sys

def is_strong_pair(x, y):
    return abs(x - y) <= min(x, y)

nums = list(map(int, input().split()))
max_xor = 0

for i in range(len(nums)):
    for j in range(len(nums)):
        if is_strong_pair(nums[i], nums[j]):
            max_xor = max(max_xor, nums[i] ^ nums[j])

print(max_xor)"
E45,maximum-strong-pair-xor-i,Easy,P3,meta-llama/llama-3.3-70b-instruct,stdin,lcb-stdin,1,0,0,7.37,want='7' got='',"import sys

def main():
    nums = list(map(int, input().split()))
    max_xor = 0
    for i in range(len(nums)):
        for j in range(len(nums)):
            if abs(nums[i] - nums[j]) <= min(nums[i], nums[j]):
                max_xor = max(max_xor, nums[i] ^ nums[j])
    print(max_xor)

if __name__ == ""__main__"":
    main()"
E46,find-words-containing-character,Easy,P1,meta-llama/llama-3.3-70b-instruct,stdin,lcb-stdin,1,0,0,3.24,"want='[0, 1]' got='[]'","import sys

words = input().strip().split()
x = input().strip()

result = [i for i, word in enumerate(words) if x in word]

print(result)"
E46,find-words-containing-character,Easy,P2,meta-llama/llama-3.3-70b-instruct,stdin,lcb-stdin,1,0,0,4.1,"want='[0, 1]' got='[]'","import sys

def main():
    words = input().strip().split()
    x = input().strip()
    result = [i for i, word in enumerate(words) if x in word]
    print(result)

if __name__ == ""__main__"":
    main()"
E46,find-words-containing-character,Easy,P3,meta-llama/llama-3.3-70b-instruct,stdin,lcb-stdin,1,0,0,1.95,"want='[0, 1]' got='[]'","import sys

def main():
    words = input().strip().split()
    x = input().strip()

    result = [i for i, word in enumerate(words) if x in word]
    print(result)

if __name__ == ""__main__"":
    main()"
E47,distribute-candies-among-children-i,Easy,P1,meta-llama/llama-3.3-70b-instruct,stdin,lcb-stdin,1,1,1,2.23,,
E47,distribute-candies-among-children-i,Easy,P2,meta-llama/llama-3.3-70b-instruct,stdin,lcb-stdin,1,1,1,3.33,,
E47,distribute-candies-among-children-i,Easy,P3,meta-llama/llama-3.3-70b-instruct,stdin,lcb-stdin,1,1,1,1.37,,
E48,find-common-elements-between-two-arrays,Easy,P1,meta-llama/llama-3.3-70b-instruct,stdin,lcb-stdin,1,0,0,1.78,"want='[3, 4]' got=''","import sys

def main():
    nums1 = list(map(int, input().split()))
    nums2 = list(map(int, input().split()))

    count1 = sum(1 for num in nums1 if num in nums2)
    count2 = sum(1 for num in nums2 if num in nums1)

    print([count1, count2])

if __name__ == ""__main__"":
    main()"
E48,find-common-elements-between-two-arrays,Easy,P2,meta-llama/llama-3.3-70b-instruct,stdin,lcb-stdin,1,0,0,4.51,"want='[3, 4]' got=''","import sys

def main():
    nums1 = list(map(int, input().split()))
    nums2 = list(map(int, input().split()))

    count1 = sum(1 for num in nums1 if num in nums2)
    count2 = sum(1 for num in nums2 if num in nums1)

    print([count1, count2])

if __name__ == ""__main__"":
    main()"
E48,find-common-elements-between-two-arrays,Easy,P3,meta-llama/llama-3.3-70b-instruct,stdin,lcb-stdin,1,0,0,1.95,"want='[3, 4]' got=''","import sys

def main():
    nums1 = list(map(int, input().split()))
    nums2 = list(map(int, input().split()))

    count1 = 0
    count2 = 0

    for i in range(len(nums1)):
        if nums1[i] in nums2:
            count1 += 1

    for i in range(len(nums2)):
        if nums2[i] in nums1:
            count2 += 1

    print(f""{count1} {count2}"")

if __name__ == ""__main__"":
    main()"
E49,make-three-strings-equal,Easy,P1,meta-llama/llama-3.3-70b-instruct,stdin,lcb-stdin,1,0,0,2.49,want='2' got='5',"def find_common_prefix(s1, s2, s3):
    prefix = """"
    for c1, c2, c3 in zip(s1, s2, s3):
        if c1 == c2 == c3:
            prefix += c1
        else:
            break
    return prefix

s1 = input()
s2 = input()
s3 = input()

common_prefix = find_common_prefix(s1, s2, s3)

if not common_prefix:
    print(-1)
else:
    operations = len(s1) - len(common_prefix) + len(s2) - len(common_prefix) + len(s3) - len(common_prefix)
    print(operations)"
E49,make-three-strings-equal,Easy,P2,meta-llama/llama-3.3-70b-instruct,stdin,lcb-stdin,1,0,0,4.79,want='2' got='5',"def find_common_prefix(s1, s2, s3):
    i = 0
    while i < len(s1) and i < len(s2) and i < len(s3) and s1[i] == s2[i] == s3[i]:
        i += 1
    return s1[:i]

def min_operations(s1, s2, s3):
    common_prefix = find_common_prefix(s1, s2, s3)
    if not common_prefix:
        return -1
    return (len(s1) - len(common_prefix)) + (len(s2) - len(common_prefix)) + (len(s3) - len(common_prefix))

s1 = input()
s2 = input()
s3 = input()
print(min_operations(s1, s2, s3))"
E49,make-three-strings-equal,Easy,P3,meta-llama/llama-3.3-70b-instruct,stdin,lcb-stdin,1,0,0,1.8,want='2' got='5',"def find_common_prefix(s1, s2, s3):
    prefix = """"
    for c1, c2, c3 in zip(s1, s2, s3):
        if c1 == c2 == c3:
            prefix += c1
        else:
            break
    return prefix

s1 = input()
s2 = input()
s3 = input()

min_len = min(len(s1), len(s2), len(s3))
for i in range(min_len, 0, -1):
    prefix = s1[:i]
    if prefix == s2[:i] == s3[:i]:
        print(len(s1) + len(s2) + len(s3) - 3 * i)
        break
else:
    print(-1)"
E50,count-tested-devices-after-test-operations,Easy,P1,meta-llama/llama-3.3-70b-instruct,stdin,lcb-stdin,1,1,1,6.8,,
E50,count-tested-devices-after-test-operations,Easy,P2,meta-llama/llama-3.3-70b-instruct,stdin,lcb-stdin,1,0,0,9.58,want='3' got='',"import sys

batteryPercentages = list(map(int, input().split()))
tested_devices = 0

for i in range(len(batteryPercentages)):
    if batteryPercentages[i] > 0:
        tested_devices += 1
        for j in range(i + 1, len(batteryPercentages)):
            batteryPercentages[j] = max(0, batteryPercentages[j] - 1)

print(tested_devices)"
E50,count-tested-devices-after-test-operations,Easy,P3,meta-llama/llama-3.3-70b-instruct,stdin,lcb-stdin,1,0,0,49.29,want='3' got='',"import sys

def main():
    batteryPercentages = list(map(int, input().split()))
    n = len(batteryPercentages)
    tested_devices = 0

    for i in range(n):
        if batteryPercentages[i] > 0:
            tested_devices += 1
            for j in range(i + 1, n):
                batteryPercentages[j] = max(0, batteryPercentages[j] - 1)

    print(tested_devices)

if __name__ == ""__main__"":
    main()"
E51,find-the-peaks,Easy,P1,meta-llama/llama-3.3-70b-instruct,stdin,lcb-stdin,1,0,0,2.35,want='[]' got='',"import sys

def find_peaks(mountain):
    peaks = []
    for i in range(1, len(mountain) - 1):
        if mountain[i] > mountain[i - 1] and mountain[i] > mountain[i + 1]:
            peaks.append(i)
    return peaks

mountain = list(map(int, input().split()))
peaks = find_peaks(mountain)
print(peaks)"
E51,find-the-peaks,Easy,P2,meta-llama/llama-3.3-70b-instruct,stdin,lcb-stdin,1,0,0,3.01,want='[]' got='',"import sys

def find_peaks(mountain):
    peaks = []
    for i in range(1, len(mountain) - 1):
        if mountain[i] > mountain[i - 1] and mountain[i] > mountain[i + 1]:
            peaks.append(i)
    return peaks

mountain = list(map(int, input().split()))
print(find_peaks(mountain))"
E51,find-the-peaks,Easy,P3,meta-llama/llama-3.3-70b-instruct,stdin,lcb-stdin,1,0,0,3.07,want='[]' got='',"import sys

def find_peaks(mountain):
    peaks = []
    for i in range(1, len(mountain) - 1):
        if mountain[i] > mountain[i - 1] and mountain[i] > mountain[i + 1]:
            peaks.append(i)
    return peaks

mountain = list(map(int, input().split()))
print(find_peaks(mountain))"
E52,minimum-number-game,Easy,P1,meta-llama/llama-3.3-70b-instruct,stdin,lcb-stdin,1,0,0,1.87,"want='[3, 2, 5, 4]' got=''","import sys

nums = list(map(int, input().split()))
arr = []

while nums:
    alice = min(nums)
    nums.remove(alice)
    bob = min(nums)
    nums.remove(bob)
    arr.append(bob)
    arr.append(alice)

print(*arr)"
E52,minimum-number-game,Easy,P2,meta-llama/llama-3.3-70b-instruct,stdin,lcb-stdin,1,0,0,3.14,"want='[3, 2, 5, 4]' got=''","import sys

nums = list(map(int, input().split()))
arr = []

while nums:
    alice = min(nums)
    nums.remove(alice)
    bob = min(nums)
    nums.remove(bob)
    arr.append(bob)
    arr.append(alice)

print(*arr)"
E52,minimum-number-game,Easy,P3,meta-llama/llama-3.3-70b-instruct,stdin,lcb-stdin,1,0,0,2.19,"want='[3, 2, 5, 4]' got=''","import sys

nums = list(map(int, input().split()))
arr = []

while nums:
    alice_removed = min(nums)
    nums.remove(alice_removed)
    bob_removed = min(nums)
    nums.remove(bob_removed)
    arr.append(bob_removed)
    arr.append(alice_removed)

print(*arr)"
E53,find-missing-and-repeated-values,Easy,P1,meta-llama/llama-3.3-70b-instruct,stdin,lcb-stdin,1,0,0,4.25,"want='[2, 4]' got=''","import sys

def main():
    lines = sys.stdin.readlines()
    grid = []
    for line in lines:
        grid.append(list(map(int, line.strip()[1:-1].split(', '))))

    n = len(grid)
    count = {}
    for row in grid:
        for num in row:
            if num in count:
                count[num] += 1
            else:
                count[num] = 1

    repeated = None
    missing = None
    for i in range(1, n * n + 1):
        if i not in count:
            missing = i
        elif count[i] == 2:
            repeated = i

    print([repeated, missing])

if __name__ == ""__main__"":
    main()"
E53,find-missing-and-repeated-values,Easy,P2,meta-llama/llama-3.3-70b-instruct,stdin,lcb-stdin,1,0,0,9.23,"want='[2, 4]' got=''","import sys

def main():
    grid = []
    for line in sys.stdin:
        grid.append(list(map(int, line.strip().split())))

    n = len(grid)
    count = {}
    for row in grid:
        for num in row:
            if num in count:
                count[num] += 1
            else:
                count[num] = 1

    repeated = None
    missing = None
    for i in range(1, n * n + 1):
        if i not in count:
            missing = i
        elif count[i] == 2:
            repeated = i

    print([repeated, missing])

if __name__ == ""__main__"":
    main()"
E53,find-missing-and-repeated-values,Easy,P3,meta-llama/llama-3.3-70b-instruct,stdin,lcb-stdin,1,0,0,18.9,"want='[2, 4]' got=''","import sys

def main():
    lines = sys.stdin.read().splitlines()
    grid = [list(map(int, line.strip('[]').split(', '))) for line in lines]

    n = len(grid)
    count = {}
    for row in grid:
        for num in row:
            if num in count:
                count[num] += 1
            else:
                count[num] = 1

    repeated = None
    missing = None
    for i in range(1, n * n + 1):
        if i in count and count[i] == 2:
            repeated = i
        elif i not in count:
            missing = i

    print([repeated, missing])

if __name__ == ""__main__"":
    main()"
E54,smallest-missing-integer-greater-than-sequential-prefix-sum,Easy,P1,meta-llama/llama-3.3-70b-instruct,stdin,lcb-stdin,1,0,0,8.0,want='6' got='',"import sys

def main():
    nums = list(map(int, input().split()))
    max_length = 0
    max_sum = 0
    current_length = 1
    current_sum = nums[0]

    for i in range(1, len(nums)):
        if nums[i] == nums[i - 1] + 1:
            current_length += 1
            current_sum += nums[i]
        else:
            if current_length > max_length:
                max_length = current_length
                max_sum = current_sum
            current_length = 1
            current_sum = nums[i]

    if current_length > max_length:
        max_length = current_length
        max_sum = current_sum

    missing_integer = max_sum
    while missing_integer in nums:
        missing_integer += 1

    print(missing_integer)

if __name__ == ""__main__"":
    main()"
E54,smallest-missing-integer-greater-than-sequential-prefix-sum,Easy,P2,meta-llama/llama-3.3-70b-instruct,stdin,lcb-stdin,1,0,0,6.24,want='6' got='',"import sys

def find_longest_sequential_prefix(nums):
    max_length = 1
    max_prefix_sum = nums[0]
    current_length = 1
    current_prefix_sum = nums[0]
    
    for i in range(1, len(nums)):
        if nums[i] == nums[i - 1] + 1:
            current_length += 1
            current_prefix_sum += nums[i]
        else:
            if current_length > max_length:
                max_length = current_length
                max_prefix_sum = current_prefix_sum
            current_length = 1
            current_prefix_sum = nums[i]
    
    if current_length > max_length:
        max_length = current_length
        max_prefix_sum = current_prefix_sum
    
    return max_prefix_sum

def find_smallest_missing_integer(nums, target):
    num_set = set(nums)
    while target in num_set:
        target += 1
    return target

nums = list(map(int, input().split()))
max_prefix_sum = find_longest_sequential_prefix(nums)
smallest_missing_integer = find_smallest_missing_integer(nums, max_prefix_sum)
print(smallest_missing_integer)"
E54,smallest-missing-integer-greater-than-sequential-prefix-sum,Easy,P3,meta-llama/llama-3.3-70b-instruct,stdin,lcb-stdin,1,0,0,9.8,want='6' got='',"import sys

def find_longest_sequential_prefix(nums):
    max_length = 1
    max_prefix_sum = nums[0]
    current_length = 1
    current_prefix_sum = nums[0]

    for i in range(1, len(nums)):
        if nums[i] == nums[i - 1] + 1:
            current_length += 1
            current_prefix_sum += nums[i]
        else:
            if current_length > max_length:
                max_length = current_length
                max_prefix_sum = current_prefix_sum
            current_length = 1
            current_prefix_sum = nums[i]

    if current_length > max_length:
        max_length = current_length
        max_prefix_sum = current_prefix_sum

    return max_prefix_sum

def find_smallest_missing_integer(nums, target):
    num_set = set(nums)
    while target not in num_set:
        if target not in num_set:
            return target
        target += 1

nums = list(map(int, input().split(',')))
max_prefix_sum = find_longest_sequential_prefix(nums)
smallest_missing_integer = find_smallest_missing_integer(nums, max_prefix_sum)
print(smallest_missing_integer)"
E55,count-elements-with-maximum-frequency,Easy,P1,meta-llama/llama-3.3-70b-instruct,stdin,lcb-stdin,1,0,0,2.74,want='4' got='',"import sys

nums = list(map(int, input().split()))

freq = {}
for num in nums:
    if num in freq:
        freq[num] += 1
    else:
        freq[num] = 1

max_freq = max(freq.values())

count = 0
for num in freq:
    if freq[num] == max_freq:
        count += freq[num]

print(count)"
E55,count-elements-with-maximum-frequency,Easy,P2,meta-llama/llama-3.3-70b-instruct,stdin,lcb-stdin,1,0,0,1.63,want='4' got='',"from collections import Counter

nums = list(map(int, input().split()))

freq = Counter(nums)
max_freq = max(freq.values())
count = sum(freq[x] for x in freq if freq[x] == max_freq)

print(count)"
E55,count-elements-with-maximum-frequency,Easy,P3,meta-llama/llama-3.3-70b-instruct,stdin,lcb-stdin,1,0,0,4.73,want='4' got='',"from collections import Counter

nums = list(map(int, input().split()))

# Count the frequency of each element
freq = Counter(nums)

# Find the maximum frequency
max_freq = max(freq.values())

# Count the total frequencies of elements with maximum frequency
total_freq = sum(freq[x] for x in freq if freq[x] == max_freq)

print(total_freq)"
E56,check-if-bitwise-or-has-trailing-zeros,Easy,P1,meta-llama/llama-3.3-70b-instruct,stdin,lcb-stdin,1,1,1,7.98,,
E56,check-if-bitwise-or-has-trailing-zeros,Easy,P2,meta-llama/llama-3.3-70b-instruct,stdin,lcb-stdin,1,1,1,18.31,,
E56,check-if-bitwise-or-has-trailing-zeros,Easy,P3,meta-llama/llama-3.3-70b-instruct,stdin,lcb-stdin,1,1,1,3.71,,
E57,maximum-area-of-longest-diagonal-rectangle,Easy,P1,meta-llama/llama-3.3-70b-instruct,stdin,lcb-stdin,1,0,0,2.87,want='48' got='',"import sys
import math

def main():
    dimensions = []
    for line in sys.stdin:
        dimensions = [list(map(int, x.split(','))) for x in line.strip()[2:-2].split('],[')]
        break

    max_diagonal = 0
    max_area = 0
    for length, width in dimensions:
        diagonal = math.sqrt(length * length + width * width)
        if diagonal > max_diagonal:
            max_diagonal = diagonal
            max_area = length * width
        elif diagonal == max_diagonal:
            max_area = max(max_area, length * width)

    print(max_area)

if __name__ == ""__main__"":
    main()"
E57,maximum-area-of-longest-diagonal-rectangle,Easy,P2,meta-llama/llama-3.3-70b-instruct,stdin,lcb-stdin,1,0,0,7.43,want='48' got='',"import math
import sys

def main():
    dimensions = []
    for line in sys.stdin:
        dimensions = [list(map(int, x.split(','))) for x in line.strip()[2:-2].split('],[')]
        break

    max_diagonal = 0
    max_area = 0
    for length, width in dimensions:
        diagonal = math.sqrt(length * length + width * width)
        if diagonal > max_diagonal:
            max_diagonal = diagonal
            max_area = length * width
        elif diagonal == max_diagonal:
            max_area = max(max_area, length * width)

    print(max_area)

if __name__ == ""__main__"":
    main()"
E57,maximum-area-of-longest-diagonal-rectangle,Easy,P3,meta-llama/llama-3.3-70b-instruct,stdin,lcb-stdin,1,0,0,9.29,want='48' got='',"import math
import sys

# Read input from stdin
input_str = sys.stdin.read()
# Parse input into a 2D list of integers
dimensions = [list(map(int, line.split())) for line in input_str.strip().splitlines()]

# Initialize variables to store the maximum diagonal length and the corresponding area
max_diagonal_length = 0
max_area = 0

# Iterate over each rectangle in the input
for length, width in dimensions:
    # Calculate the diagonal length of the current rectangle
    diagonal_length = math.sqrt(length ** 2 + width ** 2)
    
    # If the current rectangle has a longer diagonal than the previous maximum, update the maximum
    if diagonal_length > max_diagonal_length:
        max_diagonal_length = diagonal_length
        max_area = length * width
    # If the current rectangle has the same diagonal length as the previous maximum, update the maximum area if necessary
    elif diagonal_length == max_diagonal_length:
        max_area = max(max_area, length * width)

# Print the maximum area
print(max_area)"
E58,count-the-number-of-incremovable-subarrays-i,Easy,P1,meta-llama/llama-3.3-70b-instruct,stdin,lcb-stdin,1,1,1,5.88,,
E58,count-the-number-of-incremovable-subarrays-i,Easy,P2,meta-llama/llama-3.3-70b-instruct,stdin,lcb-stdin,1,0,0,5.01,want='10' got='',"def is_increasing(arr):
    return all(arr[i] < arr[i+1] for i in range(len(arr)-1))

def count_incremovable_subarrays(nums):
    count = 0
    for length in range(1, len(nums) + 1):
        for i in range(len(nums) - length + 1):
            subarray = nums[i:i+length]
            new_array = nums[:i] + nums[i+length:]
            if is_increasing(new_array):
                count += 1
    return count

import sys
nums = list(map(int, input().split()))
print(count_incremovable_subarrays(nums))"
E58,count-the-number-of-incremovable-subarrays-i,Easy,P3,meta-llama/llama-3.3-70b-instruct,stdin,lcb-stdin,1,0,0,12.02,want='10' got='',"def is_increasing(arr):
    return all(arr[i] < arr[i+1] for i in range(len(arr)-1))

def count_incremovable_subarrays(nums):
    count = 0
    for i in range(len(nums)):
        for j in range(i, len(nums)):
            subarray = nums[i:j+1]
            remaining_array = nums[:i] + nums[j+1:]
            if is_increasing(remaining_array):
                count += 1
    return count

nums = list(map(int, input().split()))
print(count_incremovable_subarrays(nums))"
E59,divide-an-array-into-subarrays-with-minimum-cost-i,Easy,P1,meta-llama/llama-3.3-70b-instruct,stdin,lcb-stdin,1,0,0,4.01,want='6' got='',"import sys

def min_cost(nums):
    n = len(nums)
    min_cost = float('inf')
    for i in range(1, n-1):
        for j in range(i+1, n):
            cost = nums[0] + nums[i] + nums[j]
            min_cost = min(min_cost, cost)
    return min_cost

nums = list(map(int, input().split()))
print(min_cost(nums))"
E59,divide-an-array-into-subarrays-with-minimum-cost-i,Easy,P2,meta-llama/llama-3.3-70b-instruct,stdin,lcb-stdin,1,0,0,3.25,want='6' got='',"import sys

def min_cost(nums):
    n = len(nums)
    min_cost = float('inf')
    for i in range(1, n-1):
        for j in range(i+1, n):
            cost = nums[0] + nums[i] + nums[j]
            min_cost = min(min_cost, cost)
    return min_cost

nums = list(map(int, input().split()))
print(min_cost(nums))"
E59,divide-an-array-into-subarrays-with-minimum-cost-i,Easy,P3,meta-llama/llama-3.3-70b-instruct,stdin,lcb-stdin,1,0,0,2.94,want='6' got='',"import sys

def min_cost(nums):
    n = len(nums)
    min_cost = float('inf')
    for i in range(1, n-1):
        for j in range(i+1, n):
            cost = nums[0] + nums[i] + nums[j]
            min_cost = min(min_cost, cost)
    return min_cost

nums = list(map(int, input().split()))
print(min_cost(nums))"
E60,count-prefix-and-suffix-pairs-i,Easy,P1,meta-llama/llama-3.3-70b-instruct,stdin,lcb-stdin,1,0,0,4.21,want='4' got='0',"def isPrefixAndSuffix(str1, str2):
    return str2.startswith(str1) and str2.endswith(str1)

words = input().split()
count = 0
for i in range(len(words)):
    for j in range(i + 1, len(words)):
        if isPrefixAndSuffix(words[i], words[j]):
            count += 1
print(count)"
E60,count-prefix-and-suffix-pairs-i,Easy,P2,meta-llama/llama-3.3-70b-instruct,stdin,lcb-stdin,1,0,0,4.32,want='4' got='0',"def is_prefix_and_suffix(str1, str2):
    return str2.startswith(str1) and str2.endswith(str1)

words = input().split()
count = 0
for i in range(len(words)):
    for j in range(i + 1, len(words)):
        if is_prefix_and_suffix(words[i], words[j]):
            count += 1
print(count)"
E60,count-prefix-and-suffix-pairs-i,Easy,P3,meta-llama/llama-3.3-70b-instruct,stdin,lcb-stdin,1,0,0,7.61,want='4' got='0',"import sys

def isPrefixAndSuffix(str1, str2):
    return str2.startswith(str1) and str2.endswith(str1)

words = input().split()
count = 0

for i in range(len(words)):
    for j in range(i + 1, len(words)):
        if isPrefixAndSuffix(words[i], words[j]):
            count += 1

print(count)"
E61,ant-on-the-boundary,Easy,P1,meta-llama/llama-3.3-70b-instruct,stdin,lcb-stdin,1,0,0,2.28,want='1' got='',"import sys

nums = list(map(int, input().strip().split()))
position = 0
count = 0

for num in nums:
    position += num
    if position == 0:
        count += 1

print(count)"
E61,ant-on-the-boundary,Easy,P2,meta-llama/llama-3.3-70b-instruct,stdin,lcb-stdin,1,0,0,2.76,want='1' got='',"import sys

def main():
    nums = list(map(int, input().strip().split()))
    position = 0
    count = 0
    for num in nums:
        position += num
        if position == 0:
            count += 1
    print(count)

if __name__ == ""__main__"":
    main()"
E61,ant-on-the-boundary,Easy,P3,meta-llama/llama-3.3-70b-instruct,stdin,lcb-stdin,1,0,0,3.61,want='1' got='',"import sys

def main():
    nums = list(map(int, input().split()))
    position = 0
    count = 0
    for num in nums:
        position += num
        if position == 0:
            count += 1
    print(count)

if __name__ == ""__main__"":
    main()"
E62,number-of-changing-keys,Easy,P1,meta-llama/llama-3.3-70b-instruct,stdin,lcb-stdin,1,0,0,2.09,want='2' got='4',"s = input()
count = 0
for i in range(1, len(s)):
    if s[i].lower() != s[i-1].lower():
        count += 1
print(count)"
E62,number-of-changing-keys,Easy,P2,meta-llama/llama-3.3-70b-instruct,stdin,lcb-stdin,1,0,0,2.54,want='2' got='4',"s = input()
count = 0
for i in range(1, len(s)):
    if s[i].lower() != s[i-1].lower():
        count += 1
print(count)"
E62,number-of-changing-keys,Easy,P3,meta-llama/llama-3.3-70b-instruct,stdin,lcb-stdin,1,0,0,9.83,want='2' got='4',"s = input()
count = 0
for i in range(1, len(s)):
    if s[i].lower() != s[i-1].lower():
        count += 1
print(count)"
E63,maximum-number-of-operations-with-the-same-score-i,Easy,P1,meta-llama/llama-3.3-70b-instruct,stdin,lcb-stdin,1,1,1,2.49,,
E63,maximum-number-of-operations-with-the-same-score-i,Easy,P2,meta-llama/llama-3.3-70b-instruct,stdin,lcb-stdin,1,1,1,5.02,,
E63,maximum-number-of-operations-with-the-same-score-i,Easy,P3,meta-llama/llama-3.3-70b-instruct,stdin,lcb-stdin,1,0,0,8.35,want='2' got='',"import sys

def main():
    nums = list(map(int, input().split()))
    max_operations = 0

    for i in range(len(nums) - 1):
        score = nums[i] + nums[i + 1]
        operations = 1
        j = i + 2

        while j < len(nums) - 1:
            if nums[j] + nums[j + 1] == score:
                operations += 1
                j += 2
            else:
                break

        max_operations = max(max_operations, operations)

    print(max_operations)

if __name__ == ""__main__"":
    main()"
E64,split-the-array,Easy,P1,meta-llama/llama-3.3-70b-instruct,stdin,lcb-stdin,1,1,1,14.73,,
E64,split-the-array,Easy,P2,meta-llama/llama-3.3-70b-instruct,stdin,lcb-stdin,1,1,1,1.4,,
E64,split-the-array,Easy,P3,meta-llama/llama-3.3-70b-instruct,stdin,lcb-stdin,1,0,0,8.5,want='true' got='False',"import sys

def can_split(nums):
    count = {}
    for num in nums:
        if num in count:
            count[num] += 1
        else:
            count[num] = 1

    nums1_count = 0
    nums2_count = 0
    for key, value in count.items():
        if value == 1:
            nums1_count += 1
        elif value == 2:
            nums1_count += 1
            nums2_count += 1
        else:
            if nums1_count < len(nums) // 2:
                nums1_count += 1
                value -= 1
            if nums2_count < len(nums) // 2 and value > 1:
                nums2_count += 1
                value -= 1
            if nums1_count < len(nums) // 2 and value > 0:
                nums1_count += 1
            if nums2_count < len(nums) // 2 and value > 0:
                nums2_count += 1

    return nums1_count == len(nums) // 2 and nums2_count == len(nums) // 2

nums = list(map(int, input().strip('[]').split(', ')))
print(can_split(nums))"
E65,minimum-operations-to-exceed-threshold-value-i,Easy,P1,meta-llama/llama-3.3-70b-instruct,stdin,lcb-stdin,1,0,0,2.51,want='3' got='',"import sys

def main():
    nums = list(map(int, input().split()))
    k = int(input())
    nums.sort()
    count = 0
    for num in nums:
        if num < k:
            count += 1
        else:
            break
    print(count)

if __name__ == ""__main__"":
    main()"
E65,minimum-operations-to-exceed-threshold-value-i,Easy,P2,meta-llama/llama-3.3-70b-instruct,stdin,lcb-stdin,1,0,0,3.22,want='3' got='',"import sys

nums = list(map(int, input().split()))
k = int(input())

nums.sort()

count = 0
for num in nums:
    if num < k:
        count += 1
    else:
        break

print(count)"
E65,minimum-operations-to-exceed-threshold-value-i,Easy,P3,meta-llama/llama-3.3-70b-instruct,stdin,lcb-stdin,1,0,0,2.9,want='3' got='',"import sys

def main():
    nums = list(map(int, input().split()))
    k = int(input())

    nums.sort()
    operations = 0

    for num in nums:
        if num < k:
            operations += 1
        else:
            break

    print(operations)

if __name__ == ""__main__"":
    main()"
E66,distribute-elements-into-two-arrays-i,Easy,P1,meta-llama/llama-3.3-70b-instruct,stdin,lcb-stdin,1,0,0,10.7,"want='[2, 3, 1]' got=''","import sys

def main():
    nums = list(map(int, input().split()))
    arr1 = [nums[0]]
    arr2 = [nums[1]]

    for i in range(2, len(nums)):
        if arr1[-1] > arr2[-1]:
            arr1.append(nums[i])
        else:
            arr2.append(nums[i])

    result = arr1 + arr2
    print(*result)

if __name__ == ""__main__"":
    main()"
E66,distribute-elements-into-two-arrays-i,Easy,P2,meta-llama/llama-3.3-70b-instruct,stdin,lcb-stdin,1,0,0,3.55,"want='[2, 3, 1]' got=''","import sys

def main():
    nums = list(map(int, input().split()))
    arr1 = [nums[0]]
    arr2 = [nums[1]]

    for i in range(2, len(nums)):
        if arr1[-1] > arr2[-1]:
            arr1.append(nums[i])
        else:
            arr2.append(nums[i])

    print(*arr1 + arr2)

if __name__ == ""__main__"":
    main()"
E66,distribute-elements-into-two-arrays-i,Easy,P3,meta-llama/llama-3.3-70b-instruct,stdin,lcb-stdin,1,0,0,1.7,"want='[2, 3, 1]' got=''","import sys

def main():
    nums = list(map(int, input().split()))
    arr1 = [nums[0]]
    arr2 = [nums[1]]

    for i in range(2, len(nums)):
        if arr1[-1] > arr2[-1]:
            arr1.append(nums[i])
        else:
            arr2.append(nums[i])

    result = arr1 + arr2
    print(*result)

if __name__ == ""__main__"":
    main()"
E67,Overall Winner,Easy,P1,meta-llama/llama-3.3-70b-instruct,stdin,lcb-stdin,1,1,1,2.23,,
E67,Overall Winner,Easy,P2,meta-llama/llama-3.3-70b-instruct,stdin,lcb-stdin,1,0,0,3.53,want='T' got='A',"import sys

n = int(input())
s = input()

takahashi_wins = 0
aoki_wins = 0

for i in range(n):
    if s[i] == 'T':
        takahashi_wins += 1
    else:
        aoki_wins += 1

    if takahashi_wins > aoki_wins:
        print('T')
        break
    elif aoki_wins > takahashi_wins:
        print('A')
        break
else:
    if takahashi_wins > aoki_wins:
        print('T')
    else:
        print('A')"
E67,Overall Winner,Easy,P3,meta-llama/llama-3.3-70b-instruct,stdin,lcb-stdin,1,0,0,5.88,want='T' got='A',"n = int(input())
s = input()

takahashi_wins = 0
aoki_wins = 0

for i in range(n):
    if s[i] == 'T':
        takahashi_wins += 1
    else:
        aoki_wins += 1

    if takahashi_wins > aoki_wins:
        print('T')
        break
    elif aoki_wins > takahashi_wins:
        print('A')
        break
else:
    if takahashi_wins > aoki_wins:
        print('T')
    elif aoki_wins > takahashi_wins:
        print('A')
    else:
        for i in range(n):
            if s[i] == 'T':
                print('T')
                break
            elif s[i] == 'A':
                print('A')
                break"
E68,Fill the Gaps,Easy,P1,meta-llama/llama-3.3-70b-instruct,stdin,lcb-stdin,1,1,1,10.25,,
E68,Fill the Gaps,Easy,P2,meta-llama/llama-3.3-70b-instruct,stdin,lcb-stdin,1,0,0,2.57,Timeout,"import sys

def fill_gaps(sequence):
    i = 0
    while i < len(sequence) - 1:
        if abs(sequence[i] - sequence[i + 1]) != 1:
            if sequence[i] < sequence[i + 1]:
                sequence = sequence[:i + 1] + list(range(sequence[i] + 1, sequence[i + 1])) + sequence[i + 1:]
            else:
                sequence = sequence[:i + 1] + list(range(sequence[i] - 1, sequence[i + 1] - 1, -1)) + sequence[i + 1:]
            i = 0
        else:
            i += 1
    return sequence

N = int(input())
A = list(map(int, input().split()))

result = fill_gaps(A)
print(*result)"
E68,Fill the Gaps,Easy,P3,meta-llama/llama-3.3-70b-instruct,stdin,lcb-stdin,1,1,1,2.55,,
E69,Attack,Easy,P1,meta-llama/llama-3.3-70b-instruct,stdin,lcb-stdin,1,1,1,1.47,,
E69,Attack,Easy,P2,meta-llama/llama-3.3-70b-instruct,stdin,lcb-stdin,1,1,1,1.75,,
E69,Attack,Easy,P3,meta-llama/llama-3.3-70b-instruct,stdin,lcb-stdin,1,1,1,1.1,,
E70,Similar String,Easy,P1,meta-llama/llama-3.3-70b-instruct,stdin,lcb-stdin,1,1,1,95.3,,
E70,Similar String,Easy,P2,meta-llama/llama-3.3-70b-instruct,stdin,lcb-stdin,1,1,1,6.3,,
E70,Similar String,Easy,P3,meta-llama/llama-3.3-70b-instruct,stdin,lcb-stdin,1,1,1,1.51,,
E71,Discord,Easy,P1,meta-llama/llama-3.3-70b-instruct,stdin,lcb-stdin,1,1,1,5.62,,
E71,Discord,Easy,P2,meta-llama/llama-3.3-70b-instruct,stdin,lcb-stdin,1,1,1,21.77,,
E71,Discord,Easy,P3,meta-llama/llama-3.3-70b-instruct,stdin,lcb-stdin,1,1,1,5.35,,
E72,First Player,Easy,P1,meta-llama/llama-3.3-70b-instruct,stdin,lcb-stdin,1,0,0,2.27,"want='carol
dave
ellen
alice
bob' got='carol
alice
bob
ellen
dave'","import sys

N = int(input())
people = []
for _ in range(N):
    name, age = input().split()
    people.append((name, int(age)))

people.sort(key=lambda x: x[1])
for name, _ in people:
    print(name)"
E72,First Player,Easy,P2,meta-llama/llama-3.3-70b-instruct,stdin,lcb-stdin,1,0,0,2.67,"want='carol
dave
ellen
alice
bob' got='carol
alice
bob
ellen
dave'","import sys

N = int(input())
people = []
for _ in range(N):
    name, age = input().split()
    people.append((name, int(age)))

people.sort(key=lambda x: x[1])
for i in range(N):
    print(people[i][0])"
E72,First Player,Easy,P3,meta-llama/llama-3.3-70b-instruct,stdin,lcb-stdin,1,0,0,2.04,"want='carol
dave
ellen
alice
bob' got='carol
alice
bob
ellen
dave'","import sys

N = int(input())
people = []
for _ in range(N):
    name, age = input().split()
    people.append((name, int(age)))

people.sort(key=lambda x: x[1])
for i in range(N):
    print(people[i][0])"
E73,Subscribers,Easy,P1,meta-llama/llama-3.3-70b-instruct,stdin,lcb-stdin,1,1,1,4.61,,
E73,Subscribers,Easy,P2,meta-llama/llama-3.3-70b-instruct,stdin,lcb-stdin,1,1,1,4.45,,
E73,Subscribers,Easy,P3,meta-llama/llama-3.3-70b-instruct,stdin,lcb-stdin,1,1,1,4.29,,
E74,Water Station,Easy,P1,meta-llama/llama-3.3-70b-instruct,stdin,lcb-stdin,1,1,1,3.04,,
E74,Water Station,Easy,P2,meta-llama/llama-3.3-70b-instruct,stdin,lcb-stdin,1,1,1,4.79,,
E74,Water Station,Easy,P3,meta-llama/llama-3.3-70b-instruct,stdin,lcb-stdin,1,1,1,1.54,,
E75,ABCDEFG,Easy,P1,meta-llama/llama-3.3-70b-instruct,stdin,lcb-stdin,1,1,1,5.43,,
E75,ABCDEFG,Easy,P2,meta-llama/llama-3.3-70b-instruct,stdin,lcb-stdin,1,1,1,18.17,,
E75,ABCDEFG,Easy,P3,meta-llama/llama-3.3-70b-instruct,stdin,lcb-stdin,1,1,1,4.93,,
E76,Echo,Easy,P1,meta-llama/llama-3.3-70b-instruct,stdin,lcb-stdin,1,1,1,1.12,,
E76,Echo,Easy,P2,meta-llama/llama-3.3-70b-instruct,stdin,lcb-stdin,1,1,1,1.36,,
E76,Echo,Easy,P3,meta-llama/llama-3.3-70b-instruct,stdin,lcb-stdin,1,1,1,1.07,,
E77,Base 2,Easy,P1,meta-llama/llama-3.3-70b-instruct,stdin,lcb-stdin,1,1,1,4.82,,
E77,Base 2,Easy,P2,meta-llama/llama-3.3-70b-instruct,stdin,lcb-stdin,1,1,1,2.1,,
E77,Base 2,Easy,P3,meta-llama/llama-3.3-70b-instruct,stdin,lcb-stdin,1,1,1,2.58,,
E78,Weekly Records,Easy,P1,meta-llama/llama-3.3-70b-instruct,stdin,lcb-stdin,1,1,1,2.7,,
E78,Weekly Records,Easy,P2,meta-llama/llama-3.3-70b-instruct,stdin,lcb-stdin,1,1,1,4.22,,
E78,Weekly Records,Easy,P3,meta-llama/llama-3.3-70b-instruct,stdin,lcb-stdin,1,1,1,1.4,,
E79,racecar,Easy,P1,meta-llama/llama-3.3-70b-instruct,stdin,lcb-stdin,1,1,1,1.91,,
E79,racecar,Easy,P2,meta-llama/llama-3.3-70b-instruct,stdin,lcb-stdin,1,1,1,5.36,,
E79,racecar,Easy,P3,meta-llama/llama-3.3-70b-instruct,stdin,lcb-stdin,1,1,1,3.61,,
E80,New Scheme,Easy,P1,meta-llama/llama-3.3-70b-instruct,stdin,lcb-stdin,1,1,1,5.71,,
E80,New Scheme,Easy,P2,meta-llama/llama-3.3-70b-instruct,stdin,lcb-stdin,1,1,1,4.68,,
E80,New Scheme,Easy,P3,meta-llama/llama-3.3-70b-instruct,stdin,lcb-stdin,1,1,1,13.21,,
E81,Default Price,Easy,P1,meta-llama/llama-3.3-70b-instruct,stdin,lcb-stdin,1,1,1,4.84,,
E81,Default Price,Easy,P2,meta-llama/llama-3.3-70b-instruct,stdin,lcb-stdin,1,1,1,3.3,,
E81,Default Price,Easy,P3,meta-llama/llama-3.3-70b-instruct,stdin,lcb-stdin,1,1,1,3.54,,
E82,Nine,Easy,P1,meta-llama/llama-3.3-70b-instruct,stdin,lcb-stdin,1,1,1,8.48,,
E82,Nine,Easy,P2,meta-llama/llama-3.3-70b-instruct,stdin,lcb-stdin,1,1,1,6.0,,
E82,Nine,Easy,P3,meta-llama/llama-3.3-70b-instruct,stdin,lcb-stdin,1,1,1,14.12,,
E83,Rotate,Easy,P1,meta-llama/llama-3.3-70b-instruct,stdin,lcb-stdin,1,0,0,9.73,"want='1010
1101
0111
0001' got='0010
0101
1111
0001'","import sys

def main():
    N = int(input())
    grid = [list(map(int, input())) for _ in range(N)]

    top = grid[0]
    right = [grid[i][N-1] for i in range(N)]
    bottom = grid[N-1][::-1]
    left = [grid[i][0] for i in range(N-1, -1, -1)]

    outer = top + right + bottom + left

    outer = outer[-1:] + outer[:-1]

    top = outer[:N]
    right = outer[N:2*N]
    bottom = outer[2*N:3*N][::-1]
    left = outer[3*N:][::-1]

    for i in range(N):
        grid[0][i] = top[i]
        grid[i][N-1] = right[i]
        grid[N-1][N-1-i] = bottom[i]
        grid[N-1-i][0] = left[i]

    for row in grid:
        print(''.join(map(str, row)))

if __name__ == ""__main__"":
    main()"
E83,Rotate,Easy,P2,meta-llama/llama-3.3-70b-instruct,stdin,lcb-stdin,1,0,0,15.62,"want='1010
1101
0111
0001' got='0010
1101
1111
001'","import sys

def read_input():
    lines = sys.stdin.readlines()
    n = int(lines[0].strip())
    grid = [list(map(int, line.strip())) for line in lines[1:]]
    return n, grid

def rotate_outer_squares(n, grid):
    top = grid[0]
    right = [row[-1] for row in grid]
    bottom = grid[-1][::-1]
    left = [row[0] for row in grid[::-1]]
    outer_squares = top + right + bottom + left

    rotated_outer_squares = outer_squares[-1:] + outer_squares[:-1]

    rotated_top = rotated_outer_squares[:n]
    rotated_right = rotated_outer_squares[n:2*n-1]
    rotated_bottom = rotated_outer_squares[2*n-1:3*n-2][::-1]
    rotated_left = rotated_outer_squares[3*n-2:][::-1]

    rotated_grid = [list(row) for row in grid]
    rotated_grid[0] = rotated_top
    for i in range(n-1):
        rotated_grid[i+1][-1] = rotated_right[i]
    rotated_grid[-1] = rotated_bottom
    for i in range(n-1):
        rotated_grid[n-2-i][0] = rotated_left[i]

    return rotated_grid

def print_grid(grid):
    for row in grid:
        print(''.join(map(str, row)))

n, grid = read_input()
rotated_grid = rotate_outer_squares(n, grid)
print_grid(rotated_grid)"
E83,Rotate,Easy,P3,meta-llama/llama-3.3-70b-instruct,stdin,lcb-stdin,1,1,1,6.56,,
E84,Order Something Else,Easy,P1,meta-llama/llama-3.3-70b-instruct,stdin,lcb-stdin,1,1,1,0.99,,
E84,Order Something Else,Easy,P2,meta-llama/llama-3.3-70b-instruct,stdin,lcb-stdin,1,1,1,2.7,,
E84,Order Something Else,Easy,P3,meta-llama/llama-3.3-70b-instruct,stdin,lcb-stdin,1,1,1,9.88,,
E85,Strictly Superior,Easy,P1,meta-llama/llama-3.3-70b-instruct,stdin,lcb-stdin,1,1,1,9.95,,
E85,Strictly Superior,Easy,P2,meta-llama/llama-3.3-70b-instruct,stdin,lcb-stdin,1,1,1,7.01,,
E85,Strictly Superior,Easy,P3,meta-llama/llama-3.3-70b-instruct,stdin,lcb-stdin,1,1,1,2.69,,
E86,First ABC,Easy,P1,meta-llama/llama-3.3-70b-instruct,stdin,lcb-stdin,1,1,1,1.63,,
E86,First ABC,Easy,P2,meta-llama/llama-3.3-70b-instruct,stdin,lcb-stdin,1,1,1,7.82,,
E86,First ABC,Easy,P3,meta-llama/llama-3.3-70b-instruct,stdin,lcb-stdin,1,1,1,3.21,,
E87,Vacation Together,Easy,P1,meta-llama/llama-3.3-70b-instruct,stdin,lcb-stdin,1,1,1,6.72,,
E87,Vacation Together,Easy,P2,meta-llama/llama-3.3-70b-instruct,stdin,lcb-stdin,1,1,1,3.13,,
E87,Vacation Together,Easy,P3,meta-llama/llama-3.3-70b-instruct,stdin,lcb-stdin,1,1,1,9.02,,
E88,Chord,Easy,P1,meta-llama/llama-3.3-70b-instruct,stdin,lcb-stdin,1,1,1,2.13,,
E88,Chord,Easy,P2,meta-llama/llama-3.3-70b-instruct,stdin,lcb-stdin,1,1,1,1.14,,
E88,Chord,Easy,P3,meta-llama/llama-3.3-70b-instruct,stdin,lcb-stdin,1,1,1,3.33,,
E89,TaK Code,Easy,P1,meta-llama/llama-3.3-70b-instruct,stdin,lcb-stdin,1,0,0,29.93,"want='1 1
1 10
7 7
10 2' got=''","import sys

def is_tak_code(grid, i, j):
    for x in range(3):
        for y in range(3):
            if grid[i+x][j+y] != '#':
                return False
            if grid[i+6+x][j+6+y] != '#':
                return False
    for x in range(3, 6):
        for y in range(3):
            if grid[i+x][j+y] != '.':
                return False
            if grid[i+6+x][j+6+y] != '.':
                return False
    for x in range(3):
        for y in range(3, 6):
            if grid[i+x][j+y] != '.':
                return False
            if grid[i+6+x][j+6+y] != '.':
                return False
    for x in range(6):
        for y in range(6):
            if grid[i+3+x][j+3+y] == '.':
                return False
    return True

n, m = map(int, input().split())
grid = [list(input()) for _ in range(n)]

result = []
for i in range(n-8):
    for j in range(m-8):
        if is_tak_code(grid, i, j):
            result.append((i+1, j+1))

for i, j in sorted(result):
    print(i, j)"
E89,TaK Code,Easy,P2,meta-llama/llama-3.3-70b-instruct,stdin,lcb-stdin,1,0,0,8.81,"want='1 1
1 10
7 7
10 2' got='7 7'","import sys

def is_tak_code(grid, i, j):
    # Check top-left 3x3 region
    for x in range(3):
        for y in range(3):
            if grid[i+x][j+y] != '#':
                return False

    # Check bottom-right 3x3 region
    for x in range(6, 9):
        for y in range(6, 9):
            if grid[i+x][j+y] != '#':
                return False

    # Check adjacent cells
    for x in range(9):
        for y in range(9):
            if (x < 3 and y < 3) or (x >= 6 and y >= 6):
                continue
            if (x == 3 and y < 3) or (x == 5 and y < 3) or (y == 3 and x < 3) or (y == 5 and x < 3) or (x == 3 and y >= 6) or (x == 5 and y >= 6) or (y == 3 and x >= 6) or (y == 5 and x >= 6):
                if grid[i+x][j+y] != '.':
                    return False

    return True

def main():
    n, m = map(int, input().split())
    grid = [list(input()) for _ in range(n)]

    result = []
    for i in range(n-8):
        for j in range(m-8):
            if is_tak_code(grid, i, j):
                result.append((i+1, j+1))

    for i, j in sorted(result):
        print(i, j)

if __name__ == ""__main__"":
    main()"
E89,TaK Code,Easy,P3,meta-llama/llama-3.3-70b-instruct,stdin,lcb-stdin,1,1,1,66.89,,
E90,To Be Saikyo,Easy,P1,meta-llama/llama-3.3-70b-instruct,stdin,lcb-stdin,1,1,1,2.48,,
E90,To Be Saikyo,Easy,P2,meta-llama/llama-3.3-70b-instruct,stdin,lcb-stdin,1,1,1,6.0,,
E90,To Be Saikyo,Easy,P3,meta-llama/llama-3.3-70b-instruct,stdin,lcb-stdin,1,1,1,14.11,,
E91,3.14,Easy,P1,meta-llama/llama-3.3-70b-instruct,stdin,lcb-stdin,1,0,0,2.94,want='3.14' got='3.141',"import sys

pi = ""3.1415926535897932384626433832795028841971693993751058209749445923078164062862089986280348253421170679""

N = int(input())

print(pi[:3 + N])"
E91,3.14,Easy,P2,meta-llama/llama-3.3-70b-instruct,stdin,lcb-stdin,1,0,0,1.62,want='3.14' got='3.141',"import sys

pi = ""3.1415926535897932384626433832795028841971693993751058209749445923078164062862089986280348253421170679""

N = int(input())

print(pi[:3 + N])"
E91,3.14,Easy,P3,meta-llama/llama-3.3-70b-instruct,stdin,lcb-stdin,1,0,0,2.38,want='3.14' got='3.141',"import sys

pi = ""3.1415926535897932384626433832795028841971693993751058209749445923078164062862089986280348253421170679""

N = int(input())

print(pi[:3 + N])"
E92,Roulette,Easy,P1,meta-llama/llama-3.3-70b-instruct,stdin,lcb-stdin,1,1,1,11.09,,
E92,Roulette,Easy,P2,meta-llama/llama-3.3-70b-instruct,stdin,lcb-stdin,1,1,1,6.3,,
E92,Roulette,Easy,P3,meta-llama/llama-3.3-70b-instruct,stdin,lcb-stdin,1,1,1,10.67,,
E93,tcdr,Easy,P1,meta-llama/llama-3.3-70b-instruct,stdin,lcb-stdin,1,1,1,3.23,,
E93,tcdr,Easy,P2,meta-llama/llama-3.3-70b-instruct,stdin,lcb-stdin,1,1,1,0.9,,
E93,tcdr,Easy,P3,meta-llama/llama-3.3-70b-instruct,stdin,lcb-stdin,1,1,1,2.17,,
E94,The Middle Day,Easy,P1,meta-llama/llama-3.3-70b-instruct,stdin,lcb-stdin,1,1,1,4.53,,
E94,The Middle Day,Easy,P2,meta-llama/llama-3.3-70b-instruct,stdin,lcb-stdin,1,1,1,0.43,,
E94,The Middle Day,Easy,P3,meta-llama/llama-3.3-70b-instruct,stdin,lcb-stdin,1,1,1,2.39,,
E95,Full Moon,Easy,P1,meta-llama/llama-3.3-70b-instruct,stdin,lcb-stdin,1,1,1,11.89,,
E95,Full Moon,Easy,P2,meta-llama/llama-3.3-70b-instruct,stdin,lcb-stdin,1,1,1,5.02,,
E95,Full Moon,Easy,P3,meta-llama/llama-3.3-70b-instruct,stdin,lcb-stdin,1,1,1,2.43,,
E96,Overlapping sheets,Easy,P1,meta-llama/llama-3.3-70b-instruct,stdin,lcb-stdin,1,1,1,5.38,,
E96,Overlapping sheets,Easy,P2,meta-llama/llama-3.3-70b-instruct,stdin,lcb-stdin,1,1,1,1.96,,
E96,Overlapping sheets,Easy,P3,meta-llama/llama-3.3-70b-instruct,stdin,lcb-stdin,1,1,1,7.65,,
E97,Measure,Easy,P1,meta-llama/llama-3.3-70b-instruct,stdin,lcb-stdin,1,1,1,3.13,,
E97,Measure,Easy,P2,meta-llama/llama-3.3-70b-instruct,stdin,lcb-stdin,1,1,1,3.65,,
E97,Measure,Easy,P3,meta-llama/llama-3.3-70b-instruct,stdin,lcb-stdin,1,0,0,8.71,want='1-643-2-346-1' got='1-643-6-646--',"import sys

def get_divisors(n):
    """"""Return a list of divisors of n between 1 and 9.""""""
    return [i for i in range(1, 10) if n % i == 0]

def get_smallest_divisor(n, i):
    """"""Return the smallest divisor j of n such that i is a multiple of n/j.""""""
    divisors = get_divisors(n)
    valid_divisors = [j for j in divisors if (n // j) % (i // j + 1) == 0 and i % (n // j) == 0]
    return min(valid_divisors) if valid_divisors else None

def get_string(n):
    """"""Return the string of length n+1 as per the problem statement.""""""
    result = []
    for i in range(n + 1):
        divisor = get_smallest_divisor(n, i)
        result.append(str(divisor) if divisor else '-')
    return ''.join(result)

n = int(input())
print(get_string(n))"
E98,Leyland Number,Easy,P1,meta-llama/llama-3.3-70b-instruct,stdin,lcb-stdin,1,1,1,0.98,,
E98,Leyland Number,Easy,P2,meta-llama/llama-3.3-70b-instruct,stdin,lcb-stdin,1,1,1,8.36,,
E98,Leyland Number,Easy,P3,meta-llama/llama-3.3-70b-instruct,stdin,lcb-stdin,1,1,1,1.2,,
E99,Longest Palindrome,Easy,P1,meta-llama/llama-3.3-70b-instruct,stdin,lcb-stdin,1,1,1,1.47,,
E99,Longest Palindrome,Easy,P2,meta-llama/llama-3.3-70b-instruct,stdin,lcb-stdin,1,1,1,3.57,,
E99,Longest Palindrome,Easy,P3,meta-llama/llama-3.3-70b-instruct,stdin,lcb-stdin,1,1,1,4.5,,
E100,321,Easy,P1,meta-llama/llama-3.3-70b-instruct,stdin,lcb-stdin,1,1,1,1.37,,
E100,321,Easy,P2,meta-llama/llama-3.3-70b-instruct,stdin,lcb-stdin,1,1,1,3.71,,
E100,321,Easy,P3,meta-llama/llama-3.3-70b-instruct,stdin,lcb-stdin,1,1,1,2.87,,
E101,Cutoff,Easy,P1,meta-llama/llama-3.3-70b-instruct,stdin,lcb-stdin,1,1,1,0.32,,
E101,Cutoff,Easy,P2,meta-llama/llama-3.3-70b-instruct,stdin,lcb-stdin,1,0,0,12.94,want='70' got='51',"import sys

N, X = map(int, input().split())
A = sorted(list(map(int, input().split())))

def calculate_final_grade(A, new_score):
    A.append(new_score)
    A.sort()
    return sum(A[1:-1])

low, high = 0, 100
while low <= high:
    mid = (low + high) // 2
    if calculate_final_grade(A, mid) >= X:
        high = mid - 1
    else:
        low = mid + 1

if low > 100:
    print(-1)
else:
    print(low)"
E101,Cutoff,Easy,P3,meta-llama/llama-3.3-70b-instruct,stdin,lcb-stdin,1,1,1,3.61,,
E102,First ABC 2,Easy,P1,meta-llama/llama-3.3-70b-instruct,stdin,lcb-stdin,1,1,1,3.17,,
E102,First ABC 2,Easy,P2,meta-llama/llama-3.3-70b-instruct,stdin,lcb-stdin,1,1,1,1.24,,
E102,First ABC 2,Easy,P3,meta-llama/llama-3.3-70b-instruct,stdin,lcb-stdin,1,1,1,2.37,,
E103,Prefix and Suffix,Easy,P1,meta-llama/llama-3.3-70b-instruct,stdin,lcb-stdin,1,1,1,2.36,,
E103,Prefix and Suffix,Easy,P2,meta-llama/llama-3.3-70b-instruct,stdin,lcb-stdin,1,1,1,8.69,,
E103,Prefix and Suffix,Easy,P3,meta-llama/llama-3.3-70b-instruct,stdin,lcb-stdin,1,1,1,3.12,,
E104,Weak Beats,Easy,P1,meta-llama/llama-3.3-70b-instruct,stdin,lcb-stdin,1,1,1,1.94,,
E104,Weak Beats,Easy,P2,meta-llama/llama-3.3-70b-instruct,stdin,lcb-stdin,1,1,1,1.27,,
E104,Weak Beats,Easy,P3,meta-llama/llama-3.3-70b-instruct,stdin,lcb-stdin,1,1,1,3.16,,
E105,Round,Easy,P1,meta-llama/llama-3.3-70b-instruct,stdin,lcb-stdin,1,1,1,2.35,,
E105,Round,Easy,P2,meta-llama/llama-3.3-70b-instruct,stdin,lcb-stdin,1,1,1,2.86,,
E105,Round,Easy,P3,meta-llama/llama-3.3-70b-instruct,stdin,lcb-stdin,1,1,1,7.25,,
E106,Same,Easy,P1,meta-llama/llama-3.3-70b-instruct,stdin,lcb-stdin,1,1,1,1.47,,
E106,Same,Easy,P2,meta-llama/llama-3.3-70b-instruct,stdin,lcb-stdin,1,1,1,2.86,,
E106,Same,Easy,P3,meta-llama/llama-3.3-70b-instruct,stdin,lcb-stdin,1,1,1,1.02,,
E107,3,Easy,P1,meta-llama/llama-3.3-70b-instruct,stdin,lcb-stdin,1,1,1,4.04,,
E107,3,Easy,P2,meta-llama/llama-3.3-70b-instruct,stdin,lcb-stdin,1,1,1,2.65,,
E107,3,Easy,P3,meta-llama/llama-3.3-70b-instruct,stdin,lcb-stdin,1,1,1,3.13,,
E108,Takahashi san,Easy,P1,meta-llama/llama-3.3-70b-instruct,stdin,lcb-stdin,1,1,1,0.93,,
E108,Takahashi san,Easy,P2,meta-llama/llama-3.3-70b-instruct,stdin,lcb-stdin,1,1,1,1.17,,
E108,Takahashi san,Easy,P3,meta-llama/llama-3.3-70b-instruct,stdin,lcb-stdin,1,1,1,2.27,,
E109,2UP3DOWN,Easy,P1,meta-llama/llama-3.3-70b-instruct,stdin,lcb-stdin,1,1,1,1.72,,
E109,2UP3DOWN,Easy,P2,meta-llama/llama-3.3-70b-instruct,stdin,lcb-stdin,1,1,1,2.42,,
E109,2UP3DOWN,Easy,P3,meta-llama/llama-3.3-70b-instruct,stdin,lcb-stdin,1,1,1,14.42,,
E110,326,Easy,P1,meta-llama/llama-3.3-70b-instruct,stdin,lcb-stdin,1,1,1,5.15,,
E110,326,Easy,P2,meta-llama/llama-3.3-70b-instruct,stdin,lcb-stdin,1,1,1,3.11,,
E110,326,Easy,P3,meta-llama/llama-3.3-70b-instruct,stdin,lcb-stdin,1,1,1,3.53,,
E111,ab,Easy,P1,meta-llama/llama-3.3-70b-instruct,stdin,lcb-stdin,1,1,1,2.31,,
E111,ab,Easy,P2,meta-llama/llama-3.3-70b-instruct,stdin,lcb-stdin,1,1,1,2.74,,
E111,ab,Easy,P3,meta-llama/llama-3.3-70b-instruct,stdin,lcb-stdin,1,1,1,6.55,,
E112,A^A,Easy,P1,meta-llama/llama-3.3-70b-instruct,stdin,lcb-stdin,1,1,1,1.25,,
E112,A^A,Easy,P2,meta-llama/llama-3.3-70b-instruct,stdin,lcb-stdin,1,1,1,2.16,,
E112,A^A,Easy,P3,meta-llama/llama-3.3-70b-instruct,stdin,lcb-stdin,1,1,1,1.72,,
E113,Not Too Hard,Easy,P1,meta-llama/llama-3.3-70b-instruct,stdin,lcb-stdin,1,1,1,6.49,,
E113,Not Too Hard,Easy,P2,meta-llama/llama-3.3-70b-instruct,stdin,lcb-stdin,1,1,1,5.48,,
E113,Not Too Hard,Easy,P3,meta-llama/llama-3.3-70b-instruct,stdin,lcb-stdin,1,1,1,5.89,,
E114,11/11,Easy,P1,meta-llama/llama-3.3-70b-instruct,stdin,lcb-stdin,1,1,1,3.22,,
E114,11/11,Easy,P2,meta-llama/llama-3.3-70b-instruct,stdin,lcb-stdin,1,1,1,9.67,,
E114,11/11,Easy,P3,meta-llama/llama-3.3-70b-instruct,stdin,lcb-stdin,1,1,1,11.08,,
E115,Spread,Easy,P1,meta-llama/llama-3.3-70b-instruct,stdin,lcb-stdin,1,1,1,1.62,,
E115,Spread,Easy,P2,meta-llama/llama-3.3-70b-instruct,stdin,lcb-stdin,1,1,1,2.64,,
E115,Spread,Easy,P3,meta-llama/llama-3.3-70b-instruct,stdin,lcb-stdin,1,0,0,4.24,want='A B C' got='A   B   C',"import sys

S = input().strip()

for i in range(len(S)):
    print(S[i], end=' ')
    if i < len(S) - 1:
        print(' ', end=' ', flush=False)
    else:
        print(flush=False)"
E116,Next,Easy,P1,meta-llama/llama-3.3-70b-instruct,stdin,lcb-stdin,1,1,1,1.88,,
E116,Next,Easy,P2,meta-llama/llama-3.3-70b-instruct,stdin,lcb-stdin,1,1,1,6.71,,
E116,Next,Easy,P3,meta-llama/llama-3.3-70b-instruct,stdin,lcb-stdin,1,1,1,3.02,,
E117,Counting Passes,Easy,P1,meta-llama/llama-3.3-70b-instruct,stdin,lcb-stdin,1,1,1,10.45,,
E117,Counting Passes,Easy,P2,meta-llama/llama-3.3-70b-instruct,stdin,lcb-stdin,1,1,1,8.96,,
E117,Counting Passes,Easy,P3,meta-llama/llama-3.3-70b-instruct,stdin,lcb-stdin,1,1,1,3.56,,
E118,Minimize Abs 1,Easy,P1,meta-llama/llama-3.3-70b-instruct,stdin,lcb-stdin,1,1,1,38.75,,
E118,Minimize Abs 1,Easy,P2,meta-llama/llama-3.3-70b-instruct,stdin,lcb-stdin,1,1,1,2.18,,
E118,Minimize Abs 1,Easy,P3,meta-llama/llama-3.3-70b-instruct,stdin,lcb-stdin,1,1,1,3.07,,
E119,Tomorrow,Easy,P1,meta-llama/llama-3.3-70b-instruct,stdin,lcb-stdin,1,1,1,9.39,,
E119,Tomorrow,Easy,P2,meta-llama/llama-3.3-70b-instruct,stdin,lcb-stdin,1,1,1,2.83,,
E119,Tomorrow,Easy,P3,meta-llama/llama-3.3-70b-instruct,stdin,lcb-stdin,1,1,1,2.81,,
E120,Buy One Carton of Milk,Easy,P1,meta-llama/llama-3.3-70b-instruct,stdin,lcb-stdin,1,0,0,4.01,want='10' got='150',"import sys

N, S, M, L = map(int, input().split())

min_cost = float('inf')

for i in range(N // 6 + 1):
    for j in range(N // 8 + 1):
        for k in range(N // 12 + 1):
            total_eggs = i * 6 + j * 8 + k * 12
            if total_eggs >= N:
                total_cost = i * S + j * M + k * L
                min_cost = min(min_cost, total_cost)

print(min_cost)"
E120,Buy One Carton of Milk,Easy,P2,meta-llama/llama-3.3-70b-instruct,stdin,lcb-stdin,1,0,0,4.13,want='10' got='150',"import sys

N, S, M, L = map(int, input().split())

min_cost = float('inf')

for i in range(N // 6 + 1):
    for j in range(N // 8 + 1):
        for k in range(N // 12 + 1):
            total_eggs = i * 6 + j * 8 + k * 12
            if total_eggs >= N:
                total_cost = i * S + j * M + k * L
                min_cost = min(min_cost, total_cost)

print(min_cost)"
E120,Buy One Carton of Milk,Easy,P3,meta-llama/llama-3.3-70b-instruct,stdin,lcb-stdin,1,0,0,23.7,want='10' got='inf',"import sys

def calculate_min_cost(N, S, M, L):
    min_cost = float('inf')
    for i in range(N // 6 + 1):
        for j in range(N // 8 + 1):
            remaining_eggs = N - i * 6 - j * 8
            if remaining_eggs < 0:
                continue
            if remaining_eggs % 12 == 0:
                cost = i * S + j * M + (remaining_eggs // 12) * L
                min_cost = min(min_cost, cost)
    for i in range(N // 6 + 1):
        for j in range(N // 12 + 1):
            remaining_eggs = N - i * 6 - j * 12
            if remaining_eggs < 0:
                continue
            if remaining_eggs % 8 == 0:
                cost = i * S + j * L + (remaining_eggs // 8) * M
                min_cost = min(min_cost, cost)
    for i in range(N // 8 + 1):
        for j in range(N // 12 + 1):
            remaining_eggs = N - i * 8 - j * 12
            if remaining_eggs < 0:
                continue
            if remaining_eggs % 6 == 0:
                cost = i * M + j * L + (remaining_eggs // 6) * S
                min_cost = min(min_cost, cost)
    for i in range(N // 6 + 1):
        remaining_eggs = N - i * 6
        if remaining_eggs < 0:
            continue
        if remaining_eggs % 8 == 0:
            cost = i * S + (remaining_eggs // 8) * M
            min_cost = min(min_cost, cost)
        elif remaining_eggs % 12 == 0:
            cost = i * S + (remaining_eggs // 12) * L
            min_cost = min(min_cost, cost)
    for i in range(N // 8 + 1):
        remaining_eggs = N - i * 8
        if remaining_eggs < 0:
            continue
        if remaining_eggs % 6 == 0:
            cost = i * M + (remaining_eggs // 6) * S
            min_cost = min(min_cost, cost)
        elif remaining_eggs % 12 == 0:
            cost = i * M + (remaining_eggs // 12) * L
            min_cost = min(min_cost, cost)
    for i in range(N // 12 + 1):
        remaining_eggs = N - i * 12
        if remaining_eggs < 0:
            continue
        if remaining_eggs % 6 == 0:
            cost = i * L + (remaining_eggs // 6) * S
            min_cost = min(min_cost, cost)
        elif remaining_eggs % 8 == 0:
            cost = i * L + (remaining_eggs // 8) * M
            min_cost = min(min_cost, cost)
    if N % 6 == 0:
        cost = (N // 6) * S
        min_cost = min(min_cost, cost)
    if N % 8 == 0:
        cost = (N // 8) * M
        min_cost = min(min_cost, cost)
    if N % 12 == 0:
        cost = (N // 12) * L
        min_cost = min(min_cost, cost)
    return min_cost

N, S, M, L = map(int, input().split())
print(calculate_min_cost(N, S, M, L))"
E121,Online Shopping,Easy,P1,meta-llama/llama-3.3-70b-instruct,stdin,lcb-stdin,1,1,1,10.37,,
E121,Online Shopping,Easy,P2,meta-llama/llama-3.3-70b-instruct,stdin,lcb-stdin,1,1,1,2.34,,
E121,Online Shopping,Easy,P3,meta-llama/llama-3.3-70b-instruct,stdin,lcb-stdin,1,1,1,3.28,,
E122,Glass and Mug,Easy,P1,meta-llama/llama-3.3-70b-instruct,stdin,lcb-stdin,1,1,1,10.64,,
E122,Glass and Mug,Easy,P2,meta-llama/llama-3.3-70b-instruct,stdin,lcb-stdin,1,1,1,3.13,,
E122,Glass and Mug,Easy,P3,meta-llama/llama-3.3-70b-instruct,stdin,lcb-stdin,1,1,1,3.21,,
E123,Three Threes,Easy,P1,meta-llama/llama-3.3-70b-instruct,stdin,lcb-stdin,1,1,1,0.85,,
E123,Three Threes,Easy,P2,meta-llama/llama-3.3-70b-instruct,stdin,lcb-stdin,1,1,1,0.99,,
E123,Three Threes,Easy,P3,meta-llama/llama-3.3-70b-instruct,stdin,lcb-stdin,1,1,1,1.09,,
E124,Pentagon,Easy,P1,meta-llama/llama-3.3-70b-instruct,stdin,lcb-stdin,1,1,1,8.25,,
E124,Pentagon,Easy,P2,meta-llama/llama-3.3-70b-instruct,stdin,lcb-stdin,1,0,0,5.87,want='Yes' got='No',"import sys

# Read input from stdin
s1s2 = input().strip()
t1t2 = input().strip()

# Define the distances between points in the pentagon
distances = {
    'AB': 1, 'AC': 2, 'AD': 3, 'AE': 4,
    'BA': 1, 'BC': 2, 'BD': 1, 'BE': 3,
    'CA': 2, 'CB': 2, 'CD': 1, 'CE': 1,
    'DA': 3, 'DB': 1, 'DC': 1, 'DE': 2,
    'EA': 4, 'EB': 3, 'EC': 1, 'ED': 2
}

# Calculate the distances between S1 and S2, and T1 and T2
s1s2_distance = distances[s1s2]
t1t2_distance = distances[t1t2]

# Print the result
if s1s2_distance == t1t2_distance:
    print(""Yes"")
else:
    print(""No"")"
E124,Pentagon,Easy,P3,meta-llama/llama-3.3-70b-instruct,stdin,lcb-stdin,1,0,0,5.94,want='Yes' got='No',"import sys

# Read input from stdin
s1s2 = input().strip()
t1t2 = input().strip()

# Define the distances between points in a regular pentagon
distances = {
    'AB': 1, 'AC': 2, 'AD': 3, 'AE': 4,
    'BA': 1, 'BC': 2, 'BD': 4, 'BE': 3,
    'CA': 2, 'CB': 2, 'CD': 1, 'CE': 3,
    'DA': 3, 'DB': 4, 'DC': 1, 'DE': 2,
    'EA': 4, 'EB': 3, 'EC': 3, 'ED': 2
}

# Calculate the length of the line segment connecting points S1 and S2
s1s2_length = distances[s1s2]

# Calculate the length of the line segment connecting points T1 and T2
t1t2_length = distances[t1t2]

# Check if the lengths are equal
if s1s2_length == t1t2_length:
    print(""Yes"")
else:
    print(""No"")"
E125,Christmas Present,Easy,P1,meta-llama/llama-3.3-70b-instruct,stdin,lcb-stdin,1,1,1,1.31,,
E125,Christmas Present,Easy,P2,meta-llama/llama-3.3-70b-instruct,stdin,lcb-stdin,1,1,1,0.7,,
E125,Christmas Present,Easy,P3,meta-llama/llama-3.3-70b-instruct,stdin,lcb-stdin,1,1,1,0.77,,
E126,202<s>3</s>,Easy,P1,meta-llama/llama-3.3-70b-instruct,stdin,lcb-stdin,1,1,1,3.12,,
E126,202<s>3</s>,Easy,P2,meta-llama/llama-3.3-70b-instruct,stdin,lcb-stdin,1,1,1,2.73,,
E126,202<s>3</s>,Easy,P3,meta-llama/llama-3.3-70b-instruct,stdin,lcb-stdin,1,1,1,5.94,,
E127,Tetrahedral Number,Easy,P1,meta-llama/llama-3.3-70b-instruct,stdin,lcb-stdin,1,1,1,1.79,,
E127,Tetrahedral Number,Easy,P2,meta-llama/llama-3.3-70b-instruct,stdin,lcb-stdin,1,1,1,2.04,,
E127,Tetrahedral Number,Easy,P3,meta-llama/llama-3.3-70b-instruct,stdin,lcb-stdin,1,1,1,3.63,,
E128,Long Loong,Easy,P1,meta-llama/llama-3.3-70b-instruct,stdin,lcb-stdin,1,1,1,0.83,,
E128,Long Loong,Easy,P2,meta-llama/llama-3.3-70b-instruct,stdin,lcb-stdin,1,1,1,1.21,,
E128,Long Loong,Easy,P3,meta-llama/llama-3.3-70b-instruct,stdin,lcb-stdin,1,1,1,1.07,,
E129,CTZ,Easy,P1,meta-llama/llama-3.3-70b-instruct,stdin,lcb-stdin,1,1,1,10.2,,
E129,CTZ,Easy,P2,meta-llama/llama-3.3-70b-instruct,stdin,lcb-stdin,1,1,1,2.32,,
E129,CTZ,Easy,P3,meta-llama/llama-3.3-70b-instruct,stdin,lcb-stdin,1,1,1,1.05,,
E130,Scoreboard,Easy,P1,meta-llama/llama-3.3-70b-instruct,stdin,lcb-stdin,1,1,1,2.42,,
E130,Scoreboard,Easy,P2,meta-llama/llama-3.3-70b-instruct,stdin,lcb-stdin,1,1,1,0.41,,
E130,Scoreboard,Easy,P3,meta-llama/llama-3.3-70b-instruct,stdin,lcb-stdin,1,1,1,7.36,,
E131,Extended ABC,Easy,P1,meta-llama/llama-3.3-70b-instruct,stdin,lcb-stdin,1,1,1,3.26,,
E131,Extended ABC,Easy,P2,meta-llama/llama-3.3-70b-instruct,stdin,lcb-stdin,1,0,0,2.46,want='Yes' got='No',"def check_extended_abc(s):
    seen = set()
    for char in s:
        if char not in seen:
            seen.add(char)
        else:
            if len(seen) == 1 and char != list(seen)[0]:
                return False
            if len(seen) == 2 and char != 'C':
                return False
    return len(seen) <= 3 and ('A' in seen or not seen) and ('B' in seen or not seen) and ('C' in seen or not seen)

s = input()
if check_extended_abc(s):
    print(""Yes"")
else:
    print(""No"")"
E131,Extended ABC,Easy,P3,meta-llama/llama-3.3-70b-instruct,stdin,lcb-stdin,1,1,1,3.18,,
E132,Capitalized?,Easy,P1,meta-llama/llama-3.3-70b-instruct,stdin,lcb-stdin,1,1,1,1.52,,
E132,Capitalized?,Easy,P2,meta-llama/llama-3.3-70b-instruct,stdin,lcb-stdin,1,1,1,1.49,,
E132,Capitalized?,Easy,P3,meta-llama/llama-3.3-70b-instruct,stdin,lcb-stdin,1,1,1,1.53,,
E133,Frequency,Easy,P1,meta-llama/llama-3.3-70b-instruct,stdin,lcb-stdin,1,1,1,2.9,,
E133,Frequency,Easy,P2,meta-llama/llama-3.3-70b-instruct,stdin,lcb-stdin,1,1,1,1.42,,
E133,Frequency,Easy,P3,meta-llama/llama-3.3-70b-instruct,stdin,lcb-stdin,1,1,1,2.66,,
E134,TLD,Easy,P1,meta-llama/llama-3.3-70b-instruct,stdin,lcb-stdin,1,1,1,2.2,,
E134,TLD,Easy,P2,meta-llama/llama-3.3-70b-instruct,stdin,lcb-stdin,1,1,1,1.3,,
E134,TLD,Easy,P3,meta-llama/llama-3.3-70b-instruct,stdin,lcb-stdin,1,1,1,7.9,,
E135,Arithmetic Progression,Easy,P1,meta-llama/llama-3.3-70b-instruct,stdin,lcb-stdin,1,1,1,4.71,,
E135,Arithmetic Progression,Easy,P2,meta-llama/llama-3.3-70b-instruct,stdin,lcb-stdin,1,1,1,3.13,,
E135,Arithmetic Progression,Easy,P3,meta-llama/llama-3.3-70b-instruct,stdin,lcb-stdin,1,1,1,7.06,,
E136,Append,Easy,P1,meta-llama/llama-3.3-70b-instruct,stdin,lcb-stdin,1,1,1,1.8,,
E136,Append,Easy,P2,meta-llama/llama-3.3-70b-instruct,stdin,lcb-stdin,1,1,1,2.38,,
E136,Append,Easy,P3,meta-llama/llama-3.3-70b-instruct,stdin,lcb-stdin,1,1,1,2.25,,
E137,Print 341,Easy,P1,meta-llama/llama-3.3-70b-instruct,stdin,lcb-stdin,1,1,1,0.8,,
E137,Print 341,Easy,P2,meta-llama/llama-3.3-70b-instruct,stdin,lcb-stdin,1,1,1,1.34,,
E137,Print 341,Easy,P3,meta-llama/llama-3.3-70b-instruct,stdin,lcb-stdin,1,1,1,1.13,,
E138,Foreign Exchange,Easy,P1,meta-llama/llama-3.3-70b-instruct,stdin,lcb-stdin,1,0,0,3.36,want='5' got='3',"import sys

N = int(input())
A = list(map(int, input().split()))
S = []
T = []
for _ in range(N-1):
    s, t = map(int, input().split())
    S.append(s)
    T.append(t)

for i in range(N-2, -1, -1):
    if A[i] >= S[i]:
        num_exchanges = A[i] // S[i]
        A[i] -= num_exchanges * S[i]
        A[i+1] += num_exchanges * T[i]

print(A[-1])"
E138,Foreign Exchange,Easy,P2,meta-llama/llama-3.3-70b-instruct,stdin,lcb-stdin,1,0,0,3.32,want='5' got='3',"import sys

N = int(input())
A = list(map(int, input().split()))
S, T = [], []
for _ in range(N-1):
    s, t = map(int, input().split())
    S.append(s)
    T.append(t)

for i in range(N-2, -1, -1):
    if A[i] >= S[i]:
        num_exchanges = A[i] // S[i]
        A[i] -= num_exchanges * S[i]
        A[i+1] += num_exchanges * T[i]

print(A[-1])"
E138,Foreign Exchange,Easy,P3,meta-llama/llama-3.3-70b-instruct,stdin,lcb-stdin,1,0,0,53.16,want='5' got='3',"import sys

N = int(input())
A = list(map(int, input().split()))
S, T = [], []
for _ in range(N-1):
    s, t = map(int, input().split())
    S.append(s)
    T.append(t)

for i in range(N-2, -1, -1):
    count = A[i] // S[i]
    A[i] %= S[i]
    A[i+1] += count * T[i]

print(A[-1])"
E139,Yay!,Easy,P1,meta-llama/llama-3.3-70b-instruct,stdin,lcb-stdin,1,1,1,1.36,,
E139,Yay!,Easy,P2,meta-llama/llama-3.3-70b-instruct,stdin,lcb-stdin,1,1,1,44.0,,
E139,Yay!,Easy,P3,meta-llama/llama-3.3-70b-instruct,stdin,lcb-stdin,1,1,1,2.75,,
E140,Which is ahead?,Easy,P1,meta-llama/llama-3.3-70b-instruct,stdin,lcb-stdin,1,1,1,2.74,,
E140,Which is ahead?,Easy,P2,meta-llama/llama-3.3-70b-instruct,stdin,lcb-stdin,1,1,1,3.65,,
E140,Which is ahead?,Easy,P3,meta-llama/llama-3.3-70b-instruct,stdin,lcb-stdin,1,1,1,3.55,,
E141,Wrong Answer,Easy,P1,meta-llama/llama-3.3-70b-instruct,stdin,lcb-stdin,1,0,0,1.95,want='2' got='0',"A, B = map(int, input().split())
for i in range(10):
    if i != A + B:
        print(i)
        break"
E141,Wrong Answer,Easy,P2,meta-llama/llama-3.3-70b-instruct,stdin,lcb-stdin,1,0,0,1.68,want='2' got='0',"A, B = map(int, input().split())
for i in range(10):
    if i != A + B:
        print(i)
        break"
E141,Wrong Answer,Easy,P3,meta-llama/llama-3.3-70b-instruct,stdin,lcb-stdin,1,0,0,1.76,want='2' got='0',"A, B = map(int, input().split())
for i in range(10):
    if i != A + B:
        print(i)
        break"
E142,Adjacency Matrix,Easy,P1,meta-llama/llama-3.3-70b-instruct,stdin,lcb-stdin,1,1,1,2.28,,
E142,Adjacency Matrix,Easy,P2,meta-llama/llama-3.3-70b-instruct,stdin,lcb-stdin,1,1,1,9.37,,
E142,Adjacency Matrix,Easy,P3,meta-llama/llama-3.3-70b-instruct,stdin,lcb-stdin,1,1,1,4.65,,
E143,Spoiler,Easy,P1,meta-llama/llama-3.3-70b-instruct,stdin,lcb-stdin,1,1,1,9.38,,
E143,Spoiler,Easy,P2,meta-llama/llama-3.3-70b-instruct,stdin,lcb-stdin,1,1,1,2.76,,
E143,Spoiler,Easy,P3,meta-llama/llama-3.3-70b-instruct,stdin,lcb-stdin,1,1,1,1.21,,
E144,Delimiter,Easy,P1,meta-llama/llama-3.3-70b-instruct,stdin,lcb-stdin,1,1,1,1.75,,
E144,Delimiter,Easy,P2,meta-llama/llama-3.3-70b-instruct,stdin,lcb-stdin,1,1,1,37.82,,
E144,Delimiter,Easy,P3,meta-llama/llama-3.3-70b-instruct,stdin,lcb-stdin,1,1,1,27.49,,
E145,Integer Division Returns,Easy,P1,meta-llama/llama-3.3-70b-instruct,stdin,lcb-stdin,1,1,1,1.03,,
E145,Integer Division Returns,Easy,P2,meta-llama/llama-3.3-70b-instruct,stdin,lcb-stdin,1,1,1,1.09,,
E145,Integer Division Returns,Easy,P3,meta-llama/llama-3.3-70b-instruct,stdin,lcb-stdin,1,1,1,2.67,,
E146,Piano,Easy,P1,meta-llama/llama-3.3-70b-instruct,stdin,lcb-stdin,1,1,1,5.51,,
E146,Piano,Easy,P2,meta-llama/llama-3.3-70b-instruct,stdin,lcb-stdin,1,0,0,3.81,want='No' got='Yes',"import sys

def main():
    W, B = map(int, input().split())
    s = ""wbwbww""
    found = False

    for i in range(len(s)):
        w_count = 0
        b_count = 0
        for j in range(12):
            if s[(i + j) % len(s)] == 'w':
                w_count += 1
            else:
                b_count += 1
            if w_count == W and b_count == B:
                found = True
                break

    if found:
        print(""Yes"")
    else:
        print(""No"")

if __name__ == ""__main__"":
    main()"
E146,Piano,Easy,P3,meta-llama/llama-3.3-70b-instruct,stdin,lcb-stdin,1,0,0,3.98,want='No' got='Yes',"import sys

def main():
    W, B = map(int, input().split())
    s = ""wbwbww""
    found = False
    for i in range(len(s)):
        w_count = 0
        b_count = 0
        for j in range(i, i + W + B):
            if s[j % len(s)] == 'w':
                w_count += 1
            else:
                b_count += 1
            if w_count == W and b_count == B:
                found = True
                break
    if found:
        print(""Yes"")
    else:
        print(""No"")

if __name__ == ""__main__"":
    main()"
E147,Adjacent Product,Easy,P1,meta-llama/llama-3.3-70b-instruct,stdin,lcb-stdin,1,1,1,1.9,,
E147,Adjacent Product,Easy,P2,meta-llama/llama-3.3-70b-instruct,stdin,lcb-stdin,0,0,0,2.16,SyntaxError line 1: invalid syntax,```
E147,Adjacent Product,Easy,P3,meta-llama/llama-3.3-70b-instruct,stdin,lcb-stdin,1,1,1,11.55,,
E148,Divisible,Easy,P1,meta-llama/llama-3.3-70b-instruct,stdin,lcb-stdin,1,1,1,3.3,,
E148,Divisible,Easy,P2,meta-llama/llama-3.3-70b-instruct,stdin,lcb-stdin,1,1,1,7.43,,
E148,Divisible,Easy,P3,meta-llama/llama-3.3-70b-instruct,stdin,lcb-stdin,1,1,1,3.91,,
E149,Substring,Easy,P1,meta-llama/llama-3.3-70b-instruct,stdin,lcb-stdin,1,1,1,3.85,,
E149,Substring,Easy,P2,meta-llama/llama-3.3-70b-instruct,stdin,lcb-stdin,1,1,1,1.81,,
E149,Substring,Easy,P3,meta-llama/llama-3.3-70b-instruct,stdin,lcb-stdin,1,1,1,1.63,,
E150,Farthest Point,Easy,P1,meta-llama/llama-3.3-70b-instruct,stdin,lcb-stdin,1,1,1,35.97,,
E150,Farthest Point,Easy,P2,meta-llama/llama-3.3-70b-instruct,stdin,lcb-stdin,1,1,1,11.23,,
E150,Farthest Point,Easy,P3,meta-llama/llama-3.3-70b-instruct,stdin,lcb-stdin,1,1,1,10.71,,
M01,B. Chemistry,Medium,P1,meta-llama/llama-3.3-70b-instruct,stdin,lcb-stdin,1,1,1,8.92,,
M01,B. Chemistry,Medium,P2,meta-llama/llama-3.3-70b-instruct,stdin,lcb-stdin,1,1,1,10.79,,
M01,B. Chemistry,Medium,P3,meta-llama/llama-3.3-70b-instruct,stdin,lcb-stdin,1,1,1,11.04,,
M02,C. Raspberries,Medium,P1,meta-llama/llama-3.3-70b-instruct,stdin,lcb-stdin,1,0,0,3.92,"want='2
2
1
0
2
0
1
2
0
1
1
4
0
4
3' got='3
2
1
0
2
0
1
2
1
2
2
4
0
4
3'","import sys

def main():
    t = int(input())
    for _ in range(t):
        n, k = map(int, input().split())
        a = list(map(int, input().split()))

        if k == 4:
            count_even = sum(1 for x in a if x % 2 == 0)
            count_odd = n - count_even
            if count_even >= 2:
                print(0)
            elif count_even == 1:
                print(1)
            else:
                print(2)
        else:
            min_mod = min(x % k for x in a)
            print((k - min_mod) % k)

if __name__ == ""__main__"":
    main()"
M02,C. Raspberries,Medium,P2,meta-llama/llama-3.3-70b-instruct,stdin,lcb-stdin,1,0,0,3.26,"want='2
2
1
0
2
0
1
2
0
1
1
4
0
4
3' got='2
2
1
0
1
1
1
1
0
1
1
4
0
4
3'","import sys

def main():
    t = int(input())
    for _ in range(t):
        n, k = map(int, input().split())
        a = list(map(int, input().split()))

        ans = float('inf')
        for i in range(n):
            b = a.copy()
            cnt = 0
            while (b[i] + cnt) % k != 0:
                cnt += 1
            ans = min(ans, cnt)

            if k == 4:
                cnt = 0
                for j in range(n):
                    while (b[j] + cnt) % 2 != 0:
                        cnt += 1
                ans = min(ans, cnt)

        print(ans)

if __name__ == ""__main__"":
    main()"
M02,C. Raspberries,Medium,P3,meta-llama/llama-3.3-70b-instruct,stdin,lcb-stdin,1,0,0,9.99,"want='2
2
1
0
2
0
1
2
0
1
1
4
0
4
3' got='2
2
1
0
2
0
1
2
1
2
1
4
0
4
3'","import sys

def main():
    t = int(input())
    for _ in range(t):
        n, k = map(int, input().split())
        a = list(map(int, input().split()))

        min_ops = float('inf')
        for i in range(n):
            ops = 0
            temp_a = a.copy()
            while (temp_a[i] + ops) % k != 0:
                ops += 1
            min_ops = min(min_ops, ops)

        if k == 4:
            even_count = sum(1 for num in a if num % 2 == 0)
            if even_count >= 2:
                min_ops = 0
            elif even_count == 1:
                min_ops = 1
            else:
                min_ops = 2

        print(min_ops)

if __name__ == ""__main__"":
    main()"
M03,sum-in-a-matrix,Medium,P1,meta-llama/llama-3.3-70b-instruct,stdin,lcb-stdin,1,0,0,2.35,want='15' got='',"import sys

def main():
    lines = sys.stdin.read().splitlines()
    nums = [list(map(int, line.strip('[]').split(', '))) for line in lines]

    score = 0
    while any(row for row in nums):
        removed = [max(row) for row in nums if row]
        score += max(removed)
        for i in range(len(nums)):
            if nums[i]:
                nums[i].remove(max(nums[i]))

    print(score)

if __name__ == ""__main__"":
    main()"
M03,sum-in-a-matrix,Medium,P2,meta-llama/llama-3.3-70b-instruct,stdin,lcb-stdin,1,0,0,4.64,want='15' got='',"import sys

def main():
    nums = []
    for line in sys.stdin:
        nums.append(list(map(int, line.strip().split())))

    score = 0
    while any(row for row in nums):
        removed = []
        for i, row in enumerate(nums):
            if row:
                removed.append(max(row))
                nums[i].remove(max(row))
        if removed:
            score += max(removed)
    print(score)

if __name__ == ""__main__"":
    main()"
M03,sum-in-a-matrix,Medium,P3,meta-llama/llama-3.3-70b-instruct,stdin,lcb-stdin,1,0,0,2.85,want='15' got='',"import sys

def main():
    lines = sys.stdin.read().splitlines()
    nums = [list(map(int, line.strip('[]').split(', '))) for line in lines]

    score = 0
    while any(row for row in nums):
        removed = []
        for i, row in enumerate(nums):
            if row:
                removed.append(max(row))
                nums[i].remove(max(row))
        score += max(removed)
    print(score)

if __name__ == ""__main__"":
    main()"
M04,maximum-or,Medium,P1,meta-llama/llama-3.3-70b-instruct,stdin,lcb-stdin,1,0,0,8.17,want='30' got='',"import sys
import heapq

def main():
    nums = list(map(int, input().split()))
    k = int(input())

    pq = []
    for num in nums:
        bits = []
        temp = num
        for i in range(31, -1, -1):
            if temp & (1 << i):
                bits.append(i)
        heapq.heappush(pq, (-bits[0], bits, num))

    for _ in range(k):
        _, bits, num = heapq.heappop(pq)
        new_num = num * 2
        new_bits = []
        temp = new_num
        for i in range(31, -1, -1):
            if temp & (1 << i):
                new_bits.append(i)
        heapq.heappush(pq, (-new_bits[0], new_bits, new_num))

    res = 0
    while pq:
        _, _, num = heapq.heappop(pq)
        res |= num

    print(res)

if __name__ == ""__main__"":
    main()"
M04,maximum-or,Medium,P2,meta-llama/llama-3.3-70b-instruct,stdin,lcb-stdin,0,0,0,12.87,SyntaxError line 10: invalid syntax,"import sys
import heapq

def main():
    nums = list(map(int, input().split()))
    k = int(input())

    pq = []
    for num in nums:
        bits = for i in range(31, -1, -1):
            if (num >> i) & 1:
                bits.append(i)
        heapq.heappush(pq, (-len(bits), bits))

    for _ in range(k):
        _, bits = heapq.heappop(pq)
        if not bits:
            continue
        bit = bits.pop()
        heapq.heappush(pq, (-len(bits), bits))

    res = 0
    while pq:
        _, bits = heapq.heappop(pq)
        for bit in bits:
            res |= 1 << bit
    print(res)

if __name__ == ""__main__"":
    main()"
M04,maximum-or,Medium,P3,meta-llama/llama-3.3-70b-instruct,stdin,lcb-stdin,1,0,0,6.75,want='30' got='',"import sys
import heapq

def calculate_or(nums):
    result = 0
    for num in nums:
        result |= num
    return result

def main():
    nums = list(map(int, input().split()))
    k = int(input())
    pq = []
    for i, num in enumerate(nums):
        heapq.heappush(pq, (-num, i))
    for _ in range(k):
        num, i = heapq.heappop(pq)
        num *= 2
        nums[i] = -num
        heapq.heappush(pq, (num, i))
    print(calculate_or(nums))

if __name__ == ""__main__"":
    main()"
M05,maximum-strength-of-a-group,Medium,P1,meta-llama/llama-3.3-70b-instruct,stdin,lcb-stdin,1,0,0,4.42,want='1350' got='',"import sys
import itertools

def calculate_strength(nums, indices):
    strength = 1
    for index in indices:
        strength *= nums[index]
    return strength

nums = list(map(int, input().split()))
max_strength = float('-inf')

for r in range(1, len(nums) + 1):
    for combination in itertools.combinations(range(len(nums)), r):
        strength = calculate_strength(nums, combination)
        max_strength = max(max_strength, strength)

print(max_strength)"
M05,maximum-strength-of-a-group,Medium,P2,meta-llama/llama-3.3-70b-instruct,stdin,lcb-stdin,1,0,0,4.94,want='1350' got='',"import sys
import itertools

def calculate_strength(nums, indices):
    strength = 1
    for index in indices:
        strength *= nums[index]
    return strength

nums = list(map(int, input().split()))
max_strength = float('-inf')

for r in range(1, len(nums) + 1):
    for combination in itertools.combinations(range(len(nums)), r):
        strength = calculate_strength(nums, combination)
        max_strength = max(max_strength, strength)

print(max_strength)"
M05,maximum-strength-of-a-group,Medium,P3,meta-llama/llama-3.3-70b-instruct,stdin,lcb-stdin,1,0,0,55.75,want='1350' got='',"import sys
import itertools

def calculate_strength(nums, indices):
    strength = 1
    for index in indices:
        strength *= nums[index]
    return strength

nums = list(map(int, input().split()))
max_strength = float('-inf')

for r in range(1, len(nums) + 1):
    for combination in itertools.combinations(range(len(nums)), r):
        strength = calculate_strength(nums, combination)
        max_strength = max(max_strength, strength)

print(max_strength)"
M06,extra-characters-in-a-string,Medium,P1,meta-llama/llama-3.3-70b-instruct,stdin,lcb-stdin,1,0,0,16.87,want='1' got='5',"import sys

def min_extra_chars(s, dictionary):
    dp = [0] * (len(s) + 1)
    for i in range(1, len(s) + 1):
        dp[i] = dp[i - 1] + 1
        for word in dictionary:
            if i >= len(word) and s[i - len(word):i] == word:
                dp[i] = min(dp[i], dp[i - len(word)])
    return dp[-1]

s = input().strip('""')
dictionary = input().strip('[]').split('"", ""')
print(min_extra_chars(s, dictionary))"
M06,extra-characters-in-a-string,Medium,P2,meta-llama/llama-3.3-70b-instruct,stdin,lcb-stdin,1,0,0,4.74,want='1' got='5',"import sys

def min_extra_chars(s, dictionary):
    n = len(s)
    dp = [0] * (n + 1)
    for i in range(1, n + 1):
        dp[i] = dp[i - 1] + 1
        for word in dictionary:
            if i >= len(word) and s[i - len(word):i] == word:
                dp[i] = min(dp[i], dp[i - len(word)])
    return dp[-1]

s = input().strip('""')
dictionary = input().strip('[]').split('"", ""')
print(min_extra_chars(s, dictionary))"
M06,extra-characters-in-a-string,Medium,P3,meta-llama/llama-3.3-70b-instruct,stdin,lcb-stdin,1,0,0,4.29,want='1' got='11',"import sys

def min_extra_chars(s, dictionary):
    dp = [0] * (len(s) + 1)
    for i in range(1, len(s) + 1):
        dp[i] = dp[i - 1] + 1
        for word in dictionary:
            if i >= len(word) and s[i - len(word):i] == word:
                dp[i] = min(dp[i], dp[i - len(word)])
    return dp[-1]

s = input().strip()
dictionary = input().strip().split()
print(min_extra_chars(s, dictionary))"
M07,number-of-adjacent-elements-with-the-same-color,Medium,P1,meta-llama/llama-3.3-70b-instruct,stdin,lcb-stdin,1,0,0,3.88,"want='[0, 1, 1, 0, 2]' got=''","import sys

n = int(input())
queries = [list(map(int, input().split())) for _ in range(int(input()))]

nums = [0] * n
answer = []

for index, color in queries:
    nums[index] = color
    count = sum(1 for i in range(n - 1) if nums[i] == nums[i + 1] and nums[i] != 0)
    answer.append(count)

print(*answer)"
M07,number-of-adjacent-elements-with-the-same-color,Medium,P2,meta-llama/llama-3.3-70b-instruct,stdin,lcb-stdin,1,0,0,3.37,"want='[0, 1, 1, 0, 2]' got=''","import sys

n = int(input())
queries = [list(map(int, input().split())) for _ in range(int(input()))]

nums = [0] * n
answer = []

for index, color in queries:
    nums[index] = color
    count = sum(1 for i in range(n - 1) if nums[i] == nums[i + 1] and nums[i] != 0)
    answer.append(count)

print(*answer)"
M07,number-of-adjacent-elements-with-the-same-color,Medium,P3,meta-llama/llama-3.3-70b-instruct,stdin,lcb-stdin,1,0,0,50.18,"want='[0, 1, 1, 0, 2]' got=''","import sys

n = int(input())
queries = []
for _ in range(int(input())):
    index, color = map(int, input().split())
    queries.append([index, color])

nums = [0] * n
answer = []

for index, color in queries:
    nums[index] = color
    count = 0
    for j in range(n - 1):
        if nums[j] == nums[j + 1] and nums[j]!= 0:
            count += 1
    answer.append(count)

print(*answer)"
M08,find-the-longest-semi-repetitive-substring,Medium,P1,meta-llama/llama-3.3-70b-instruct,stdin,lcb-stdin,1,0,0,5.92,want='4' got='5',"def find_longest_semi_repetitive_substring(s):
    max_length = 0
    for i in range(len(s)):
        for j in range(i + 1, len(s) + 1):
            substring = s[i:j]
            consecutive_pairs = 0
            for k in range(len(substring) - 1):
                if substring[k] == substring[k + 1]:
                    consecutive_pairs += 1
                    if consecutive_pairs > 1:
                        break
            if consecutive_pairs <= 1:
                max_length = max(max_length, len(substring))
    return max_length

s = input()
print(find_longest_semi_repetitive_substring(s))"
M08,find-the-longest-semi-repetitive-substring,Medium,P2,meta-llama/llama-3.3-70b-instruct,stdin,lcb-stdin,1,0,0,50.15,want='4' got='5',"def longest_semi_repetitive_substring(s):
    max_length = 0
    for i in range(len(s)):
        for j in range(i + 1, len(s) + 1):
            substring = s[i:j]
            consecutive_count = 0
            for k in range(len(substring) - 1):
                if substring[k] == substring[k + 1]:
                    consecutive_count += 1
                    if consecutive_count > 1:
                        break
            if consecutive_count <= 1:
                max_length = max(max_length, len(substring))
    return max_length

s = input()
print(longest_semi_repetitive_substring(s))"
M08,find-the-longest-semi-repetitive-substring,Medium,P3,meta-llama/llama-3.3-70b-instruct,stdin,lcb-stdin,1,0,0,12.61,want='4' got='5',"def is_semi_repetitive(s):
    count = 0
    for i in range(len(s) - 1):
        if s[i] == s[i + 1]:
            count += 1
        if count > 1:
            return False
    return True

s = input()
max_length = 0
for i in range(len(s)):
    for j in range(i + 1, len(s) + 1):
        substring = s[i:j]
        if is_semi_repetitive(substring):
            max_length = max(max_length, len(substring))

print(max_length)"
M09,neighboring-bitwise-xor,Medium,P1,meta-llama/llama-3.3-70b-instruct,stdin,lcb-stdin,1,1,1,4.8,,
M09,neighboring-bitwise-xor,Medium,P2,meta-llama/llama-3.3-70b-instruct,stdin,lcb-stdin,1,1,1,2.84,,
M09,neighboring-bitwise-xor,Medium,P3,meta-llama/llama-3.3-70b-instruct,stdin,lcb-stdin,1,0,0,4.41,want='true' got='',"import sys

def main():
    derived = list(map(int, input().strip().split()))
    n = len(derived)

    for first in range(2):
        original = [first]
        for i in range(1, n):
            original.append(derived[i-1] ^ original[-1])
        original.append(derived[-1] ^ original[0])
        if original[-1] == first:
            print(""true"")
            return
    print(""false"")

if __name__ == ""__main__"":
    main()"
M10,find-the-punishment-number-of-an-integer,Medium,P1,meta-llama/llama-3.3-70b-instruct,stdin,lcb-stdin,1,1,1,2.72,,
M10,find-the-punishment-number-of-an-integer,Medium,P2,meta-llama/llama-3.3-70b-instruct,stdin,lcb-stdin,1,1,1,3.43,,
M10,find-the-punishment-number-of-an-integer,Medium,P3,meta-llama/llama-3.3-70b-instruct,stdin,lcb-stdin,1,1,1,3.28,,
M11,collecting-chocolates,Medium,P1,meta-llama/llama-3.3-70b-instruct,stdin,lcb-stdin,1,0,0,1.1,want='13' got='',"import sys

nums = list(map(int, input().split()))
x = int(input())

n = len(nums)
min_cost = float('inf')

for i in range(n):
    total_cost = 0
    for j in range(n):
        total_cost += nums[(i + j) % n]
        if j < n - 1:
            total_cost += x
    min_cost = min(min_cost, total_cost)

print(min_cost)"
M11,collecting-chocolates,Medium,P2,meta-llama/llama-3.3-70b-instruct,stdin,lcb-stdin,1,0,0,1.49,want='13' got='',"import sys

def main():
    nums = list(map(int, input().split()))
    x = int(input())

    n = len(nums)
    min_cost = float('inf')

    for start in range(n):
        cost = 0
        for i in range(n):
            cost += nums[(start + i) % n]
            if i < n - 1:
                cost += x
        min_cost = min(min_cost, cost)

    print(min_cost)

if __name__ == ""__main__"":
    main()"
M11,collecting-chocolates,Medium,P3,meta-llama/llama-3.3-70b-instruct,stdin,lcb-stdin,1,0,0,6.1,want='13' got='',"import sys

def main():
    nums = list(map(int, input().split()))
    x = int(input())

    n = len(nums)
    min_cost = float('inf')

    for i in range(n):
        total_cost = 0
        for j in range(n):
            total_cost += nums[(i + j) % n]
        min_cost = min(min_cost, total_cost)

    for i in range(n):
        total_cost = nums[i]
        for j in range(1, n):
            total_cost += x + nums[(i + j) % n]
        min_cost = min(min_cost, total_cost)

    print(min_cost)

if __name__ == ""__main__"":
    main()"
M12,determine-the-minimum-sum-of-a-k-avoiding-array,Medium,P1,meta-llama/llama-3.3-70b-instruct,stdin,lcb-stdin,1,0,0,3.59,want='18' got='25',"import sys

n = int(input())
k = int(input())

total_sum = 0
num = 1

for _ in range(n):
    if k - num > num and k - num not in range(1, num):
        total_sum += num
        num += 1
    else:
        num += 1
        total_sum += num
        num += 1

print(total_sum)"
M12,determine-the-minimum-sum-of-a-k-avoiding-array,Medium,P2,meta-llama/llama-3.3-70b-instruct,stdin,lcb-stdin,1,0,0,11.69,want='18' got='19',"import sys

def main():
    n = int(input())
    k = int(input())

    total_sum = 0
    num = 1

    for _ in range(n):
        if num == k // 2 and k % 2 == 0:
            num += 1
        total_sum += num
        num += 1

    print(total_sum)

if __name__ == ""__main__"":
    main()"
M12,determine-the-minimum-sum-of-a-k-avoiding-array,Medium,P3,meta-llama/llama-3.3-70b-instruct,stdin,lcb-stdin,1,1,1,8.39,,
M13,minimum-cost-to-make-all-characters-equal,Medium,P1,meta-llama/llama-3.3-70b-instruct,stdin,lcb-stdin,1,0,0,1.49,want='2' got='6',"s = input()
n = len(s)
cost = 0
for i in range(1, n):
    if s[i] != s[i-1]:
        cost += min(i+1, n-i)
print(cost)"
M13,minimum-cost-to-make-all-characters-equal,Medium,P2,meta-llama/llama-3.3-70b-instruct,stdin,lcb-stdin,1,0,0,4.86,want='2' got='7',"import sys

s = input()
n = len(s)
cost = 0
prev = '0'

for i in range(n):
    if s[i] != prev:
        cost += min(i + 1, n - i)
        prev = s[i]

print(cost)"
M13,minimum-cost-to-make-all-characters-equal,Medium,P3,meta-llama/llama-3.3-70b-instruct,stdin,lcb-stdin,1,0,0,2.93,want='2' got='6',"import sys

s = input().strip()
n = len(s)

cost = 0
for i in range(1, n):
    if s[i] != s[i-1]:
        cost += min(i+1, n-i)

print(cost)"
M14,lexicographically-smallest-string-after-substring-operation,Medium,P1,meta-llama/llama-3.3-70b-instruct,stdin,lcb-stdin,1,0,0,0.35,"want='""baabc""' got='!baabc""'","s = input()

result = s
for i in range(len(s)):
    for j in range(i + 1, len(s) + 1):
        new_s = s[:i] + ''.join('z' if c == 'a' else chr(ord(c) - 1) for c in s[i:j]) + s[j:]
        result = min(result, new_s)

print(result)"
M14,lexicographically-smallest-string-after-substring-operation,Medium,P2,meta-llama/llama-3.3-70b-instruct,stdin,lcb-stdin,1,0,0,6.04,"want='""baabc""' got='!baabc""'","import sys

def smallest_string(s):
    n = len(s)
    result = list(s)
    for i in range(n):
        for j in range(i, n):
            temp = list(s)
            for k in range(i, j + 1):
                if temp[k] == 'a':
                    temp[k] = 'z'
                else:
                    temp[k] = chr(ord(temp[k]) - 1)
            if temp < result:
                result = temp
    return ''.join(result)

s = input()
print(smallest_string(s))"
M14,lexicographically-smallest-string-after-substring-operation,Medium,P3,meta-llama/llama-3.3-70b-instruct,stdin,lcb-stdin,1,0,0,14.89,"want='""baabc""' got='!baabc""'","import sys

def smallest_string(s):
    n = len(s)
    res = list(s)
    for i in range(n):
        for j in range(i, n):
            t = list(s)
            for k in range(i, j + 1):
                if t[k] == 'a':
                    t[k] = 'z'
                else:
                    t[k] = chr(ord(t[k]) - 1)
            if t < res:
                res = t
    return ''.join(res)

s = input().strip()
print(smallest_string(s))"
M15,find-the-longest-equal-subarray,Medium,P1,meta-llama/llama-3.3-70b-instruct,stdin,lcb-stdin,1,0,0,8.48,want='3' got='',"import sys

def read_input():
    lines = sys.stdin.readlines()
    nums = list(map(int, lines[0].strip().split()))
    k = int(lines[1].strip())
    return nums, k

def find_longest_equal_subarray(nums, k):
    max_length = 0
    for num in set(nums):
        left = 0
        count = 0
        for right in range(len(nums)):
            if nums[right]!= num:
                count += 1
            while count > k:
                if nums[left]!= num:
                    count -= 1
                left += 1
            max_length = max(max_length, right - left + 1)
    return max_length

nums, k = read_input()
print(find_longest_equal_subarray(nums, k))"
M15,find-the-longest-equal-subarray,Medium,P2,meta-llama/llama-3.3-70b-instruct,stdin,lcb-stdin,1,0,0,6.69,want='3' got='6',"import sys

def longest_subarray(nums, k):
    max_length = 0
    for num in set(nums):
        left = 0
        count = 0
        for right in range(len(nums)):
            if nums[right]!= num:
                count += 1
            while count > k:
                if nums[left]!= num:
                    count -= 1
                left += 1
            max_length = max(max_length, right - left + 1)
    return max_length

nums = list(map(int, input().strip()[1:-1].split(', ')))
k = int(input())
print(longest_subarray(nums, k))"
M15,find-the-longest-equal-subarray,Medium,P3,meta-llama/llama-3.3-70b-instruct,stdin,lcb-stdin,1,0,0,19.68,want='3' got='',"import sys

def longest_equal_subarray(nums, k):
    max_length = 0
    for num in set(nums):
        left = 0
        count = 0
        for right in range(len(nums)):
            if nums[right]!= num:
                count += 1
            while count > k:
                if nums[left]!= num:
                    count -= 1
                left += 1
            max_length = max(max_length, right - left + 1)
    return max_length

nums = list(map(int, input().split()))
k = int(input())
print(longest_equal_subarray(nums, k))"
M16,count-zero-request-servers,Medium,P1,meta-llama/llama-3.3-70b-instruct,stdin,lcb-stdin,1,0,0,3.47,"want='[1, 2]' got=''","import sys

def main():
    n = int(input())
    logs = [list(map(int, input().strip()[1:-1].split(', '))) for _ in range(int(input().strip()[1:-1]))]
    x = int(input())
    queries = list(map(int, input().strip()[1:-1].split(', ')))

    result = []
    for query in queries:
        start = query - x
        servers_with_requests = set()
        for log in logs:
            if start <= log[1] <= query:
                servers_with_requests.add(log[0])
        result.append(n - len(servers_with_requests))

    print(result)

if __name__ == ""__main__"":
    main()"
M16,count-zero-request-servers,Medium,P2,meta-llama/llama-3.3-70b-instruct,stdin,lcb-stdin,1,0,0,3.8,"want='[1, 2]' got=''","import sys

def main():
    n = int(input())
    logs = [list(map(int, input().split())) for _ in range(int(input()))]
    x = int(input())
    queries = list(map(int, input().split()))

    result = []
    for query in queries:
        start_time = query - x
        servers_with_requests = set()
        for server_id, time in logs:
            if start_time <= time <= query:
                servers_with_requests.add(server_id)
        result.append(n - len(servers_with_requests))

    print(*result)

if __name__ == ""__main__"":
    main()"
M16,count-zero-request-servers,Medium,P3,meta-llama/llama-3.3-70b-instruct,stdin,lcb-stdin,1,0,0,4.72,"want='[1, 2]' got=''","import sys

n = int(input())
logs = [list(map(int, input().split())) for _ in range(int(input()))]
x = int(input())
queries = list(map(int, input().split()))

result = []
for query in queries:
    servers_with_requests = set()
    for server_id, time in logs:
        if query - x <= time <= query:
            servers_with_requests.add(server_id)
    result.append(n - len(servers_with_requests))

print(*result)"
M17,relocate-marbles,Medium,P1,meta-llama/llama-3.3-70b-instruct,stdin,lcb-stdin,1,0,0,9.13,"want='[5, 6, 8, 9]' got=''","import sys

def main():
    nums = list(map(int, input().split()))
    moveFrom = list(map(int, input().split()))
    moveTo = list(map(int, input().split()))

    positions = {}
    for num in nums:
        if num in positions:
            positions[num] += 1
        else:
            positions[num] = 1

    for i in range(len(moveFrom)):
        if moveFrom[i] in positions:
            if moveTo[i] in positions:
                positions[moveTo[i]] += positions[moveFrom[i]]
            else:
                positions[moveTo[i]] = positions[moveFrom[i]]
            del positions[moveFrom[i]]

    occupied_positions = sorted(positions.keys())
    print(*occupied_positions)

if __name__ == ""__main__"":
    main()"
M17,relocate-marbles,Medium,P2,meta-llama/llama-3.3-70b-instruct,stdin,lcb-stdin,1,0,0,6.99,"want='[5, 6, 8, 9]' got=''","import sys

def main():
    nums = list(map(int, input().split()))
    moveFrom = list(map(int, input().split()))
    moveTo = list(map(int, input().split()))

    marble_positions = {}
    for num in nums:
        if num in marble_positions:
            marble_positions[num] += 1
        else:
            marble_positions[num] = 1

    for i in range(len(moveFrom)):
        if moveFrom[i] in marble_positions:
            if moveTo[i] in marble_positions:
                marble_positions[moveTo[i]] += marble_positions[moveFrom[i]]
            else:
                marble_positions[moveTo[i]] = marble_positions[moveFrom[i]]
            marble_positions[moveFrom[i]] = 0

    occupied_positions = [position for position, count in marble_positions.items() if count > 0]
    occupied_positions.sort()
    print(*occupied_positions)

if __name__ == ""__main__"":
    main()"
M17,relocate-marbles,Medium,P3,meta-llama/llama-3.3-70b-instruct,stdin,lcb-stdin,1,0,0,3.84,"want='[5, 6, 8, 9]' got=''","import sys

def main():
    nums = list(map(int, input().split()))
    moveFrom = list(map(int, input().split()))
    moveTo = list(map(int, input().split()))

    positions = {}
    for num in nums:
        if num in positions:
            positions[num] += 1
        else:
            positions[num] = 1

    for i in range(len(moveFrom)):
        if moveFrom[i] in positions:
            if moveTo[i] in positions:
                positions[moveTo[i]] += positions[moveFrom[i]]
            else:
                positions[moveTo[i]] = positions[moveFrom[i]]
            del positions[moveFrom[i]]

    occupied_positions = sorted(positions.keys())
    print(*occupied_positions)

if __name__ == ""__main__"":
    main()"
M18,minimum-operations-to-make-the-integer-zero,Medium,P1,meta-llama/llama-3.3-70b-instruct,stdin,lcb-stdin,1,0,0,4.2,want='3' got='-1',"import sys

def min_operations(num1, num2):
    if num2 == 0:
        if num1 == 0:
            return 0
        else:
            return -1

    operations = 0
    while num1 != 0:
        if num1 * num2 < 0:
            return -1
        if num1 % num2 == 0:
            return operations + num1 // num2
        for i in range(60, -1, -1):
            if num1 - (2**i + num2) >= 0:
                num1 -= (2**i + num2)
                operations += 1
                break
    return operations

num1 = int(input())
num2 = int(input())
print(min_operations(num1, num2))"
M18,minimum-operations-to-make-the-integer-zero,Medium,P2,meta-llama/llama-3.3-70b-instruct,stdin,lcb-stdin,1,0,0,3.3,want='3' got='-1',"import sys

def min_operations(num1, num2):
    if num2 == 0:
        if num1 == 0:
            return 0
        else:
            return -1

    operations = 0
    while num1 != 0:
        if num1 * num2 < 0:
            return -1
        if num1 % num2 == 0:
            return operations + num1 // num2
        num1 = num1 % num2
        operations += 1
    return operations

num1 = int(input())
num2 = int(input())
print(min_operations(num1, num2))"
M18,minimum-operations-to-make-the-integer-zero,Medium,P3,meta-llama/llama-3.3-70b-instruct,stdin,lcb-stdin,1,0,0,6.04,Timeout,"from collections import deque

def bfs(num1, num2):
    queue = deque([(num1, 0)])
    visited = set([num1])

    while queue:
        current_num, steps = queue.popleft()

        if current_num == 0:
            return steps

        for i in range(61):
            next_num = current_num - (2**i + num2)

            if next_num not in visited:
                queue.append((next_num, steps + 1))
                visited.add(next_num)

    return -1

num1 = int(input())
num2 = int(input())

print(bfs(num1, num2))"
M19,find-the-value-of-the-partition,Medium,P1,meta-llama/llama-3.3-70b-instruct,stdin,lcb-stdin,1,0,0,1.23,want='1' got='',"import sys

def main():
    nums = list(map(int, input().split()))
    nums.sort()
    min_diff = float('inf')
    for i in range(1, len(nums)):
        max_nums1 = nums[i-1]
        min_nums2 = nums[i]
        diff = abs(max_nums1 - min_nums2)
        min_diff = min(min_diff, diff)
    print(min_diff)

if __name__ == ""__main__"":
    main()"
M19,find-the-value-of-the-partition,Medium,P2,meta-llama/llama-3.3-70b-instruct,stdin,lcb-stdin,1,0,0,3.36,want='1' got='',"import sys

def main():
    nums = list(map(int, input().split()))
    nums.sort()
    min_diff = float('inf')
    for i in range(1, len(nums)):
        max_left = nums[i-1]
        min_right = nums[i]
        diff = abs(max_left - min_right)
        min_diff = min(min_diff, diff)
    print(min_diff)

if __name__ == ""__main__"":
    main()"
M19,find-the-value-of-the-partition,Medium,P3,meta-llama/llama-3.3-70b-instruct,stdin,lcb-stdin,1,0,0,17.17,want='1' got='',"import sys

def main():
    nums = list(map(int, input().split()))
    nums.sort()
    min_diff = float('inf')
    for i in range(1, len(nums)):
        max_nums1 = nums[i-1]
        min_nums2 = nums[i]
        diff = abs(max_nums1 - min_nums2)
        min_diff = min(min_diff, diff)
    print(min_diff)

if __name__ == ""__main__"":
    main()"
M20,special-permutations,Medium,P1,meta-llama/llama-3.3-70b-instruct,stdin,lcb-stdin,1,1,1,4.14,,
M20,special-permutations,Medium,P2,meta-llama/llama-3.3-70b-instruct,stdin,lcb-stdin,1,0,0,3.35,want='2' got='',"import sys
from itertools import permutations
from math import factorial

MOD = 10**9 + 7

def main():
    nums = list(map(int, input().split(',')))
    count = 0
    for perm in permutations(nums):
        valid = True
        for i in range(len(perm) - 1):
            if perm[i] % perm[i+1] != 0 and perm[i+1] % perm[i] != 0:
                valid = False
                break
        if valid:
            count += 1
    print(count % MOD)

if __name__ == ""__main__"":
    main()"
M20,special-permutations,Medium,P3,meta-llama/llama-3.3-70b-instruct,stdin,lcb-stdin,1,0,0,3.54,want='2' got='',"import sys
from itertools import permutations

MOD = 10**9 + 7

def is_special_permutation(nums):
    for i in range(len(nums) - 1):
        if nums[i] % nums[i+1] != 0 and nums[i+1] % nums[i] != 0:
            return False
    return True

nums = list(map(int, input().split()))
count = 0

for p in permutations(nums):
    if is_special_permutation(p):
        count += 1

print(count % MOD)"
M21,construct-the-longest-new-string,Medium,P1,meta-llama/llama-3.3-70b-instruct,stdin,lcb-stdin,1,0,0,17.67,want='12' got='4',"x = int(input())
y = int(input())
z = int(input())

def calculate_length(x, y, z):
    length = 0
    while True:
        if x > 0 and y > 0:
            if x > y:
                if z > 0:
                    length += 2
                    x -= 1
                    y -= 1
                    z -= 1
                else:
                    length += 2
                    x -= 1
                    y -= 1
            else:
                if z > 0:
                    length += 2
                    x -= 1
                    y -= 1
                    z -= 1
                else:
                    length += 2
                    x -= 1
                    y -= 1
        elif x > 0 and z > 0:
            length += 2
            x -= 1
            z -= 1
        elif y > 0 and z > 0:
            length += 2
            y -= 1
            z -= 1
        elif x > 0 and x < 3:
            length += 2 * x
            x = 0
        elif y > 0 and y < 3:
            length += 2 * y
            y = 0
        else:
            break
    return length

print(calculate_length(x, y, z))"
M21,construct-the-longest-new-string,Medium,P2,meta-llama/llama-3.3-70b-instruct,stdin,lcb-stdin,1,0,0,5.79,want='12' got='7',"import sys

x = int(input())
y = int(input())
z = int(input())

def calculate_max_length(x, y, z):
    max_length = 0
    for i in range(z + 1):
        remaining_x = x - i
        remaining_y = y - i
        if remaining_x < 0 or remaining_y < 0:
            continue
        max_length = max(max_length, 2 * i + min(remaining_x, remaining_y) * 2 + abs(remaining_x - remaining_y))
    return max_length

print(calculate_max_length(x, y, z))"
M21,construct-the-longest-new-string,Medium,P3,meta-llama/llama-3.3-70b-instruct,stdin,lcb-stdin,1,0,0,10.05,want='12' got='6',"import sys

x = int(input())
y = int(input())
z = int(input())

def construct_longest_string(x, y, z):
    max_length = 0
    for i in range(x + 1):
        for j in range(y + 1):
            for k in range(z + 1):
                string = 'A' * i * 2 + 'B' * j * 2 + 'AB' * k
                if 'AAA' not in string and 'BBB' not in string:
                    max_length = max(max_length, len(string))
    return max_length

print(construct_longest_string(x, y, z))"
M22,decremental-string-concatenation,Medium,P1,meta-llama/llama-3.3-70b-instruct,stdin,lcb-stdin,0,0,0,7.18,SyntaxError line 20: '(' was never closed,"import sys

def join(x, y):
    if x[-1] == y[0]:
        return x + y[1:]
    else:
        return x + y

def main():
    words = input().split()
    n = len(words)
    dp = [[float('inf')] * n for _ in range(n)]
    for i in range(n):
        dp[i][i] = len(words[i])

    for length in range(1, n):
        for i in range(n - length):
            j = i + length
            for k in range(i, j):
                dp[i][j] = min(dp[i][j], min(len(join(words[k], join(words[i], words[k+1:j+1])) if k < j-1 else len(join(words[k], words[k+1])), 
                                                  len(join(join(words[i], words[k]), words[k+1:j+1]) if k < j-1 else len(join(words[i], words[k]))))

    print(dp[0][n-1])

if __name__ == ""__main__"":
    main()"
M22,decremental-string-concatenation,Medium,P2,meta-llama/llama-3.3-70b-instruct,stdin,lcb-stdin,1,0,0,8.22,want='4' got='10',"import sys

def join(x, y):
    if x[-1] == y[0]:
        return x + y[1:]
    else:
        return x + y

def main():
    words = input().split()
    n = len(words)
    dp = [[float('inf')] * n for _ in range(n)]
    for i in range(n):
        dp[i][i] = len(words[i])
    for length in range(1, n):
        for i in range(n - length):
            j = i + length
            for k in range(i, j):
                dp[i][j] = min(dp[i][j], min(len(join(words[k], words[j])), len(join(words[j], words[k])) + dp[i][k] if k > i else len(join(words[j], words[k]))))
    print(dp[0][n - 1])

if __name__ == ""__main__"":
    main()"
M22,decremental-string-concatenation,Medium,P3,meta-llama/llama-3.3-70b-instruct,stdin,lcb-stdin,1,0,0,10.64,want='4' got='0',"import sys

def join(x, y):
    if x[-1] == y[0]:
        return x + y[1:]
    else:
        return x + y

def main():
    words = input().split()
    n = len(words)
    dp = [[float('inf')] * n for _ in range(n)]
    for i in range(n):
        dp[i][i] = len(words[i])

    for length in range(1, n):
        for i in range(n - length):
            j = i + length
            for k in range(i, j):
                dp[i][j] = min(dp[i][j], min(len(join(words[k], words[j])), len(join(words[j], words[k])) + dp[i][k] if k > i else 0))

    print(dp[0][n-1])

if __name__ == ""__main__"":
    main()"
M23,maximum-number-of-jumps-to-reach-the-last-index,Medium,P1,meta-llama/llama-3.3-70b-instruct,stdin,lcb-stdin,1,0,0,3.98,want='3' got='4',"import sys

def max_jumps(nums, target):
    n = len(nums)
    jumps = [1] * n
    for i in range(1, n):
        for j in range(i):
            if -target <= nums[i] - nums[j] <= target:
                jumps[i] = max(jumps[i], jumps[j] + 1)
    return jumps[-1] if jumps[-1] > 1 else -1

nums = list(map(int, input().strip('[]').split(', ')))
target = int(input())
print(max_jumps(nums, target))"
M23,maximum-number-of-jumps-to-reach-the-last-index,Medium,P2,meta-llama/llama-3.3-70b-instruct,stdin,lcb-stdin,1,0,0,3.91,want='3' got='',"import sys

def max_jumps(nums, target):
    n = len(nums)
    dp = [0] * n
    dp[0] = 0
    for i in range(1, n):
        dp[i] = -1
        for j in range(i):
            if -target <= nums[i] - nums[j] <= target:
                if dp[j] != -1:
                    dp[i] = max(dp[i], dp[j] + 1) if dp[i] != -1 else dp[j] + 1
    return dp[-1]

nums = list(map(int, input().split()))
target = int(input())
print(max_jumps(nums, target))"
M23,maximum-number-of-jumps-to-reach-the-last-index,Medium,P3,meta-llama/llama-3.3-70b-instruct,stdin,lcb-stdin,1,0,0,3.99,want='3' got='',"import sys

def max_jumps(nums, target):
    n = len(nums)
    max_jumps = [1] * n
    for i in range(1, n):
        for j in range(i):
            if -target <= nums[i] - nums[j] <= target:
                max_jumps[i] = max(max_jumps[i], max_jumps[j] + 1)
    return max_jumps[-1] if max_jumps[-1] > 1 else -1

nums = list(map(int, input().split()))
target = int(input())
print(max_jumps(nums, target))"
M24,count-complete-subarrays-in-an-array,Medium,P1,meta-llama/llama-3.3-70b-instruct,stdin,lcb-stdin,1,1,1,4.7,,
M24,count-complete-subarrays-in-an-array,Medium,P2,meta-llama/llama-3.3-70b-instruct,stdin,lcb-stdin,1,0,0,3.23,want='4' got='',"import sys

def count_complete_subarrays(nums):
    n = len(nums)
    total_distinct = len(set(nums))
    count = 0

    for i in range(n):
        distinct = set()
        for j in range(i, n):
            distinct.add(nums[j])
            if len(distinct) == total_distinct:
                count += 1

    return count

nums = list(map(int, input().split()))
print(count_complete_subarrays(nums))"
M24,count-complete-subarrays-in-an-array,Medium,P3,meta-llama/llama-3.3-70b-instruct,stdin,lcb-stdin,1,0,0,8.32,want='4' got='',"import sys

def count_complete_subarrays(nums):
    n = len(nums)
    total_distinct = len(set(nums))
    count = 0

    for i in range(n):
        for j in range(i, n):
            subarray = nums[i:j+1]
            distinct_in_subarray = len(set(subarray))
            if distinct_in_subarray == total_distinct:
                count += 1

    return count

nums = list(map(int, input().split()))
print(count_complete_subarrays(nums))"
M25,ways-to-split-array-into-good-subarrays,Medium,P1,meta-llama/llama-3.3-70b-instruct,stdin,lcb-stdin,1,0,0,4.35,want='3' got='5',"import sys

MOD = 10**9 + 7

nums = list(map(int, input().strip()[1:-1].split(', ')))
n = len(nums)

dp = [0] * n
dp[0] = 1

for i in range(1, n):
    if nums[i] == 1:
        dp[i] = 1
        for j in range(i-1, -1, -1):
            if nums[j] == 1:
                break
            dp[i] = (dp[i] + dp[j]) % MOD
    else:
        dp[i] = dp[i-1]

print(dp[-1])"
M25,ways-to-split-array-into-good-subarrays,Medium,P2,meta-llama/llama-3.3-70b-instruct,stdin,lcb-stdin,1,0,0,13.11,want='3' got='1',"import sys

MOD = 10**9 + 7

def main():
    nums = list(map(int, input().strip()[1:-1].split(', ')))
    n = len(nums)
    dp = [0] * n
    dp[0] = 1
    for i in range(1, n):
        if nums[i] == 1:
            dp[i] = 1
        elif nums[i-1] == 1:
            dp[i] = dp[i-1]
        else:
            dp[i] = dp[i-1] + (dp[i-2] if i >= 2 else 1)
    print(dp[-1] % MOD)

if __name__ == ""__main__"":
    main()"
M25,ways-to-split-array-into-good-subarrays,Medium,P3,meta-llama/llama-3.3-70b-instruct,stdin,lcb-stdin,1,0,0,4.73,want='3' got='2',"import sys

MOD = 10**9 + 7

def main():
    nums = list(map(int, input().strip()[1:-1].split(', ')))
    n = len(nums)
    dp = [0] * n
    dp[0] = 1
    for i in range(1, n):
        if nums[i] == 1:
            dp[i] = 1
            for j in range(i):
                if nums[j] == 1:
                    break
                dp[i] = (dp[i] + dp[j]) % MOD
        else:
            dp[i] = dp[i-1]
    print(dp[-1])

if __name__ == ""__main__"":
    main()"
M26,continuous-subarrays,Medium,P1,meta-llama/llama-3.3-70b-instruct,stdin,lcb-stdin,1,0,0,4.09,want='8' got='',"import sys

def count_continuous_subarrays(nums):
    count = 0
    for i in range(len(nums)):
        for j in range(i, len(nums)):
            subarray = nums[i:j+1]
            if is_continuous(subarray):
                count += 1
    return count

def is_continuous(subarray):
    for i in range(len(subarray)):
        for j in range(i+1, len(subarray)):
            if abs(subarray[i] - subarray[j]) > 2:
                return False
    return True

nums = list(map(int, input().split()))
print(count_continuous_subarrays(nums))"
M26,continuous-subarrays,Medium,P2,meta-llama/llama-3.3-70b-instruct,stdin,lcb-stdin,1,0,0,3.02,want='8' got='',"import sys

def count_continuous_subarrays(nums):
    count = 0
    for i in range(len(nums)):
        for j in range(i, len(nums)):
            subarray = nums[i:j+1]
            if is_continuous(subarray):
                count += 1
    return count

def is_continuous(subarray):
    for i in range(len(subarray)):
        for j in range(i+1, len(subarray)):
            if abs(subarray[i] - subarray[j]) > 2:
                return False
    return True

nums = list(map(int, input().split()))
print(count_continuous_subarrays(nums))"
M26,continuous-subarrays,Medium,P3,meta-llama/llama-3.3-70b-instruct,stdin,lcb-stdin,1,0,0,3.44,want='8' got='',"import sys

def count_continuous_subarrays(nums):
    count = 0
    for i in range(len(nums)):
        for j in range(i, len(nums)):
            subarray = nums[i:j+1]
            is_continuous = True
            for k in range(len(subarray)):
                for m in range(k+1, len(subarray)):
                    if abs(subarray[k] - subarray[m]) > 2:
                        is_continuous = False
                        break
                if not is_continuous:
                    break
            if is_continuous:
                count += 1
    return count

nums = list(map(int, input().split(',')))
print(count_continuous_subarrays(nums))"
M27,longest-non-decreasing-subarray-from-two-arrays,Medium,P1,meta-llama/llama-3.3-70b-instruct,stdin,lcb-stdin,1,0,0,3.21,want='2' got='',"import sys

def longest_non_decreasing_subarray(nums1, nums2):
    n = len(nums1)
    max_length = 1
    current_length = 1

    prev = min(nums1[0], nums2[0])
    for i in range(1, n):
        current = max(nums1[i], nums2[i])
        if current >= prev:
            current_length += 1
            max_length = max(max_length, current_length)
        else:
            current_length = 1
        prev = min(nums1[i], nums2[i])

    return max_length

nums1 = list(map(int, input().split()))
nums2 = list(map(int, input().split()))

print(longest_non_decreasing_subarray(nums1, nums2))"
M27,longest-non-decreasing-subarray-from-two-arrays,Medium,P2,meta-llama/llama-3.3-70b-instruct,stdin,lcb-stdin,1,0,0,10.26,want='2' got='',"import sys

def read_input():
    nums1 = list(map(int, input().split()))
    nums2 = list(map(int, input().split()))
    return nums1, nums2

def longest_non_decreasing_subarray(nums1, nums2):
    n = len(nums1)
    max_length = 1
    current_length = 1
    previous = min(nums1[0], nums2[0])

    for i in range(1, n):
        current = max(nums1[i], nums2[i])
        if current >= previous:
            current_length += 1
        else:
            max_length = max(max_length, current_length)
            current_length = 1
        previous = current

    return max(max_length, current_length)

nums1, nums2 = read_input()
print(longest_non_decreasing_subarray(nums1, nums2))"
M27,longest-non-decreasing-subarray-from-two-arrays,Medium,P3,meta-llama/llama-3.3-70b-instruct,stdin,lcb-stdin,1,0,0,0.72,want='2' got='',"import sys

def read_input():
    lines = sys.stdin.readlines()
    nums1 = list(map(int, lines[0].strip().split()))
    nums2 = list(map(int, lines[1].strip().split()))
    return nums1, nums2

def longest_non_decreasing_subarray(nums1, nums2):
    n = len(nums1)
    max_length = 1
    for i in range(n):
        for j in range(i, n):
            subarray = []
            for k in range(i, j + 1):
                subarray.append(min(nums1[k], nums2[k]))
            for k in range(i, j + 1):
                if nums1[k] > subarray[-1]:
                    subarray.append(nums1[k])
                elif nums2[k] > subarray[-1]:
                    subarray.append(nums2[k])
            if all(subarray[k] <= subarray[k + 1] for k in range(len(subarray) - 1)):
                max_length = max(max_length, len(subarray))
    return max_length

nums1, nums2 = read_input()
print(longest_non_decreasing_subarray(nums1, nums2))"
M28,largest-element-in-an-array-after-merge-operations,Medium,P1,meta-llama/llama-3.3-70b-instruct,stdin,lcb-stdin,1,0,0,3.47,want='21' got='',"import sys

def largest_element(nums):
    while len(nums) > 1:
        max_index = 0
        max_sum = 0
        for i in range(len(nums) - 1):
            if nums[i] <= nums[i + 1] and nums[i] + nums[i + 1] > max_sum:
                max_index = i
                max_sum = nums[i] + nums[i + 1]
        if max_sum == 0:
            break
        nums[max_index] = max_sum
        nums.pop(max_index + 1)
    return max(nums)

nums = list(map(int, input().split(',')))
print(largest_element(nums))"
M28,largest-element-in-an-array-after-merge-operations,Medium,P2,meta-llama/llama-3.3-70b-instruct,stdin,lcb-stdin,1,0,0,4.98,want='21' got='',"import sys

def largest_element_after_merge(nums):
    stack = []
    for num in nums:
        while stack and stack[-1] <= num:
            num += stack.pop()
        stack.append(num)
    return max(stack)

nums = list(map(int, input().split(',')))
print(largest_element_after_merge(nums))"
M28,largest-element-in-an-array-after-merge-operations,Medium,P3,meta-llama/llama-3.3-70b-instruct,stdin,lcb-stdin,1,0,0,2.52,want='21' got='',"import sys

def main():
    nums = list(map(int, input().split()))
    while True:
        max_index = -1
        max_sum = 0
        for i in range(len(nums) - 1):
            if nums[i] <= nums[i + 1] and nums[i] + nums[i + 1] > max_sum:
                max_index = i
                max_sum = nums[i] + nums[i + 1]
        if max_index == -1:
            break
        nums[max_index] += nums[max_index + 1]
        nums.pop(max_index + 1)
    print(max(nums))

if __name__ == ""__main__"":
    main()"
M29,prime-pairs-with-target-sum,Medium,P1,meta-llama/llama-3.3-70b-instruct,stdin,lcb-stdin,1,1,1,0.67,,
M29,prime-pairs-with-target-sum,Medium,P2,meta-llama/llama-3.3-70b-instruct,stdin,lcb-stdin,1,1,1,5.63,,
M29,prime-pairs-with-target-sum,Medium,P3,meta-llama/llama-3.3-70b-instruct,stdin,lcb-stdin,1,1,1,1.92,,
M30,shortest-string-that-contains-three-strings,Medium,P1,meta-llama/llama-3.3-70b-instruct,stdin,lcb-stdin,1,0,0,4.46,"want='""aaabca""' got='""""""aaa""abc""bca""'","from itertools import permutations

def shortest_string(a, b, c):
    min_length = float('inf')
    result = """"
    for p in permutations([a, b, c]):
        for i in range(len(p[0]) + 1):
            for j in range(len(p[1]) + 1):
                s = p[0][:i] + p[1] + p[0][i:]
                s = s[:j] + p[2] + s[j:]
                if a in s and b in s and c in s and len(s) < min_length:
                    min_length = len(s)
                    result = s
                elif a in s and b in s and c in s and len(s) == min_length and s < result:
                    result = s
    return result

a = input()
b = input()
c = input()
print(shortest_string(a, b, c))"
M30,shortest-string-that-contains-three-strings,Medium,P2,meta-llama/llama-3.3-70b-instruct,stdin,lcb-stdin,1,0,0,6.61,"want='""aaabca""' got=''","from itertools import permutations

def find_shortest_string(a, b, c):
    shortest = """"
    for p in permutations([a, b, c]):
        for i in range(len(p)):
            for j in range(i + 1, len(p)):
                overlap = 0
                while overlap < len(p[i]) and overlap < len(p[j]) and p[i][-overlap - 1] == p[j][overlap]:
                    overlap += 1
                s = p[i] + p[j][overlap:]
                if a in s and b in s and c in s:
                    if not shortest or len(s) < len(shortest) or (len(s) == len(shortest) and s < shortest):
                        shortest = s
    return shortest

a = input()
b = input()
c = input()
print(find_shortest_string(a, b, c))"
M30,shortest-string-that-contains-three-strings,Medium,P3,meta-llama/llama-3.3-70b-instruct,stdin,lcb-stdin,1,0,0,1.66,"want='""aaabca""' got='""""""aaa""abc""bca""'","from itertools import permutations

def find_shortest_string(a, b, c):
    shortest = """"
    for p in permutations([a, b, c]):
        for i in range(len(p[0]) + 1):
            for j in range(len(p[1]) + 1):
                s = p[0][:i] + p[1] + p[0][i:]
                s = s[:j] + p[2] + s[j:]
                if a in s and b in s and c in s:
                    if not shortest or len(s) < len(shortest) or (len(s) == len(shortest) and s < shortest):
                        shortest = s
    return shortest

a = input()
b = input()
c = input()
print(find_shortest_string(a, b, c))"
M31,apply-operations-to-make-all-array-elements-equal-to-zero,Medium,P1,meta-llama/llama-3.3-70b-instruct,stdin,lcb-stdin,1,0,0,3.33,want='true' got='',"import sys

def main():
    nums = list(map(int, input().split()))
    k = int(input())

    prefix_sum = [0] * (len(nums) + 1)
    for i in range(len(nums)):
        prefix_sum[i + 1] = prefix_sum[i] + nums[i]

    for i in range(len(nums) - k + 1):
        if prefix_sum[i + k] - prefix_sum[i] < k * nums[i]:
            print(False)
            return

    print(True)

if __name__ == ""__main__"":
    main()"
M31,apply-operations-to-make-all-array-elements-equal-to-zero,Medium,P2,meta-llama/llama-3.3-70b-instruct,stdin,lcb-stdin,1,0,0,4.34,want='true' got='',"import sys

def main():
    nums = list(map(int, input().split()))
    k = int(input())

    prefix_sum = [0] * (len(nums) + 1)
    for i in range(len(nums)):
        prefix_sum[i + 1] = prefix_sum[i] + nums[i]

    for i in range(len(nums) - k + 1):
        if prefix_sum[i + k] - prefix_sum[i] % k != 0:
            print(False)
            return

    print(all(x % k == 0 for x in nums))

if __name__ == ""__main__"":
    main()"
M31,apply-operations-to-make-all-array-elements-equal-to-zero,Medium,P3,meta-llama/llama-3.3-70b-instruct,stdin,lcb-stdin,1,0,0,3.26,want='true' got='',"import sys

def main():
    nums = list(map(int, input().split()))
    k = int(input())

    prefix_sum = [0] * (len(nums) + 1)
    for i in range(len(nums)):
        prefix_sum[i + 1] = prefix_sum[i] + nums[i]

    for i in range(len(nums) - k + 1):
        if (prefix_sum[i + k] - prefix_sum[i]) % k != 0:
            print(False)
            return

    print(all(x >= 0 for x in prefix_sum[1:]))

if __name__ == ""__main__"":
    main()"
M32,ways-to-express-an-integer-as-sum-of-powers,Medium,P1,meta-llama/llama-3.3-70b-instruct,stdin,lcb-stdin,1,0,0,10.25,want='1' got='16',"import sys

def read_input():
    return sys.stdin.readline().strip()

def read_int():
    return int(read_input())

def read_ints():
    return map(int, read_input().split())

MOD = 10**9 + 7

n = read_int()
x = read_int()

dp = [0] * (n + 1)
dp[0] = 1

for i in range(1, n + 1):
    j = 1
    while j ** x <= i:
        dp[i] = (dp[i] + dp[i - j ** x]) % MOD
        j += 1

print(dp[n])"
M32,ways-to-express-an-integer-as-sum-of-powers,Medium,P2,meta-llama/llama-3.3-70b-instruct,stdin,lcb-stdin,1,1,1,2.14,,
M32,ways-to-express-an-integer-as-sum-of-powers,Medium,P3,meta-llama/llama-3.3-70b-instruct,stdin,lcb-stdin,1,0,0,7.17,want='1' got='16',"import sys

def main():
    n = int(input())
    x = int(input())
    MOD = 10**9 + 7

    memo = {}

    def dp(n):
        if n in memo:
            return memo[n]
        if n == 0:
            return 1
        if n < 0:
            return 0
        res = 0
        i = 1
        while i**x <= n:
            res = (res + dp(n - i**x)) % MOD
            i += 1
        memo[n] = res
        return res

    print(dp(n))

if __name__ == ""__main__"":
    main()"
M33,partition-string-into-minimum-beautiful-substrings,Medium,P1,meta-llama/llama-3.3-70b-instruct,stdin,lcb-stdin,1,0,0,5.5,want='2' got='',"import sys

def is_beautiful(s):
    if s[0] == '0' and len(s) > 1:
        return False
    num = int(s, 2)
    n = 0
    while 5 ** n <= num:
        if 5 ** n == num:
            return True
        n += 1
    return False

def partition_string(s):
    memo = {}

    def dfs(s):
        if s in memo:
            return memo[s]
        if not s:
            return 0
        res = float('inf')
        for i in range(1, len(s) + 1):
            if is_beautiful(s[:i]):
                if not s[i:]:
                    res = min(res, 1)
                else:
                    res = min(res, 1 + dfs(s[i:]))
        memo[s] = res
        return res

    res = dfs(s)
    return res if res != float('inf') else -1

s = input()
print(partition_string(s))"
M33,partition-string-into-minimum-beautiful-substrings,Medium,P2,meta-llama/llama-3.3-70b-instruct,stdin,lcb-stdin,1,0,0,12.18,want='2' got='',"import sys

def is_beautiful(s):
    if s[0] == '0':
        return False
    num = int(s, 2)
    n = 0
    while 5 ** n <= num:
        if 5 ** n == num:
            return True
        n += 1
    return False

def partition_string(s):
    memo = {}
    def dfs(s):
        if not s:
            return 0
        if s in memo:
            return memo[s]
        res = float('inf')
        for i in range(1, len(s) + 1):
            if is_beautiful(s[:i]):
                res = min(res, 1 + dfs(s[i:]))
        memo[s] = res
        return res
    res = dfs(s)
    return res if res!= float('inf') else -1

s = input()
print(partition_string(s))"
M33,partition-string-into-minimum-beautiful-substrings,Medium,P3,meta-llama/llama-3.3-70b-instruct,stdin,lcb-stdin,1,0,0,5.49,want='2' got='',"import sys

def is_beautiful(s):
    if s[0] == '0' and len(s) > 1:
        return False
    num = int(s, 2)
    n = 0
    while 5 ** n <= num:
        if 5 ** n == num:
            return True
        n += 1
    return False

def partition_string(s):
    memo = {}

    def dfs(s):
        if s in memo:
            return memo[s]
        if not s:
            return 0
        res = float('inf')
        for i in range(1, len(s) + 1):
            if is_beautiful(s[:i]):
                if not s[i:]:
                    res = min(res, 1)
                else:
                    res = min(res, 1 + dfs(s[i:]))
        memo[s] = res
        return res

    res = dfs(s)
    return res if res != float('inf') else -1

s = input()
print(partition_string(s))"
M34,sort-vowels-in-a-string,Medium,P1,meta-llama/llama-3.3-70b-instruct,stdin,lcb-stdin,1,0,0,4.27,"want='""lEOtcede""' got='""lEOtcEde""'","import sys

s = input()
vowels = sorted([char for char in s if char.lower() in 'aeiou'])
vowel_index = 0
result = []

for char in s:
    if char.lower() in 'aeiou':
        if char.isupper():
            result.append(vowels[vowel_index].upper())
        else:
            result.append(vowels[vowel_index])
        vowel_index += 1
    else:
        result.append(char)

print(''.join(result))"
M34,sort-vowels-in-a-string,Medium,P2,meta-llama/llama-3.3-70b-instruct,stdin,lcb-stdin,1,1,1,4.52,,
M34,sort-vowels-in-a-string,Medium,P3,meta-llama/llama-3.3-70b-instruct,stdin,lcb-stdin,1,1,1,15.38,,
M35,minimum-index-of-a-valid-split,Medium,P1,meta-llama/llama-3.3-70b-instruct,stdin,lcb-stdin,1,1,1,8.84,,
M35,minimum-index-of-a-valid-split,Medium,P2,meta-llama/llama-3.3-70b-instruct,stdin,lcb-stdin,1,0,0,14.0,want='2' got='',"import sys

def find_dominant_element(nums):
    count = {}
    for num in nums:
        if num in count:
            count[num] += 1
        else:
            count[num] = 1
    for num, freq in count.items():
        if freq * 2 > len(nums):
            return num
    return None

def is_valid_split(nums, i):
    left = nums[:i+1]
    right = nums[i+1:]
    dominant = find_dominant_element(nums)
    return find_dominant_element(left) == dominant and find_dominant_element(right) == dominant

def find_minimum_index(nums):
    dominant = find_dominant_element(nums)
    for i in range(len(nums) - 1):
        left = nums[:i+1]
        right = nums[i+1:]
        count_left = left.count(dominant)
        count_right = right.count(dominant)
        if count_left * 2 > len(left) and count_right * 2 > len(right):
            return i
    return -1

nums = list(map(int, input().split()))
print(find_minimum_index(nums))"
M35,minimum-index-of-a-valid-split,Medium,P3,meta-llama/llama-3.3-70b-instruct,stdin,lcb-stdin,1,1,1,24.49,,
M36,maximum-beauty-of-an-array-after-applying-operation,Medium,P1,meta-llama/llama-3.3-70b-instruct,stdin,lcb-stdin,1,0,0,3.68,want='3' got='',"import sys

def read_ints():
    return list(map(int, sys.stdin.readline().split()))

def main():
    nums = read_ints()
    k = nums.pop()
    nums.sort()

    max_beauty = 1
    current_beauty = 1

    for i in range(1, len(nums)):
        if nums[i] - nums[i - 1] <= k:
            current_beauty += 1
        else:
            max_beauty = max(max_beauty, current_beauty)
            current_beauty = 1

    max_beauty = max(max_beauty, current_beauty)
    print(max_beauty)

if __name__ == ""__main__"":
    main()"
M36,maximum-beauty-of-an-array-after-applying-operation,Medium,P2,meta-llama/llama-3.3-70b-instruct,stdin,lcb-stdin,1,0,0,3.29,want='3' got='',"import sys

def main():
    nums = list(map(int, input().split()))
    k = int(input())

    nums.sort()
    max_beauty = 1
    current_beauty = 1

    for i in range(1, len(nums)):
        if nums[i] - nums[i - 1] <= k:
            current_beauty += 1
        else:
            max_beauty = max(max_beauty, current_beauty)
            current_beauty = 1

    max_beauty = max(max_beauty, current_beauty)
    print(max_beauty)

if __name__ == ""__main__"":
    main()"
M36,maximum-beauty-of-an-array-after-applying-operation,Medium,P3,meta-llama/llama-3.3-70b-instruct,stdin,lcb-stdin,1,0,0,7.36,want='3' got='',"import sys

def main():
    nums = list(map(int, input().split()))
    k = int(input())

    nums.sort()
    max_beauty = 1
    current_beauty = 1

    for i in range(1, len(nums)):
        if nums[i] - nums[i - 1] <= k:
            current_beauty += 1
        else:
            max_beauty = max(max_beauty, current_beauty)
            current_beauty = 1

    max_beauty = max(max_beauty, current_beauty)
    print(max_beauty)

if __name__ == ""__main__"":
    main()"
M37,visit-array-positions-to-maximize-score,Medium,P1,meta-llama/llama-3.3-70b-instruct,stdin,lcb-stdin,1,0,0,5.47,want='13' got='',"import sys

def read_ints():
    return list(map(int, sys.stdin.readline().split()))

nums = read_ints()
x = read_ints()[0]

even = [0] * len(nums)
odd = [0] * len(nums)

if nums[0] % 2 == 0:
    even[0] = nums[0]
else:
    odd[0] = nums[0]

for i in range(1, len(nums)):
    if nums[i] % 2 == 0:
        even[i] = max(even[i-1], odd[i-1] - x) + nums[i]
        odd[i] = odd[i-1]
    else:
        odd[i] = max(odd[i-1], even[i-1] - x) + nums[i]
        even[i] = even[i-1]

print(max(even[-1], odd[-1]))"
M37,visit-array-positions-to-maximize-score,Medium,P2,meta-llama/llama-3.3-70b-instruct,stdin,lcb-stdin,1,0,0,5.47,want='13' got='',"import sys

def read_ints():
    return list(map(int, sys.stdin.readline().split()))

def read_int():
    return int(sys.stdin.readline())

def main():
    nums = read_ints()
    x = read_int()
    n = len(nums)
    even = [0] * n
    odd = [0] * n
    even[0] = nums[0] if nums[0] % 2 == 0 else -float('inf')
    odd[0] = nums[0] if nums[0] % 2 != 0 else -float('inf')
    for i in range(1, n):
        if nums[i] % 2 == 0:
            even[i] = max(even[i-1], odd[i-1] - x) + nums[i]
            odd[i] = odd[i-1]
        else:
            odd[i] = max(odd[i-1], even[i-1] - x) + nums[i]
            even[i] = even[i-1]
    print(max(even[-1], odd[-1]))

if __name__ == ""__main__"":
    main()"
M37,visit-array-positions-to-maximize-score,Medium,P3,meta-llama/llama-3.3-70b-instruct,stdin,lcb-stdin,1,0,0,15.23,want='13' got='',"import sys

def read_input():
    nums = list(map(int, input().split()))
    x = int(input())
    return nums, x

def calculate_score(nums, x):
    n = len(nums)
    even = [0] * n
    odd = [0] * n

    if nums[0] % 2 == 0:
        even[0] = nums[0]
    else:
        odd[0] = nums[0]

    for i in range(1, n):
        if nums[i] % 2 == 0:
            even[i] = max(even[i-1] + nums[i], odd[i-1] + nums[i] - x)
            odd[i] = odd[i-1]
        else:
            odd[i] = max(odd[i-1] + nums[i], even[i-1] + nums[i] - x)
            even[i] = even[i-1]

    return max(even[-1], odd[-1])

nums, x = read_input()
print(calculate_score(nums, x))"
M38,count-of-interesting-subarrays,Medium,P1,meta-llama/llama-3.3-70b-instruct,stdin,lcb-stdin,1,0,0,1.66,want='3' got='',"import sys

def count_interesting_subarrays(nums, modulo, k):
    count = 0
    for i in range(len(nums)):
        cnt = 0
        for j in range(i, len(nums)):
            if nums[j] % modulo == k:
                cnt += 1
            if cnt % modulo == k:
                count += 1
    return count

nums = list(map(int, input().split()))
modulo, k = map(int, input().split())
print(count_interesting_subarrays(nums, modulo, k))"
M38,count-of-interesting-subarrays,Medium,P2,meta-llama/llama-3.3-70b-instruct,stdin,lcb-stdin,1,0,0,4.54,want='3' got='',"import sys

def count_interesting_subarrays(nums, modulo, k):
    count = 0
    for l in range(len(nums)):
        cnt = 0
        for r in range(l, len(nums)):
            if nums[r] % modulo == k:
                cnt += 1
            if cnt % modulo == k:
                count += 1
    return count

nums = list(map(int, input().split()))
modulo, k = map(int, input().split())
print(count_interesting_subarrays(nums, modulo, k))"
M38,count-of-interesting-subarrays,Medium,P3,meta-llama/llama-3.3-70b-instruct,stdin,lcb-stdin,1,0,0,8.0,want='3' got='',"import sys

def main():
    nums = list(map(int, input().split()))
    modulo, k = map(int, input().split())

    count = 0
    for l in range(len(nums)):
        cnt = 0
        for r in range(l, len(nums)):
            if nums[r] % modulo == k:
                cnt += 1
            if cnt % modulo == k:
                count += 1
    print(count)

if __name__ == ""__main__"":
    main()"
M39,check-if-it-is-possible-to-split-array,Medium,P1,meta-llama/llama-3.3-70b-instruct,stdin,lcb-stdin,1,0,0,6.0,want='false' got='True',"import sys

def can_split(nums, m, n):
    if len(nums) == n:
        return True

    for i in range(1, len(nums)):
        left = nums[:i]
        right = nums[i:]

        if (len(left) == 1 or sum(left) >= m) and (len(right) == 1 or sum(right) >= m):
            if can_split(left, m, min(n, len(left))) and can_split(right, m, n - min(n, len(left))):
                return True

    return False

nums = list(map(int, input().strip()[1:-1].split(', ')))
m = int(input())
n = len(nums)

print(can_split(nums, m, n))"
M39,check-if-it-is-possible-to-split-array,Medium,P2,meta-llama/llama-3.3-70b-instruct,stdin,lcb-stdin,1,0,0,4.25,want='true' got='',"import sys

def can_split(nums, m, n):
    if len(nums) == n:
        return all(x == 1 for x in nums)

    for i in range(1, len(nums)):
        left_sum = sum(nums[:i])
        right_sum = sum(nums[i:])

        if (left_sum >= m or len(nums[:i]) == 1) and (right_sum >= m or len(nums[i:]) == 1):
            if can_split(nums[:i], m, 1) and can_split(nums[i:], m, n - 1):
                return True

    return False

nums = list(map(int, input().split()))
m = int(input())
n = len(nums)

print(can_split(nums, m, n))"
M39,check-if-it-is-possible-to-split-array,Medium,P3,meta-llama/llama-3.3-70b-instruct,stdin,lcb-stdin,1,0,0,9.66,want='true' got='',"import sys

def main():
    nums = list(map(int, input().split()))
    m = int(input())
    n = len(nums)

    def dfs(nums, m, n):
        if n == 1:
            return sum(nums) >= m
        for i in range(1, len(nums)):
            left, right = nums[:i], nums[i:]
            if (len(left) == 1 or sum(left) >= m) and dfs(right, m, n - 1):
                return True
            if (len(right) == 1 or sum(right) >= m) and dfs(left, m, n - 1):
                return True
        return False

    print(dfs(nums, m, n))

if __name__ == ""__main__"":
    main()"
M40,minimum-seconds-to-equalize-a-circular-array,Medium,P1,meta-llama/llama-3.3-70b-instruct,stdin,lcb-stdin,1,0,0,5.75,want='1' got='',"import sys

def main():
    nums = list(map(int, input().split()))
    n = len(nums)
    for num in nums:
        if nums.count(num) == n:
            print(0)
            return
    max_count = 0
    max_num = None
    for num in set(nums):
        count = 0
        for i in range(n):
            if nums[i] == num:
                count += 1
        if count > max_count:
            max_count = count
            max_num = num
    seconds = 0
    while True:
        new_nums = []
        for i in range(n):
            if nums[i] == max_num or nums[(i - 1 + n) % n] == max_num or nums[(i + 1) % n] == max_num:
                new_nums.append(max_num)
            else:
                new_nums.append(nums[i])
        if new_nums.count(max_num) == n:
            break
        nums = new_nums
        seconds += 1
    print(seconds)

if __name__ == ""__main__"":
    main()"
M40,minimum-seconds-to-equalize-a-circular-array,Medium,P2,meta-llama/llama-3.3-70b-instruct,stdin,lcb-stdin,1,0,0,7.56,want='1' got='',"import sys

def main():
    nums = list(map(int, input().split()))
    n = len(nums)
    unique_nums = set(nums)
    if len(unique_nums) == 1:
        print(0)
        return

    min_seconds = float('inf')
    for target in unique_nums:
        seconds = 0
        while True:
            new_nums = [target] * n
            for i in range(n):
                if nums[i] == target:
                    new_nums[i] = target
                elif nums[(i - 1 + n) % n] == target:
                    new_nums[i] = target
                elif nums[(i + 1) % n] == target:
                    new_nums[i] = target
            if new_nums == nums:
                break
            nums = new_nums
            seconds += 1
        min_seconds = min(min_seconds, seconds)

    print(min_seconds)

if __name__ == ""__main__"":
    main()"
M40,minimum-seconds-to-equalize-a-circular-array,Medium,P3,meta-llama/llama-3.3-70b-instruct,stdin,lcb-stdin,1,0,0,5.15,want='1' got='',"import sys

def min_seconds_to_equalize(nums):
    n = len(nums)
    max_count = 0
    max_num = None
    count = {}
    
    for num in nums:
        if num not in count:
            count[num] = 1
        else:
            count[num] += 1
            
        if count[num] > max_count:
            max_count = count[num]
            max_num = num
            
    if max_count == n:
        return 0
    
    seconds = 0
    while True:
        new_nums = []
        for i in range(n):
            new_nums.append(max([nums[(i-1)%n], nums[i], nums[(i+1)%n]]))
        nums = new_nums
        seconds += 1
        
        if len(set(nums)) == 1:
            break
            
    return seconds

nums = list(map(int, input().split()))
print(min_seconds_to_equalize(nums))"
M41,count-pairs-of-points-with-distance-k,Medium,P1,meta-llama/llama-3.3-70b-instruct,stdin,lcb-stdin,1,0,0,7.01,want='2' got='',"import sys

def count_pairs(coordinates, k):
    count = 0
    for i in range(len(coordinates)):
        for j in range(i + 1, len(coordinates)):
            distance = (coordinates[i][0] ^ coordinates[j][0]) + (coordinates[i][1] ^ coordinates[j][1])
            if distance == k:
                count += 1
    return count

coordinates = []
k = None
for line in sys.stdin:
    line = line.strip()
    if not line:
        break
    if k is None:
        k = int(line)
    else:
        coordinates.append(list(map(int, line[1:-1].split(', '))))

print(count_pairs(coordinates, k))"
M41,count-pairs-of-points-with-distance-k,Medium,P2,meta-llama/llama-3.3-70b-instruct,stdin,lcb-stdin,1,0,0,3.17,want='2' got='',"import sys

def count_pairs(coordinates, k):
    count = 0
    for i in range(len(coordinates)):
        for j in range(i + 1, len(coordinates)):
            distance = (coordinates[i][0] ^ coordinates[j][0]) + (coordinates[i][1] ^ coordinates[j][1])
            if distance == k:
                count += 1
    return count

coordinates = []
for line in sys.stdin:
    coordinates = [list(map(int, x.split(','))) for x in line.strip('[]\n').split('],[')]
    k = int(input())
    break

print(count_pairs(coordinates, k))"
M41,count-pairs-of-points-with-distance-k,Medium,P3,meta-llama/llama-3.3-70b-instruct,stdin,lcb-stdin,1,0,0,7.85,want='2' got='',"import sys

def count_pairs(coordinates, k):
    count = 0
    for i in range(len(coordinates)):
        for j in range(i + 1, len(coordinates)):
            distance = (coordinates[i][0] ^ coordinates[j][0]) + (coordinates[i][1] ^ coordinates[j][1])
            if distance == k:
                count += 1
    return count

coordinates = []
k = None
for line in sys.stdin:
    line = line.strip()
    if not line:
        break
    if k is None:
        k = int(line)
    else:
        coordinates.append(list(map(int, line[1:-1].split(', '))))

print(count_pairs(coordinates, k))"
M42,maximum-sum-of-almost-unique-subarray,Medium,P1,meta-llama/llama-3.3-70b-instruct,stdin,lcb-stdin,1,0,0,3.02,want='18' got='',"import sys

def main():
    nums = list(map(int, input().split()))
    m, k = map(int, input().split())

    max_sum = 0
    for i in range(len(nums) - k + 1):
        subarray = nums[i:i+k]
        distinct_count = len(set(subarray))
        if distinct_count >= m:
            subarray_sum = sum(subarray)
            max_sum = max(max_sum, subarray_sum)

    print(max_sum)

if __name__ == ""__main__"":
    main()"
M42,maximum-sum-of-almost-unique-subarray,Medium,P2,meta-llama/llama-3.3-70b-instruct,stdin,lcb-stdin,1,0,0,3.16,want='18' got='',"import sys

def main():
    nums = list(map(int, input().split()))
    m = int(input())
    k = int(input())

    max_sum = 0
    for i in range(len(nums) - k + 1):
        subarray = nums[i:i+k]
        distinct_count = len(set(subarray))
        if distinct_count >= m:
            subarray_sum = sum(subarray)
            max_sum = max(max_sum, subarray_sum)

    print(max_sum)

if __name__ == ""__main__"":
    main()"
M42,maximum-sum-of-almost-unique-subarray,Medium,P3,meta-llama/llama-3.3-70b-instruct,stdin,lcb-stdin,1,0,0,3.33,want='18' got='',"import sys

def main():
    nums = list(map(int, input().split()))
    m, k = map(int, input().split())

    max_sum = 0
    for i in range(len(nums) - k + 1):
        subarray = nums[i:i+k]
        distinct_count = len(set(subarray))
        if distinct_count >= m:
            subarray_sum = sum(subarray)
            max_sum = max(max_sum, subarray_sum)

    print(max_sum)

if __name__ == ""__main__"":
    main()"
M43,maximize-the-profit-as-the-salesman,Medium,P1,meta-llama/llama-3.3-70b-instruct,stdin,lcb-stdin,1,0,0,2.24,want='3' got='',"import sys

def maximize_profit(n, offers):
    dp = [0] * n
    for start, end, gold in offers:
        dp[end] = max(dp[end], (dp[start-1] if start > 0 else 0) + gold)
    for i in range(1, n):
        dp[i] = max(dp[i], dp[i-1])
    return dp[-1]

n = int(input())
offers = [list(map(int, input().split())) for _ in range(int(input()))]
print(maximize_profit(n, offers))"
M43,maximize-the-profit-as-the-salesman,Medium,P2,meta-llama/llama-3.3-70b-instruct,stdin,lcb-stdin,1,0,0,3.24,want='3' got='',"import sys

def main():
    n = int(input())
    offers = [list(map(int, input().split())) for _ in range(int(input()))]

    dp = [0] * n
    for start, end, gold in offers:
        dp[end] = max(dp[end], (dp[start-1] if start > 0 else 0) + gold)

    for i in range(1, n):
        dp[i] = max(dp[i], dp[i-1])

    print(dp[-1])

if __name__ == ""__main__"":
    main()"
M43,maximize-the-profit-as-the-salesman,Medium,P3,meta-llama/llama-3.3-70b-instruct,stdin,lcb-stdin,1,0,0,5.29,want='3' got='',"import sys

def main():
    n = int(input())
    offers = [list(map(int, input().split())) for _ in range(int(input()))]

    dp = [0] * n
    for start, end, gold in offers:
        dp[end] = max(dp[end], (dp[start-1] if start > 0 else 0) + gold)

    for i in range(1, n):
        dp[i] = max(dp[i], dp[i-1])

    print(dp[-1])

if __name__ == ""__main__"":
    main()"
M44,minimum-absolute-difference-between-elements-with-constraint,Medium,P1,meta-llama/llama-3.3-70b-instruct,stdin,lcb-stdin,1,0,0,4.03,want='0' got='',"import sys

def main():
    nums = list(map(int, input().split()))
    x = int(input())
    min_diff = float('inf')
    for i in range(len(nums)):
        for j in range(i + x, len(nums)):
            diff = abs(nums[i] - nums[j])
            min_diff = min(min_diff, diff)
    print(min_diff)

if __name__ == ""__main__"":
    main()"
M44,minimum-absolute-difference-between-elements-with-constraint,Medium,P2,meta-llama/llama-3.3-70b-instruct,stdin,lcb-stdin,1,0,0,5.17,want='0' got='',"import sys

def main():
    nums = list(map(int, input().split()))
    x = int(input())
    min_diff = float('inf')
    for i in range(len(nums)):
        for j in range(i + x, len(nums)):
            diff = abs(nums[i] - nums[j])
            min_diff = min(min_diff, diff)
    print(min_diff)

if __name__ == ""__main__"":
    main()"
M44,minimum-absolute-difference-between-elements-with-constraint,Medium,P3,meta-llama/llama-3.3-70b-instruct,stdin,lcb-stdin,1,0,0,2.81,want='0' got='',"import sys

def main():
    nums = list(map(int, input().split()))
    x = int(input())
    min_diff = float('inf')
    for i in range(len(nums)):
        for j in range(i + x, len(nums)):
            diff = abs(nums[i] - nums[j])
            min_diff = min(min_diff, diff)
    print(min_diff)

if __name__ == ""__main__"":
    main()"
M45,make-string-a-subsequence-using-cyclic-increments,Medium,P1,meta-llama/llama-3.3-70b-instruct,stdin,lcb-stdin,1,1,1,4.68,,
M45,make-string-a-subsequence-using-cyclic-increments,Medium,P2,meta-llama/llama-3.3-70b-instruct,stdin,lcb-stdin,1,1,1,7.19,,
M45,make-string-a-subsequence-using-cyclic-increments,Medium,P3,meta-llama/llama-3.3-70b-instruct,stdin,lcb-stdin,1,1,1,4.92,,
M46,construct-product-matrix,Medium,P1,meta-llama/llama-3.3-70b-instruct,stdin,lcb-stdin,1,0,0,4.34,"want='[[24, 12], [8, 6]]' got=''","import sys

def main():
    input_lines = sys.stdin.readlines()
    grid = []
    for line in input_lines:
        grid.append(list(map(int, line.strip()[1:-1].split(', '))))

    n = len(grid)
    m = len(grid[0])
    total_product = 1
    zero_count = 0

    for i in range(n):
        for j in range(m):
            if grid[i][j] == 0:
                zero_count += 1
            else:
                total_product = (total_product * grid[i][j]) % 12345

    result = [[0] * m for _ in range(n)]

    for i in range(n):
        for j in range(m):
            if zero_count > 1:
                result[i][j] = 0
            elif zero_count == 1:
                if grid[i][j] == 0:
                    result[i][j] = total_product
                else:
                    result[i][j] = 0
            else:
                result[i][j] = (total_product * pow(grid[i][j], -1, 12345)) % 12345

    for row in result:
        print(row)

if __name__ == ""__main__"":
    main()"
M46,construct-product-matrix,Medium,P2,meta-llama/llama-3.3-70b-instruct,stdin,lcb-stdin,1,0,0,10.29,"want='[[24, 12], [8, 6]]' got=''","import sys

def main():
    input_lines = sys.stdin.readlines()
    input_lines = [line.strip() for line in input_lines]
    grid = []
    for line in input_lines:
        grid.append(list(map(int, line.split())))

    n = len(grid)
    m = len(grid[0])
    total_product = 1
    zero_count = 0

    for i in range(n):
        for j in range(m):
            if grid[i][j] == 0:
                zero_count += 1
            else:
                total_product = (total_product * grid[i][j]) % 12345

    result = [[0] * m for _ in range(n)]

    if zero_count > 1:
        print('\n'.join([' '.join(map(str, row)) for row in result]))
        return

    for i in range(n):
        for j in range(m):
            if grid[i][j] == 0:
                result[i][j] = total_product
            elif zero_count == 1:
                result[i][j] = 0
            else:
                result[i][j] = (total_product * pow(grid[i][j], -1, 12345)) % 12345

    print('\n'.join([' '.join(map(str, row)) for row in result]))

if __name__ == ""__main__"":
    main()"
M46,construct-product-matrix,Medium,P3,meta-llama/llama-3.3-70b-instruct,stdin,lcb-stdin,1,0,0,6.88,"want='[[24, 12], [8, 6]]' got=''","import sys

def main():
    input_lines = sys.stdin.readlines()
    input_lines = [line.strip() for line in input_lines]
    grid = []
    for line in input_lines:
        row = list(map(int, line[1:-1].split(', ')))
        grid.append(row)

    n = len(grid)
    m = len(grid[0])
    total_product = 1
    zero_count = 0

    for i in range(n):
        for j in range(m):
            if grid[i][j] == 0:
                zero_count += 1
            else:
                total_product = (total_product * grid[i][j]) % 12345

    result = [[0] * m for _ in range(n)]

    for i in range(n):
        for j in range(m):
            if zero_count > 1:
                result[i][j] = 0
            elif zero_count == 1:
                if grid[i][j] == 0:
                    result[i][j] = total_product
                else:
                    result[i][j] = 0
            else:
                result[i][j] = (total_product * pow(grid[i][j], -1, 12345)) % 12345

    for row in result:
        print(row)

if __name__ == ""__main__"":
    main()"
M47,apply-operations-to-make-two-strings-equal,Medium,P1,meta-llama/llama-3.3-70b-instruct,stdin,lcb-stdin,1,1,1,4.26,,
M47,apply-operations-to-make-two-strings-equal,Medium,P2,meta-llama/llama-3.3-70b-instruct,stdin,lcb-stdin,1,0,0,4.94,want='4' got='8',"import sys

def min_cost(s1, s2, x):
    n = len(s1)
    diff = [i for i in range(n) if s1[i] != s2[i]]
    if len(diff) % 2 != 0:
        return -1
    if len(diff) == 0:
        return 0
    cost = 0
    i = 0
    while i < len(diff):
        if i + 1 < len(diff) and diff[i + 1] == diff[i] + 1:
            cost += 1
            i += 2
        else:
            cost += x
            i += 1
    return cost

s1 = input()
s2 = input()
x = int(input())
print(min_cost(s1, s2, x))"
M47,apply-operations-to-make-two-strings-equal,Medium,P3,meta-llama/llama-3.3-70b-instruct,stdin,lcb-stdin,1,1,1,5.78,,
M48,minimum-operations-to-make-a-special-number,Medium,P1,meta-llama/llama-3.3-70b-instruct,stdin,lcb-stdin,1,0,0,3.44,want='2' got='',"from itertools import combinations

def is_special(num):
    return int(num) % 25 == 0

num = input()
min_operations = float('inf')

for r in range(len(num) + 1):
    for combo in combinations(num, r):
        new_num = ''.join([digit for digit in num if digit not in combo])
        if new_num == '':
            new_num = '0'
        if is_special(new_num):
            min_operations = min(min_operations, len(combo))

print(min_operations)"
M48,minimum-operations-to-make-a-special-number,Medium,P2,meta-llama/llama-3.3-70b-instruct,stdin,lcb-stdin,1,0,0,2.17,want='2' got='',"import sys

def min_operations(num):
    n = len(num)
    min_ops = float('inf')

    for mask in range(1 << n):
        temp = []
        for i in range(n):
            if (mask & (1 << i)):
                temp.append(num[i])
        temp_num = ''.join(temp)
        if not temp_num:
            temp_num = '0'
        if int(temp_num) % 25 == 0:
            min_ops = min(min_ops, n - len(temp))

    return min_ops

num = input().strip()
print(min_operations(num))"
M48,minimum-operations-to-make-a-special-number,Medium,P3,meta-llama/llama-3.3-70b-instruct,stdin,lcb-stdin,1,0,0,5.0,want='2' got='',"from itertools import combinations

def is_special(num):
    """"""Check if a number is special (divisible by 25).""""""
    return int(num) % 25 == 0

def min_operations(num):
    """"""Find the minimum number of operations to make a special number.""""""
    min_ops = float('inf')
    for r in range(len(num) + 1):
        for combo in combinations(num, r):
            remaining_num = ''.join([c for c in num if c not in combo])
            if remaining_num and is_special(remaining_num):
                min_ops = min(min_ops, len(combo))
            elif not remaining_num and is_special('0'):
                min_ops = min(min_ops, len(combo))
    return min_ops

num = input()
print(min_operations(num))"
M49,split-array-into-maximum-number-of-subarrays,Medium,P1,meta-llama/llama-3.3-70b-instruct,stdin,lcb-stdin,1,0,0,3.75,want='3' got='',"import sys

def main():
    nums = list(map(int, input().split()))
    ans = 1
    score = nums[0]
    for i in range(1, len(nums)):
        if nums[i] == 0:
            ans += 1
            score = 0
        else:
            score &= nums[i]
    print(ans)

if __name__ == ""__main__"":
    main()"
M49,split-array-into-maximum-number-of-subarrays,Medium,P2,meta-llama/llama-3.3-70b-instruct,stdin,lcb-stdin,1,0,0,3.32,want='3' got='',"import sys

def main():
    nums = list(map(int, input().split()))
    ans = 0
    i = 0
    while i < len(nums):
        if nums[i] == 0:
            ans += 1
            i += 1
        else:
            j = i + 1
            while j < len(nums) and nums[j] != 0:
                j += 1
            ans += 1
            i = j
    print(ans)

if __name__ == ""__main__"":
    main()"
M49,split-array-into-maximum-number-of-subarrays,Medium,P3,meta-llama/llama-3.3-70b-instruct,stdin,lcb-stdin,1,0,0,3.22,want='3' got='',"import sys

def main():
    nums = list(map(int, input().split()))
    ans = 0
    i = 0
    while i < len(nums):
        if nums[i] == 0:
            ans += 1
            i += 1
        else:
            j = i + 1
            while j < len(nums) and nums[j] != 0:
                j += 1
            ans += 1
            i = j
    print(ans)

if __name__ == ""__main__"":
    main()"
M50,minimum-array-length-after-pair-removals,Medium,P1,meta-llama/llama-3.3-70b-instruct,stdin,lcb-stdin,1,0,0,1.59,want='0' got='',"import sys

def main():
    nums = list(map(int, input().split()))
    stack = []
    for num in nums:
        if stack and stack[-1] > num:
            stack.pop()
        else:
            stack.append(num)
    print(len(stack))

if __name__ == ""__main__"":
    main()"
M50,minimum-array-length-after-pair-removals,Medium,P2,meta-llama/llama-3.3-70b-instruct,stdin,lcb-stdin,1,0,0,2.17,want='0' got='',"import sys

def main():
    nums = list(map(int, input().split()))
    stack = []
    for num in nums:
        if stack and stack[-1] > num:
            stack.pop()
        else:
            stack.append(num)
    print(len(stack))

if __name__ == ""__main__"":
    main()"
M50,minimum-array-length-after-pair-removals,Medium,P3,meta-llama/llama-3.3-70b-instruct,stdin,lcb-stdin,1,0,0,2.28,want='0' got='',"import sys

def main():
    nums = list(map(int, input().split()))
    stack = []
    for num in nums:
        if stack and stack[-1] > num:
            stack.pop()
        else:
            stack.append(num)
    print(len(stack))

if __name__ == ""__main__"":
    main()"
M51,minimum-number-of-operations-to-make-array-empty,Medium,P1,meta-llama/llama-3.3-70b-instruct,stdin,lcb-stdin,1,0,0,0.43,want='4' got='',"from collections import Counter

nums = list(map(int, input().split()))

count = Counter(nums)
ans = 0
for num in count:
    if count[num] % 2 != 0 and count[num] % 3 != 0:
        print(-1)
        break
    ans += (count[num] // 3) + ((count[num] % 3) // 2)
else:
    print(ans)"
M51,minimum-number-of-operations-to-make-array-empty,Medium,P2,meta-llama/llama-3.3-70b-instruct,stdin,lcb-stdin,1,0,0,5.3,want='4' got='',"from collections import Counter

def min_operations(nums):
    count = Counter(nums)
    operations = 0
    for num, freq in count.items():
        if freq % 2!= 0 and freq!= 3:
            return -1
        operations += (freq // 3) + ((freq % 3) // 2)
    return operations

import sys
nums = list(map(int, input().split(',')))
print(min_operations(nums))"
M51,minimum-number-of-operations-to-make-array-empty,Medium,P3,meta-llama/llama-3.3-70b-instruct,stdin,lcb-stdin,1,0,0,5.18,want='4' got='',"from collections import Counter

def min_operations(nums):
    count = Counter(nums)
    operations = 0
    for num, freq in count.items():
        if freq % 2 != 0:
            return -1
        operations += (freq // 3) + (freq % 3 // 2)
    return operations

nums = list(map(int, input().split(',')))
print(min_operations(nums))"
M52,happy-students,Medium,P1,meta-llama/llama-3.3-70b-instruct,stdin,lcb-stdin,1,0,0,4.0,want='2' got='',"import sys
import itertools

nums = list(map(int, input().split()))

count = 0
for r in range(len(nums) + 1):
    for combination in itertools.combinations(range(len(nums)), r):
        selected = len(combination)
        happy = True
        for i in range(len(nums)):
            if i in combination:
                if selected <= nums[i]:
                    happy = False
                    break
            else:
                if selected >= nums[i]:
                    happy = False
                    break
        if happy:
            count += 1

print(count)"
M52,happy-students,Medium,P2,meta-llama/llama-3.3-70b-instruct,stdin,lcb-stdin,1,0,0,6.67,want='2' got='',"import sys
import itertools

def main():
    nums = list(map(int, input().split()))
    n = len(nums)
    count = 0

    for r in range(n + 1):
        for combination in itertools.combinations(range(n), r):
            selected = len(combination)
            happy = True
            for i in range(n):
                if (i in combination and selected <= nums[i]) or (i not in combination and selected >= nums[i]):
                    happy = False
                    break
            if happy:
                count += 1

    print(count)

if __name__ == ""__main__"":
    main()"
M52,happy-students,Medium,P3,meta-llama/llama-3.3-70b-instruct,stdin,lcb-stdin,1,0,0,2.92,want='2' got='',"import sys
import itertools

def main():
    nums = list(map(int, input().split()))
    n = len(nums)
    count = 0

    for r in range(n + 1):
        for combination in itertools.combinations(range(n), r):
            selected = len(combination)
            happy = True

            for i in range(n):
                if i in combination:
                    if selected <= nums[i]:
                        happy = False
                        break
                else:
                    if selected >= nums[i]:
                        happy = False
                        break

            if happy:
                count += 1

    print(count)

if __name__ == ""__main__"":
    main()"
M53,length-of-the-longest-subsequence-that-sums-to-target,Medium,P1,meta-llama/llama-3.3-70b-instruct,stdin,lcb-stdin,1,0,0,4.42,want='3' got='',"import sys

def read_input():
    return sys.stdin.readline().strip()

def read_ints():
    return list(map(int, read_input().split()))

def read_int():
    return int(read_input())

def main():
    nums = read_ints()
    target = read_int()

    n = len(nums)
    dp = [[-1] * (target + 1) for _ in range(n + 1)]

    for i in range(n + 1):
        dp[i][0] = 0

    for i in range(1, n + 1):
        for j in range(1, target + 1):
            if nums[i - 1] > j:
                dp[i][j] = dp[i - 1][j]
            else:
                dp[i][j] = max(dp[i - 1][j], dp[i - 1][j - nums[i - 1]] + 1)

    max_length = max(dp[i][target] for i in range(n + 1))
    print(max_length if max_length != -1 else -1)

if __name__ == ""__main__"":
    main()"
M53,length-of-the-longest-subsequence-that-sums-to-target,Medium,P2,meta-llama/llama-3.3-70b-instruct,stdin,lcb-stdin,1,0,0,10.48,want='3' got='',"import sys

def read_input():
    nums = list(map(int, input().split()))
    target = int(input())
    return nums, target

def length_of_longest_subsequence(nums, target):
    memo = {}

    def dfs(i, target):
        if (i, target) in memo:
            return memo[(i, target)]
        if target == 0:
            return 0
        if i == len(nums) or target < 0:
            return -float('inf')
        take = 1 + dfs(i + 1, target - nums[i])
        skip = dfs(i + 1, target)
        memo[(i, target)] = max(take, skip)
        return memo[(i, target)]

    max_length = dfs(0, target)
    return max_length if max_length > 0 else -1

nums = list(map(int, input().split()))
target = int(input())
print(length_of_longest_subsequence(nums, target))"
M53,length-of-the-longest-subsequence-that-sums-to-target,Medium,P3,meta-llama/llama-3.3-70b-instruct,stdin,lcb-stdin,1,0,0,8.31,want='3' got='',"import sys

def read_input():
    nums = list(map(int, input().split()))
    target = int(input())
    return nums, target

def length_of_longest_subsequence(nums, target):
    n = len(nums)
    dp = [[-1] * (target + 1) for _ in range(n + 1)]
    dp[0][0] = 0

    for i in range(1, n + 1):
        for j in range(target + 1):
            if j < nums[i - 1]:
                dp[i][j] = dp[i - 1][j]
            else:
                dp[i][j] = max(dp[i - 1][j], dp[i - 1][j - nums[i - 1]] + 1 if dp[i - 1][j - nums[i - 1]]!= -1 else -1)

    return dp[n][target]

nums = list(map(int, input().split()))
target = int(input())
result = length_of_longest_subsequence(nums, target)
print(result)"
M54,beautiful-towers-i,Medium,P1,meta-llama/llama-3.3-70b-instruct,stdin,lcb-stdin,1,0,0,7.79,want='13' got='',"import sys

def is_mountain(heights):
    n = len(heights)
    if n < 3:
        return False
    i = 0
    while i < n - 1 and heights[i] <= heights[i + 1]:
        i += 1
    if i == 0 or i == n - 1:
        return False
    while i < n - 1 and heights[i] >= heights[i + 1]:
        i += 1
    return i == n - 1

def max_sum_of_heights(maxHeights):
    n = len(maxHeights)
    max_sum = 0
    for i in range(n):
        for j in range(1, maxHeights[i] + 1):
            heights = [min(maxHeights[k], j) if k <= i else min(maxHeights[k], j) for k in range(n)]
            for k in range(i - 1, -1, -1):
                heights[k] = min(heights[k], heights[k + 1])
            for k in range(i + 1, n):
                heights[k] = min(heights[k], heights[k - 1])
            if is_mountain(heights):
                max_sum = max(max_sum, sum(heights))
    return max_sum

maxHeights = list(map(int, input().split()))
print(max_sum_of_heights(maxHeights))"
M54,beautiful-towers-i,Medium,P2,meta-llama/llama-3.3-70b-instruct,stdin,lcb-stdin,1,0,0,10.58,want='13' got='',"import sys

def is_mountain(heights):
    n = len(heights)
    i = 0
    while i < n - 1 and heights[i] <= heights[i + 1]:
        i += 1
    if i == 0 or i == n - 1:
        return False
    while i < n - 1 and heights[i] >= heights[i + 1]:
        i += 1
    return i == n - 1

def max_sum_of_heights(maxHeights):
    n = len(maxHeights)
    max_sum = 0
    for peak in range(n):
        heights = [0] * n
        for i in range(peak + 1):
            heights[i] = min(maxHeights[i], heights[i - 1] + 1) if i > 0 else 1
        for i in range(peak + 1, n):
            heights[i] = min(maxHeights[i], heights[i - 1])
        if is_mountain(heights):
            max_sum = max(max_sum, sum(heights))
    return max_sum

maxHeights = list(map(int, input().split()))
print(max_sum_of_heights(maxHeights))"
M54,beautiful-towers-i,Medium,P3,meta-llama/llama-3.3-70b-instruct,stdin,lcb-stdin,1,0,0,1.85,want='13' got='',"import sys

def is_mountain(heights):
    n = len(heights)
    i = 0
    while i < n - 1 and heights[i] <= heights[i + 1]:
        i += 1
    if i == 0 or i == n - 1:
        return False
    while i < n - 1 and heights[i] >= heights[i + 1]:
        i += 1
    return i == n - 1

def max_sum_of_heights(maxHeights):
    n = len(maxHeights)
    max_sum = 0
    for peak in range(n):
        heights = [0] * n
        for i in range(peak + 1):
            heights[i] = min(maxHeights[i], heights[i - 1] + 1) if i > 0 else 1
        for i in range(peak + 1, n):
            heights[i] = min(maxHeights[i], heights[i - 1])
        if is_mountain(heights):
            max_sum = max(max_sum, sum(heights))
    return max_sum

maxHeights = list(map(int, input().split()))
print(max_sum_of_heights(maxHeights))"
M55,minimum-size-subarray-in-infinite-array,Medium,P1,meta-llama/llama-3.3-70b-instruct,stdin,lcb-stdin,1,1,1,5.63,,
M55,minimum-size-subarray-in-infinite-array,Medium,P2,meta-llama/llama-3.3-70b-instruct,stdin,lcb-stdin,1,0,0,17.77,want='2' got='',"import sys

def main():
    nums = list(map(int, input().split()))
    target = int(input())

    n = len(nums)
    prefix_sum = [0] * (2 * n + 1)
    for i in range(2 * n):
        prefix_sum[i + 1] = prefix_sum[i] + nums[i % n]

    min_length = float('inf')
    for i in range(2 * n):
        for j in range(i + 1, 2 * n + 1):
            if prefix_sum[j] - prefix_sum[i] == target:
                min_length = min(min_length, j - i)

    print(-1 if min_length == float('inf') else min_length)

if __name__ == ""__main__"":
    main()"
M55,minimum-size-subarray-in-infinite-array,Medium,P3,meta-llama/llama-3.3-70b-instruct,stdin,lcb-stdin,1,1,1,15.22,,
M56,shortest-and-lexicographically-smallest-beautiful-string,Medium,P1,meta-llama/llama-3.3-70b-instruct,stdin,lcb-stdin,1,0,0,6.81,"want='""11001""' got='11001'","import sys

def find_shortest_beautiful_substring(s, k):
    min_length = float('inf')
    min_substring = """"
    for i in range(len(s)):
        for j in range(i + 1, len(s) + 1):
            substring = s[i:j]
            if substring.count('1') == k:
                if len(substring) < min_length:
                    min_length = len(substring)
                    min_substring = substring
                elif len(substring) == min_length and substring < min_substring:
                    min_substring = substring
    return min_substring

s = input()
k = int(input())
print(find_shortest_beautiful_substring(s, k))"
M56,shortest-and-lexicographically-smallest-beautiful-string,Medium,P2,meta-llama/llama-3.3-70b-instruct,stdin,lcb-stdin,1,0,0,3.89,"want='""11001""' got='11001'","import sys

def find_shortest_beautiful_substring(s, k):
    min_length = float('inf')
    min_substring = """"
    for i in range(len(s)):
        for j in range(i + 1, len(s) + 1):
            substring = s[i:j]
            if substring.count('1') == k:
                if len(substring) < min_length:
                    min_length = len(substring)
                    min_substring = substring
                elif len(substring) == min_length and substring < min_substring:
                    min_substring = substring
    return min_substring

s = input()
k = int(input())
print(find_shortest_beautiful_substring(s, k))"
M56,shortest-and-lexicographically-smallest-beautiful-string,Medium,P3,meta-llama/llama-3.3-70b-instruct,stdin,lcb-stdin,1,0,0,4.72,"want='""11001""' got='11001'","import sys

def find_shortest_beautiful_substring(s, k):
    min_length = float('inf')
    min_substring = """"
    for i in range(len(s)):
        for j in range(i + 1, len(s) + 1):
            substring = s[i:j]
            if substring.count('1') == k:
                if len(substring) < min_length:
                    min_length = len(substring)
                    min_substring = substring
                elif len(substring) == min_length and substring < min_substring:
                    min_substring = substring
    return min_substring

s = input()
k = int(input())
print(find_shortest_beautiful_substring(s, k))"
M57,minimum-processing-time,Medium,P1,meta-llama/llama-3.3-70b-instruct,stdin,lcb-stdin,1,0,0,3.09,want='16' got='',"import sys

processorTime = list(map(int, input().split()))
tasks = list(map(int, input().split()))

n = len(processorTime)
processorTime.sort()

cores = []
for time in processorTime:
    cores.extend([time] * 4)

cores.sort()
tasks.sort(reverse=True)

max_time = 0
for i in range(len(tasks)):
    max_time = max(max_time, cores[i] + tasks[i])

print(max_time)"
M57,minimum-processing-time,Medium,P2,meta-llama/llama-3.3-70b-instruct,stdin,lcb-stdin,1,0,0,2.11,want='16' got='',"import sys
import heapq

processorTime = list(map(int, input().split()))
tasks = list(map(int, input().split()))

n = len(processorTime)
pq = [(processorTime[i], i) for i in range(n)]
heapq.heapify(pq)

ans = 0
for i in range(0, len(tasks), 4):
    t1, idx1 = heapq.heappop(pq)
    t2, idx2 = heapq.heappop(pq)
    t3, idx3 = heapq.heappop(pq)
    t4, idx4 = heapq.heappop(pq)

    ans = max(ans, t1 + tasks[i], t1 + tasks[i+1], t1 + tasks[i+2], t1 + tasks[i+3])
    ans = max(ans, t2 + tasks[i], t2 + tasks[i+1], t2 + tasks[i+2], t2 + tasks[i+3])
    ans = max(ans, t3 + tasks[i], t3 + tasks[i+1], t3 + tasks[i+2], t3 + tasks[i+3])
    ans = max(ans, t4 + tasks[i], t4 + tasks[i+1], t4 + tasks[i+2], t4 + tasks[i+3])

    t1 = max(t1, t1 + tasks[i])
    t2 = max(t2, t2 + tasks[i+1])
    t3 = max(t3, t3 + tasks[i+2])
    t4 = max(t4, t4 + tasks[i+3])

    heapq.heappush(pq, (t1, idx1))
    heapq.heappush(pq, (t2, idx2))
    heapq.heappush(pq, (t3, idx3))
    heapq.heappush(pq, (t4, idx4))

print(ans)"
M57,minimum-processing-time,Medium,P3,meta-llama/llama-3.3-70b-instruct,stdin,lcb-stdin,1,0,0,2.94,want='16' got='',"import sys

def main():
    processorTime = list(map(int, input().split()))
    tasks = list(map(int, input().split()))

    n = len(processorTime)
    tasks.sort(reverse=True)

    time = [0] * n
    for i in range(n):
        time[i] = processorTime[i]

    for i in range(n * 4):
        min_time = float('inf')
        min_index = -1
        for j in range(n):
            if time[j] < min_time:
                min_time = time[j]
                min_index = j
        time[min_index] += tasks[i]

    print(max(time))

if __name__ == ""__main__"":
    main()"
M58,minimum-number-of-groups-to-create-a-valid-assignment,Medium,P1,meta-llama/llama-3.3-70b-instruct,stdin,lcb-stdin,1,0,0,3.76,want='2' got='',"import sys
from collections import Counter

def main():
    nums = list(map(int, input().split()))
    count = Counter(nums)
    max_count = max(count.values())
    other_count = sum(count.values()) - max_count
    if max_count > other_count + 1:
        print(max_count)
    else:
        print((sum(count.values()) + 1) // 2)

if __name__ == ""__main__"":
    main()"
M58,minimum-number-of-groups-to-create-a-valid-assignment,Medium,P2,meta-llama/llama-3.3-70b-instruct,stdin,lcb-stdin,1,0,0,0.98,want='2' got='',"from collections import Counter
import math

nums = list(map(int, input().split()))

count = Counter(nums)
values = sorted(count.values(), reverse=True)

total = sum(values)
groups = math.ceil(total / max(values))

print(groups)"
M58,minimum-number-of-groups-to-create-a-valid-assignment,Medium,P3,meta-llama/llama-3.3-70b-instruct,stdin,lcb-stdin,1,0,0,3.03,want='2' got='',"import sys
from collections import Counter

def main():
    nums = list(map(int, input().split()))
    count = Counter(nums)
    max_count = max(count.values())
    total = len(nums)
    print((total + max_count - 1) // max_count)

if __name__ == ""__main__"":
    main()"
M59,minimum-equal-sum-of-two-arrays-after-replacing-zeros,Medium,P1,meta-llama/llama-3.3-70b-instruct,stdin,lcb-stdin,1,0,0,42.07,want='12' got='',"import sys

def main():
    nums1 = list(map(int, input().split()))
    nums2 = list(map(int, input().split()))

    sum1 = sum(x for x in nums1 if x!= 0)
    sum2 = sum(x for x in nums2 if x!= 0)

    count1 = nums1.count(0)
    count2 = nums2.count(0)

    if count1 == 0 and count2 == 0:
        if sum1 == sum2:
            print(sum1)
        else:
            print(-1)
    elif count1 == 0:
        if sum1 > sum2:
            print(-1)
        else:
            diff = sum1 - sum2
            if diff % count2 == 0:
                print(sum1 + diff // count2)
            else:
                print(sum1 + diff // count2 + 1)
    elif count2 == 0:
        if sum2 > sum1:
            print(-1)
        else:
            diff = sum2 - sum1
            if diff % count1 == 0:
                print(sum2 + diff // count1)
            else:
                print(sum2 + diff // count1 + 1)
    else:
        if sum1 > sum2:
            diff = sum1 - sum2
            if diff % count2 == 0:
                print(sum1 + diff // count2)
            else:
                print(sum1 + diff // count2 + 1)
        elif sum2 > sum1:
            diff = sum2 - sum1
            if diff % count1 == 0:
                print(sum2 + diff // count1)
            else:
                print(sum2 + diff // count1 + 1)
        else:
            print(sum1 + 1)

if __name__ == ""__main__"":
    main()"
M59,minimum-equal-sum-of-two-arrays-after-replacing-zeros,Medium,P2,meta-llama/llama-3.3-70b-instruct,stdin,lcb-stdin,1,0,0,9.08,want='12' got='',"import sys

def main():
    nums1 = list(map(int, input().split()))
    nums2 = list(map(int, input().split()))

    sum1 = sum(x for x in nums1 if x != 0)
    sum2 = sum(x for x in nums2 if x != 0)
    zeros1 = nums1.count(0)
    zeros2 = nums2.count(0)

    if zeros1 == 0 and zeros2 == 0:
        if sum1 == sum2:
            print(sum1)
        else:
            print(-1)
    elif zeros1 == 0:
        if sum1 > sum2 + zeros2:
            print(-1)
        else:
            print(sum1 + zeros2)
    elif zeros2 == 0:
        if sum2 > sum1 + zeros1:
            print(-1)
        else:
            print(sum2 + zeros1)
    else:
        if (sum1 - sum2) % (zeros2 - zeros1) == 0:
            diff = (sum1 - sum2) // (zeros2 - zeros1)
            if diff > 0:
                print(sum1 + zeros1 * diff)
            else:
                print(sum2 - zeros2 * abs(diff))
        else:
            print(-1)

if __name__ == ""__main__"":
    main()"
M59,minimum-equal-sum-of-two-arrays-after-replacing-zeros,Medium,P3,meta-llama/llama-3.3-70b-instruct,stdin,lcb-stdin,1,0,0,7.58,want='12' got='',"import sys

def main():
    nums1 = list(map(int, input().split()))
    nums2 = list(map(int, input().split()))

    sum1 = sum(x for x in nums1 if x != 0)
    sum2 = sum(x for x in nums2 if x != 0)

    count1 = nums1.count(0)
    count2 = nums2.count(0)

    if count1 == 0 and count2 == 0:
        if sum1 == sum2:
            print(sum1)
        else:
            print(-1)
    elif count1 == 0:
        if sum1 > sum2 + count2:
            print(-1)
        else:
            print(sum1 + (sum1 - sum2 + count2 - 1) // count2)
    elif count2 == 0:
        if sum2 > sum1 + count1:
            print(-1)
        else:
            print(sum2 + (sum2 - sum1 + count1 - 1) // count1)
    else:
        if abs(sum1 - sum2) % (count1 + count2) != 0:
            print(-1)
        else:
            print((sum1 + sum2 + abs(sum1 - sum2) // (count1 + count2) * (count1 + count2)) // 2)

if __name__ == ""__main__"":
    main()"
M60,minimum-number-of-changes-to-make-binary-string-beautiful,Medium,P1,meta-llama/llama-3.3-70b-instruct,stdin,lcb-stdin,1,0,0,3.43,want='1' got='2',"def min_changes(s):
    changes = 0
    for i in range(0, len(s), 2):
        if s[i]!= s[i+1]:
            changes += 1
    return changes

s = input()
print(min_changes(s))"
M60,minimum-number-of-changes-to-make-binary-string-beautiful,Medium,P2,meta-llama/llama-3.3-70b-instruct,stdin,lcb-stdin,1,0,0,5.23,want='1' got='2',"def min_changes(s):
    n = len(s)
    res = float('inf')
    for mask in range(1 << (n // 2)):
        arr = list(s)
        changes = 0
        for i in range(0, n, 2):
            if (mask >> (i // 2)) & 1:
                if arr[i] != '1':
                    changes += 1
                    arr[i] = '1'
                if arr[i + 1] != '1':
                    changes += 1
                    arr[i + 1] = '1'
            else:
                if arr[i] != '0':
                    changes += 1
                    arr[i] = '0'
                if arr[i + 1] != '0':
                    changes += 1
                    arr[i + 1] = '0'
        res = min(res, changes)
    return res

s = input()
print(min_changes(s))"
M60,minimum-number-of-changes-to-make-binary-string-beautiful,Medium,P3,meta-llama/llama-3.3-70b-instruct,stdin,lcb-stdin,1,0,0,12.29,want='1' got='2',"import sys

s = input()

def min_changes(s):
    n = len(s)
    res = float('inf')
    for mask in range(1 << (n // 2)):
        arr = list(s)
        changes = 0
        for i in range(0, n, 2):
            if (mask >> (i // 2)) & 1:
                if arr[i]!= '1':
                    changes += 1
                    arr[i] = '1'
                if arr[i + 1]!= '1':
                    changes += 1
                    arr[i + 1] = '1'
            else:
                if arr[i]!= '0':
                    changes += 1
                    arr[i] = '0'
                if arr[i + 1]!= '0':
                    changes += 1
                    arr[i + 1] = '0'
        res = min(res, changes)
    return res

print(min_changes(s))"
M61,minimum-operations-to-maximize-last-elements-in-arrays,Medium,P1,meta-llama/llama-3.3-70b-instruct,stdin,lcb-stdin,1,0,0,10.1,want='1' got='',"import sys

def min_operations(nums1, nums2):
    n = len(nums1)
    max1, max2 = max(nums1), max(nums2)
    if nums1[-1] != max1 and nums2[-1] != max2:
        if nums1[-1] == max2 and nums2[-1] == max1:
            return 1
        else:
            return -1
    elif nums1[-1] != max1:
        if nums2[-1] == max1:
            return 1
        else:
            return -1
    elif nums2[-1] != max2:
        if nums1[-1] == max2:
            return 1
        else:
            return -1
    else:
        return 0

nums1 = list(map(int, input().split()))
nums2 = list(map(int, input().split()))

print(min_operations(nums1, nums2))"
M61,minimum-operations-to-maximize-last-elements-in-arrays,Medium,P2,meta-llama/llama-3.3-70b-instruct,stdin,lcb-stdin,1,0,0,25.03,want='1' got='-1',"import sys

def main():
    input_lines = sys.stdin.read().strip().split('\n')
    nums1 = list(map(int, input_lines[0].strip('[]').split(', ')))
    nums2 = list(map(int, input_lines[1].strip('[]').split(', ')))

    max1 = max(nums1)
    max2 = max(nums2)

    if nums1[-1] == max1 and nums2[-1] == max2:
        print(0)
    elif nums1[-1] == max2 and nums2[-1] == max1:
        print(1)
    else:
        count = 0
        for i in range(len(nums1) - 1, -1, -1):
            if nums1[i] == max1 or nums2[i] == max2:
                if nums1[i]!= max1 and nums2[i]!= max2:
                    count += 1
                nums1[i], nums2[i] = nums2[i], nums1[i]
                if nums1[-1] == max1 and nums2[-1] == max2:
                    print(count)
                    return
        print(-1)

if __name__ == ""__main__"":
    main()"
M61,minimum-operations-to-maximize-last-elements-in-arrays,Medium,P3,meta-llama/llama-3.3-70b-instruct,stdin,lcb-stdin,1,0,0,8.64,want='1' got='',"import sys

def main():
    nums1 = list(map(int, input().split()))
    nums2 = list(map(int, input().split()))

    n = len(nums1)
    max1 = max(nums1)
    max2 = max(nums2)

    if nums1[-1] != max1 and nums2[-1] != max2 and max1 not in nums2 and max2 not in nums1:
        print(-1)
        return

    count = 0
    for i in range(n):
        if nums1[i] == max2 and nums2[i] == max1:
            nums1[i], nums2[i] = nums2[i], nums1[i]
            count += 1

    if nums1[-1] == max1 and nums2[-1] == max2:
        print(count)
    else:
        if nums1[-1] == max1 or nums2[-1] == max2:
            print(count + 1)
        else:
            print(count + 2)

if __name__ == ""__main__"":
    main()"
M62,maximum-xor-product,Medium,P1,meta-llama/llama-3.3-70b-instruct,stdin,lcb-stdin,1,1,1,3.27,,
M62,maximum-xor-product,Medium,P2,meta-llama/llama-3.3-70b-instruct,stdin,lcb-stdin,1,1,1,3.43,,
M62,maximum-xor-product,Medium,P3,meta-llama/llama-3.3-70b-instruct,stdin,lcb-stdin,1,1,1,43.38,,
M63,separate-black-and-white-balls,Medium,P1,meta-llama/llama-3.3-70b-instruct,stdin,lcb-stdin,1,0,0,2.07,want='2' got='1',"import sys

s = input().strip()
n = len(s)
black_balls = s.count('1')
white_balls = n - black_balls

min_steps = 0
for i in range(n):
    if s[i] == '1' and i < n - black_balls:
        min_steps += 1
    elif s[i] == '0' and i >= n - black_balls:
        min_steps += 1

print(min_steps)"
M63,separate-black-and-white-balls,Medium,P2,meta-llama/llama-3.3-70b-instruct,stdin,lcb-stdin,1,0,0,7.17,want='2' got='1',"import sys

s = input().strip()
n = len(s)
black_count = s.count('1')
white_count = n - black_count

steps = 0
for i in range(n):
    if i < black_count and s[i] == '0':
        steps += 1
    elif i >= black_count and s[i] == '1':
        steps += 1

print(steps)"
M63,separate-black-and-white-balls,Medium,P3,meta-llama/llama-3.3-70b-instruct,stdin,lcb-stdin,1,0,0,5.6,want='1' got='0',"def min_steps(s):
    n = len(s)
    ones = s.count('1')
    min_swaps = float('inf')
    for i in range(n - ones + 1):
        swaps = 0
        for j in range(i, i + ones):
            if s[j] == '0':
                swaps += 1
        min_swaps = min(min_swaps, swaps)
    return min_swaps

s = input()
print(min_steps(s))"
M64,number-of-strings-which-can-be-rearranged-to-contain-substring,Medium,P1,meta-llama/llama-3.3-70b-instruct,stdin,lcb-stdin,1,0,0,11.76,want='12' got='456720',"import sys

MOD = 10**9 + 7

def calculate_combinations(n, k):
    """"""Calculate the number of combinations of n items taken k at a time.""""""
    if k > n:
        return 0
    result = 1
    for i in range(1, k + 1):
        result = (result * (n - i + 1)) // i
    return result

def calculate_permutations(n, k):
    """"""Calculate the number of permutations of n items taken k at a time.""""""
    if k > n:
        return 0
    result = 1
    for i in range(n, n - k, -1):
        result = (result * i) % MOD
    return result

def main():
    n = int(input())
    total_strings = 26 ** n
    bad_strings = 0

    # Calculate the number of bad strings
    for i in range(n + 1):
        for j in range(n + 1 - i):
            for k in range(n + 1 - i - j):
                remaining = n - i - j - k
                if remaining < 0:
                    continue
                if i < 2 or j < 2 or k < 1:
                    bad_strings += calculate_combinations(n, i) * calculate_combinations(n - i, j) * calculate_combinations(n - i - j, k)
                    bad_strings %= MOD

    good_strings = (total_strings - bad_strings) % MOD
    print(good_strings)

if __name__ == ""__main__"":
    main()"
M64,number-of-strings-which-can-be-rearranged-to-contain-substring,Medium,P2,meta-llama/llama-3.3-70b-instruct,stdin,lcb-stdin,1,0,0,8.55,want='12' got='456976',"import sys

MOD = 10**9 + 7

def calculate_combinations(n, k):
    """"""Calculate the number of combinations of n items taken k at a time.""""""
    result = 1
    for i in range(k):
        result = (result * (n - i)) // (i + 1)
    return result

def calculate_good_strings(n):
    """"""Calculate the total number of good strings of length n.""""""
    total_strings = 26**n
    bad_strings = 0

    # Calculate the number of bad strings
    for i in range(n + 1):
        for j in range(i + 1):
            for k in range(j + 1):
                for last in range(k + 1):
                    if i + j + k + last > n:
                        continue
                    if i < 2 or j < 2 or k < 1 or last < 1:
                        continue
                    bad_strings += calculate_combinations(n, i) * calculate_combinations(n - i, j) * calculate_combinations(n - i - j, k) * calculate_combinations(n - i - j - k, last)

    # Calculate the total number of good strings
    good_strings = total_strings - bad_strings
    return good_strings % MOD

n = int(input())
print(calculate_good_strings(n))"
M64,number-of-strings-which-can-be-rearranged-to-contain-substring,Medium,P3,meta-llama/llama-3.3-70b-instruct,stdin,lcb-stdin,1,0,0,10.23,want='12' got='456976',"import sys

MOD = 10**9 + 7

def calculate_combinations(n, r):
    """"""Calculate the number of combinations of n items taken r at a time.""""""
    if r > n:
        return 0
    result = 1
    for i in range(r):
        result = (result * (n - i)) // (i + 1)
    return result

def calculate_permutations(n, r):
    """"""Calculate the number of permutations of n items taken r at a time.""""""
    if r > n:
        return 0
    result = 1
    for i in range(r):
        result = (result * (n - i)) % MOD
    return result

def calculate_good_strings(n):
    """"""Calculate the total number of good strings of length n.""""""
    total_strings = 26**n % MOD
    bad_strings = 0
    for i in range(n + 1):
        for j in range(i + 1):
            for k in range(j + 1):
                for last in range(k + 1):
                    if i + j + k + last > n:
                        break
                    if i < 2 or j < 2 or k < 1 or last < 1:
                        continue
                    bad_strings += calculate_combinations(n, i) * calculate_combinations(n - i, j) * calculate_combinations(n - i - j, k) * calculate_combinations(n - i - j - k, last)
                    bad_strings %= MOD
    return (total_strings - bad_strings) % MOD

n = int(input())
print(calculate_good_strings(n))"
M65,minimum-number-of-coins-for-fruits,Medium,P1,meta-llama/llama-3.3-70b-instruct,stdin,lcb-stdin,1,0,0,6.61,want='4' got='',"import sys

def min_coins(prices):
    n = len(prices)
    dp = [0] * (n + 1)
    for i in range(1, n + 1):
        dp[i] = float('inf')
        for j in range(i):
            dp[i] = min(dp[i], dp[j] + prices[j])
            if i - j - 1 <= j:
                dp[i] = min(dp[i], dp[j] + prices[j])
    return dp[-1]

prices = list(map(int, input().split()))
print(min_coins(prices))"
M65,minimum-number-of-coins-for-fruits,Medium,P2,meta-llama/llama-3.3-70b-instruct,stdin,lcb-stdin,1,0,0,4.02,want='4' got='',"import sys

def min_coins(prices):
    n = len(prices)
    dp = [0] * (n + 1)
    for i in range(1, n + 1):
        dp[i] = float('inf')
        for j in range(i):
            if i - j <= j + 1:
                dp[i] = min(dp[i], dp[j] + prices[j])
    return dp[-1]

prices = list(map(int, input().split()))
print(min_coins(prices))"
M65,minimum-number-of-coins-for-fruits,Medium,P3,meta-llama/llama-3.3-70b-instruct,stdin,lcb-stdin,1,0,0,10.16,want='4' got='',"import sys

def min_coins(prices):
    n = len(prices)
    dp = [0] * (n + 1)
    for i in range(1, n + 1):
        dp[i] = dp[i - 1] + prices[i - 1]
        for j in range(1, i + 1):
            if i + j <= n:
                dp[i + j] = min(dp[i + j], dp[i - j] + prices[i - 1])
    return dp[-1]

prices = list(map(int, input().split()))
print(min_coins(prices))"
M66,count-beautiful-substrings-i,Medium,P1,meta-llama/llama-3.3-70b-instruct,stdin,lcb-stdin,1,0,0,3.95,want='2' got='3',"def count_beautiful_substrings(s, k):
    vowels = set('aeiou')
    count = 0
    for i in range(len(s)):
        for j in range(i + 1, len(s) + 1):
            substring = s[i:j]
            vowel_count = sum(1 for char in substring if char in vowels)
            consonant_count = len(substring) - vowel_count
            if vowel_count == consonant_count and (vowel_count * consonant_count) % k == 0:
                count += 1
    return count

s = input()
k = int(input())
print(count_beautiful_substrings(s, k))"
M66,count-beautiful-substrings-i,Medium,P2,meta-llama/llama-3.3-70b-instruct,stdin,lcb-stdin,1,0,0,4.27,want='2' got='3',"import sys

def count_beautiful_substrings(s, k):
    vowels = set('aeiou')
    count = 0
    for i in range(len(s)):
        vowel_count = 0
        consonant_count = 0
        for j in range(i, len(s)):
            if s[j] in vowels:
                vowel_count += 1
            else:
                consonant_count += 1
            if vowel_count == consonant_count and vowel_count * consonant_count % k == 0 and vowel_count != 0:
                count += 1
    return count

s = input()
k = int(input())
print(count_beautiful_substrings(s, k))"
M66,count-beautiful-substrings-i,Medium,P3,meta-llama/llama-3.3-70b-instruct,stdin,lcb-stdin,1,0,0,4.0,want='2' got='3',"import sys

def count_beautiful_substrings(s, k):
    vowels = set('aeiou')
    count = 0
    for i in range(len(s)):
        for j in range(i + 1, len(s) + 1):
            substring = s[i:j]
            vowel_count = sum(1 for char in substring if char in vowels)
            consonant_count = len(substring) - vowel_count
            if vowel_count == consonant_count and (vowel_count * consonant_count) % k == 0:
                count += 1
    return count

s = input()
k = int(input())
print(count_beautiful_substrings(s, k))"
M67,count-subarrays-where-max-element-appears-at-least-k-times,Medium,P1,meta-llama/llama-3.3-70b-instruct,stdin,lcb-stdin,1,0,0,7.97,want='6' got='',"import sys

def count_subarrays(nums, k):
    max_element = max(nums)
    count = 0
    for i in range(len(nums)):
        for j in range(i, len(nums)):
            subarray = nums[i:j+1]
            if subarray.count(max_element) >= k:
                count += 1
    return count

nums = list(map(int, input().split()))
k = int(input())
print(count_subarrays(nums, k))"
M67,count-subarrays-where-max-element-appears-at-least-k-times,Medium,P2,meta-llama/llama-3.3-70b-instruct,stdin,lcb-stdin,1,0,0,3.72,want='6' got='',"import sys

def count_subarrays(nums, k):
    max_element = max(nums)
    count = 0
    for i in range(len(nums)):
        max_count = 0
        for j in range(i, len(nums)):
            if nums[j] == max_element:
                max_count += 1
            if max_count >= k:
                count += 1
    return count

nums = list(map(int, input().split()))
k = int(input())
print(count_subarrays(nums, k))"
M67,count-subarrays-where-max-element-appears-at-least-k-times,Medium,P3,meta-llama/llama-3.3-70b-instruct,stdin,lcb-stdin,1,0,0,5.37,want='6' got='',"import sys

def count_subarrays(nums, k):
    max_element = max(nums)
    count = 0
    for i in range(len(nums)):
        max_count = 0
        for j in range(i, len(nums)):
            if nums[j] == max_element:
                max_count += 1
            if max_count >= k:
                count += 1
    return count

nums = list(map(int, input().split()))
k = int(input())
print(count_subarrays(nums, k))"
M68,make-lexicographically-smallest-array-by-swapping-elements,Medium,P1,meta-llama/llama-3.3-70b-instruct,stdin,lcb-stdin,1,0,0,3.96,"want='[1, 3, 5, 8, 9]' got=''","import sys

def read_ints():
    return list(map(int, sys.stdin.readline().split()))

def read_int():
    return int(sys.stdin.readline())

def solve(nums, limit):
    n = len(nums)
    for i in range(n):
        min_idx = i
        for j in range(i + 1, n):
            if abs(nums[j] - nums[min_idx]) <= limit and nums[j] < nums[min_idx]:
                min_idx = j
        if min_idx != i:
            nums[i], nums[min_idx] = nums[min_idx], nums[i]
    return nums

nums = read_ints()
limit = read_int()
print(*solve(nums, limit))"
M68,make-lexicographically-smallest-array-by-swapping-elements,Medium,P2,meta-llama/llama-3.3-70b-instruct,stdin,lcb-stdin,1,0,0,4.78,"want='[1, 3, 5, 8, 9]' got=''","import sys

def read_input():
    return sys.stdin.readline().strip()

def read_ints():
    return list(map(int, read_input().split()))

def read_int():
    return int(read_input())

def main():
    nums = read_ints()
    limit = read_int()
    n = len(nums)

    for i in range(n):
        min_idx = i
        for j in range(i + 1, n):
            if abs(nums[j] - nums[min_idx]) <= limit and nums[j] < nums[min_idx]:
                min_idx = j
        if min_idx != i and abs(nums[min_idx] - nums[i]) <= limit:
            nums[i], nums[min_idx] = nums[min_idx], nums[i]

    print(*nums)

if __name__ == ""__main__"":
    main()"
M68,make-lexicographically-smallest-array-by-swapping-elements,Medium,P3,meta-llama/llama-3.3-70b-instruct,stdin,lcb-stdin,1,0,0,27.86,"want='[1, 3, 5, 8, 9]' got=''","import sys

def read_input():
    return sys.stdin.readline().strip()

def read_ints():
    return list(map(int, read_input().split()))

def read_int():
    return int(read_input())

def solve(nums, limit):
    n = len(nums)
    parent = list(range(n))

    def find(x):
        if parent[x]!= x:
            parent[x] = find(parent[x])
        return parent[x]

    def union(x, y):
        root_x, root_y = find(x), find(y)
        if root_x!= root_y:
            parent[root_x] = root_y

    for i in range(n):
        for j in range(i + 1, n):
            if abs(nums[i] - nums[j]) <= limit:
                union(i, j)

    groups = {}
    for i in range(n):
        root = find(i)
        if root not in groups:
            groups[root] = []
        groups[root].append(nums[i])

    for root in groups:
        groups[root].sort()

    result = [0] * n
    for i in range(n):
        root = find(i)
        result[i] = groups[root].pop(0)

    return result

nums = read_ints()
limit = read_int()
print(*solve(nums, limit))"
M69,length-of-longest-subarray-with-at-most-k-frequency,Medium,P1,meta-llama/llama-3.3-70b-instruct,stdin,lcb-stdin,1,0,0,5.88,want='6' got='',"import sys

def main():
    nums = list(map(int, input().split()))
    k = int(input())
    max_length = 0
    for i in range(len(nums)):
        freq = {}
        for j in range(i, len(nums)):
            freq[nums[j]] = freq.get(nums[j], 0) + 1
            if all(val <= k for val in freq.values()):
                max_length = max(max_length, j - i + 1)
    print(max_length)

if __name__ == ""__main__"":
    main()"
M69,length-of-longest-subarray-with-at-most-k-frequency,Medium,P2,meta-llama/llama-3.3-70b-instruct,stdin,lcb-stdin,1,0,0,3.7,want='6' got='',"import sys

def longest_subarray(nums, k):
    max_length = 0
    left = 0
    freq = {}

    for right in range(len(nums)):
        freq[nums[right]] = freq.get(nums[right], 0) + 1

        while max(freq.values()) > k:
            freq[nums[left]] -= 1
            if freq[nums[left]] == 0:
                del freq[nums[left]]
            left += 1

        max_length = max(max_length, right - left + 1)

    return max_length

nums = list(map(int, input().split()))
k = int(input())
print(longest_subarray(nums, k))"
M69,length-of-longest-subarray-with-at-most-k-frequency,Medium,P3,meta-llama/llama-3.3-70b-instruct,stdin,lcb-stdin,1,0,0,2.52,want='6' got='',"import sys

def main():
    nums = list(map(int, input().split()))
    k = int(input())

    max_length = 0
    left = 0
    freq = {}

    for right in range(len(nums)):
        freq[nums[right]] = freq.get(nums[right], 0) + 1

        while max(freq.values()) > k:
            freq[nums[left]] -= 1
            if freq[nums[left]] == 0:
                del freq[nums[left]]
            left += 1

        max_length = max(max_length, right - left + 1)

    print(max_length)

if __name__ == ""__main__"":
    main()"
M70,maximum-size-of-a-set-after-removals,Medium,P1,meta-llama/llama-3.3-70b-instruct,stdin,lcb-stdin,1,0,0,4.94,want='2' got='',"import sys

def main():
    nums1 = list(map(int, input().split()))
    nums2 = list(map(int, input().split()))

    n = len(nums1)
    count1 = {}
    count2 = {}

    for num in nums1:
        if num in count1:
            count1[num] += 1
        else:
            count1[num] = 1

    for num in nums2:
        if num in count2:
            count2[num] += 1
        else:
            count2[num] = 1

    common = set(count1.keys()) & set(count2.keys())
    unique1 = set(count1.keys()) - common
    unique2 = set(count2.keys()) - common

    remove = n // 2
    ans = 0

    for num in common:
        ans += min(count1[num], count2[num])
        remove -= min(count1[num], count2[num])

    for num in unique1:
        ans += min(count1[num], remove)
        remove -= min(count1[num], remove)

    for num in unique2:
        ans += min(count2[num], remove)
        remove -= min(count2[num], remove)

    print(n - ans)

if __name__ == ""__main__"":
    main()"
M70,maximum-size-of-a-set-after-removals,Medium,P2,meta-llama/llama-3.3-70b-instruct,stdin,lcb-stdin,1,0,0,4.43,want='2' got='1',"from collections import Counter
import sys

def main():
    input_lines = sys.stdin.read().strip().split('\n')
    nums1 = list(map(int, input_lines[0].strip('[]').split(', ')))
    nums2 = list(map(int, input_lines[1].strip('[]').split(', ')))

    count1 = Counter(nums1)
    count2 = Counter(nums2)

    common = count1.keys() & count2.keys()
    unique1 = count1.keys() - common
    unique2 = count2.keys() - common

    remove_common = sum(min(count1[x], count2[x]) for x in common)
    remove_unique1 = sum(count1[x] for x in unique1)
    remove_unique2 = sum(count2[x] for x in unique2)

    remove = len(nums1) // 2
    ans = 0

    for x in common:
        if remove_common >= remove * 2:
            ans += 1
            remove_common -= min(count1[x], count2[x]) * 2
            remove -= min(count1[x], count2[x])
        else:
            break

    ans += min(remove, remove_unique1 // 2 + remove_unique2 // 2)

    print(ans)

if __name__ == ""__main__"":
    main()"
M70,maximum-size-of-a-set-after-removals,Medium,P3,meta-llama/llama-3.3-70b-instruct,stdin,lcb-stdin,1,0,0,6.4,want='2' got='',"import sys
from collections import Counter

def main():
    input_lines = sys.stdin.readlines()
    input_lines = [line.strip() for line in input_lines]

    nums1 = list(map(int, input_lines[0].split()))
    nums2 = list(map(int, input_lines[1].split()))

    n = len(nums1)
    count1 = Counter(nums1)
    count2 = Counter(nums2)

    common = count1.keys() & count2.keys()
    unique1 = count1.keys() - count2.keys()
    unique2 = count2.keys() - count1.keys()

    common_count = sum(min(count1[num], count2[num]) for num in common)
    unique_count = sum(count1[num] for num in unique1) + sum(count2[num] for num in unique2)

    remove_count = n // 2
    if common_count >= remove_count:
        print(len(common) + len(unique1) + len(unique2))
    else:
        remove_count -= common_count
        unique_count -= 2 * remove_count
        print(len(common) + unique_count)

if __name__ == ""__main__"":
    main()"
M71,minimum-cost-to-make-array-equalindromic,Medium,P1,meta-llama/llama-3.3-70b-instruct,stdin,lcb-stdin,1,0,0,6.55,want='6' got='',"import sys

def is_palindromic(n):
    return str(n) == str(n)[::-1]

def calculate_cost(nums, target):
    return sum(abs(num - target) for num in nums)

def main():
    nums = list(map(int, input().split()))
    min_cost = float('inf')
    for i in range(1, 10**9):
        if is_palindromic(i):
            cost = calculate_cost(nums, i)
            min_cost = min(min_cost, cost)
    print(min_cost)

if __name__ == ""__main__"":
    main()"
M71,minimum-cost-to-make-array-equalindromic,Medium,P2,meta-llama/llama-3.3-70b-instruct,stdin,lcb-stdin,1,0,0,9.53,want='6' got='',"import sys

def is_palindromic(n):
    return str(n) == str(n)[::-1]

def calculate_cost(nums, target):
    return sum(abs(num - target) for num in nums)

def main():
    nums = list(map(int, input().split()))
    min_cost = float('inf')
    for i in range(1, 10**9):
        if is_palindromic(i):
            cost = calculate_cost(nums, i)
            min_cost = min(min_cost, cost)
    print(min_cost)

if __name__ == ""__main__"":
    main()"
M71,minimum-cost-to-make-array-equalindromic,Medium,P3,meta-llama/llama-3.3-70b-instruct,stdin,lcb-stdin,1,0,0,10.12,want='6' got='',"import sys

def is_palindromic(n):
    return str(n) == str(n)[::-1]

def calculate_cost(nums, target):
    return sum(abs(num - target) for num in nums)

def main():
    nums = list(map(int, input().split()))
    min_cost = float('inf')
    for i in range(1, 10**9):
        if is_palindromic(i):
            cost = calculate_cost(nums, i)
            min_cost = min(min_cost, cost)
    print(min_cost)

if __name__ == ""__main__"":
    main()"
M72,remove-adjacent-almost-equal-characters,Medium,P1,meta-llama/llama-3.3-70b-instruct,stdin,lcb-stdin,1,0,0,3.43,want='2' got='4',"def min_operations(word):
    stack = []
    operations = 0
    for char in word:
        if stack and (stack[-1] == char or abs(ord(stack[-1]) - ord(char)) == 1):
            operations += 1
        else:
            stack.append(char)
    return operations

word = input()
print(min_operations(word))"
M72,remove-adjacent-almost-equal-characters,Medium,P2,meta-llama/llama-3.3-70b-instruct,stdin,lcb-stdin,1,1,1,1.9,,
M72,remove-adjacent-almost-equal-characters,Medium,P3,meta-llama/llama-3.3-70b-instruct,stdin,lcb-stdin,1,1,1,2.28,,
M73,minimum-number-of-coins-to-be-added,Medium,P1,meta-llama/llama-3.3-70b-instruct,stdin,lcb-stdin,1,0,0,4.87,want='2' got='',"import sys

def min_coins_to_add(coins, target):
    dp = [float('inf')] * (target + 1)
    dp[0] = 0
    for coin in coins:
        for i in range(coin, target + 1):
            dp[i] = min(dp[i], dp[i - coin] + 1)
    result = 0
    for i in range(1, target + 1):
        if dp[i] == float('inf'):
            result += 1
            dp[i] = 1
            for j in range(i + i, target + 1, i):
                dp[j] = min(dp[j], dp[j - i] + 1)
    return result

coins = list(map(int, input().split()))
target = int(input())
print(min_coins_to_add(coins, target))"
M73,minimum-number-of-coins-to-be-added,Medium,P2,meta-llama/llama-3.3-70b-instruct,stdin,lcb-stdin,1,0,0,4.49,want='2' got='',"import sys

def min_coins_to_add(coins, target):
    coins.sort()
    max_obtainable = 0
    count = 0
    for coin in coins:
        if coin > max_obtainable + 1:
            count += (coin - max_obtainable - 1).bit_length()
            max_obtainable = 2 * coin - 1
        else:
            max_obtainable += coin
    if max_obtainable < target:
        count += (target - max_obtainable).bit_length()
    return count

coins = list(map(int, input().split()))
target = int(input())
print(min_coins_to_add(coins, target))"
M73,minimum-number-of-coins-to-be-added,Medium,P3,meta-llama/llama-3.3-70b-instruct,stdin,lcb-stdin,1,0,0,5.67,want='2' got='',"import sys

def min_coins_to_add(coins, target):
    coins.sort()
    max_obtainable = 0
    count = 0
    for coin in coins:
        if coin > max_obtainable + 1:
            count += (coin - max_obtainable - 1).bit_length()
            max_obtainable = 2 * coin - 1
        else:
            max_obtainable += coin
    if max_obtainable < target:
        count += (target - max_obtainable).bit_length()
    return count

coins = list(map(int, input().split()))
target = int(input())
print(min_coins_to_add(coins, target))"
M74,double-modular-exponentiation,Medium,P1,meta-llama/llama-3.3-70b-instruct,stdin,lcb-stdin,1,0,0,19.61,"want='[0, 2]' got=''","import sys

def main():
    variables = []
    target = None
    for line in sys.stdin:
        line = line.strip()
        if not line:
            continue
        if target is None:
            target = int(line)
        else:
            variables.append(list(map(int, line[1:-1].split(', '))))
            if len(variables) == int(sys.stdin.readline().strip()):
                break

    result = []
    for i, var in enumerate(variables):
        a, b, c, m = var
        if pow(pow(a, b, 10), c, m) == target:
            result.append(i)

    print(result)

if __name__ == ""__main__"":
    main()"
M74,double-modular-exponentiation,Medium,P2,meta-llama/llama-3.3-70b-instruct,stdin,lcb-stdin,1,0,0,2.73,"want='[0, 2]' got=''","import sys

def main():
    variables = [[int(x) for x in line.strip()[1:-1].split(',')] for line in sys.stdin.readlines()[1:]]
    target = int(sys.stdin.readline().strip())
    result = [i for i, (a, b, c, m) in enumerate(variables) if pow(pow(a, b, 10), c, m) == target]
    print(result)

if __name__ == ""__main__"":
    main()"
M74,double-modular-exponentiation,Medium,P3,meta-llama/llama-3.3-70b-instruct,stdin,lcb-stdin,1,0,0,9.92,"want='[0, 2]' got=''","import sys

def main():
    variables = list(map(int, input().strip()[2:-2].replace('], [', ' ').split()))
    variables = [variables[i:i+4] for i in range(0, len(variables), 4)]
    target = int(input().strip())

    result = []
    for i, (a, b, c, m) in enumerate(variables):
        temp = pow(a, b, 10)
        temp = pow(temp, c, m)
        if temp == target:
            result.append(i)

    print(result)

if __name__ == ""__main__"":
    main()"
M75,minimum-cost-to-convert-string-i,Medium,P1,meta-llama/llama-3.3-70b-instruct,stdin,lcb-stdin,1,0,0,16.15,want='28' got='-1',"import sys
import heapq

def main():
    source = input()
    target = input()
    original = input().strip(""[]"").split("", "")
    changed = input().strip(""[]"").split("", "")
    cost = list(map(int, input().strip(""[]"").split("", "")))

    graph = {}
    for i in range(len(original)):
        if original[i] not in graph:
            graph[original[i]] = []
        graph[original[i]].append((changed[i], cost[i]))

    def dijkstra(start, end):
        queue = [(0, start)]
        visited = set()
        while queue:
            current_cost, current_node = heapq.heappop(queue)
            if current_node == end:
                return current_cost
            if current_node in visited:
                continue
            visited.add(current_node)
            if current_node in graph:
                for neighbor, neighbor_cost in graph[current_node]:
                    heapq.heappush(queue, (current_cost + neighbor_cost, neighbor))
        return -1

    total_cost = 0
    for i in range(len(source)):
        if source[i]!= target[i]:
            cost = dijkstra(source[i], target[i])
            if cost == -1:
                print(-1)
                return
            total_cost += cost
    print(total_cost)

if __name__ == ""__main__"":
    main()"
M75,minimum-cost-to-convert-string-i,Medium,P2,meta-llama/llama-3.3-70b-instruct,stdin,lcb-stdin,1,0,0,6.61,want='28' got='-1',"import sys
import heapq

def main():
    source = input()
    target = input()
    original = input()[1:-1].split(', ')
    changed = input()[1:-1].split(', ')
    cost = list(map(int, input()[1:-1].split(', ')))

    graph = {}
    for i in range(len(original)):
        if original[i] not in graph:
            graph[original[i]] = []
        graph[original[i]].append((changed[i], cost[i]))

    queue = [(0, source)]
    visited = set()
    while queue:
        curr_cost, curr_str = heapq.heappop(queue)
        if curr_str == target:
            print(curr_cost)
            return
        if curr_str in visited:
            continue
        visited.add(curr_str)
        for i in range(len(curr_str)):
            if curr_str[i] in graph:
                for next_char, next_cost in graph[curr_str[i]]:
                    next_str = curr_str[:i] + next_char + curr_str[i+1:]
                    heapq.heappush(queue, (curr_cost + next_cost, next_str))
    print(-1)

if __name__ == ""__main__"":
    main()"
M75,minimum-cost-to-convert-string-i,Medium,P3,meta-llama/llama-3.3-70b-instruct,stdin,lcb-stdin,1,0,0,6.47,want='28' got='-1',"import sys
import heapq

def main():
    source = input()
    target = input()
    original = input().strip('[]').split(', ')
    changed = input().strip('[]').split(', ')
    cost = list(map(int, input().strip('[]').split(', ')))

    n = len(source)
    if source == target:
        print(0)
        return

    graph = {}
    for i in range(len(original)):
        if original[i] not in graph:
            graph[original[i]] = []
        graph[original[i]].append((changed[i], cost[i]))

    queue = [(0, source)]
    visited = set()
    while queue:
        curr_cost, curr_str = heapq.heappop(queue)
        if curr_str == target:
            print(curr_cost)
            return
        if curr_str in visited:
            continue
        visited.add(curr_str)

        for i in range(n):
            if curr_str[i] in graph:
                for next_char, next_cost in graph[curr_str[i]]:
                    next_str = curr_str[:i] + next_char + curr_str[i+1:]
                    heapq.heappush(queue, (curr_cost + next_cost, next_str))

    print(-1)

if __name__ == ""__main__"":
    main()"
M76,minimum-number-of-operations-to-make-x-and-y-equal,Medium,P1,meta-llama/llama-3.3-70b-instruct,stdin,lcb-stdin,1,1,1,10.78,,
M76,minimum-number-of-operations-to-make-x-and-y-equal,Medium,P2,meta-llama/llama-3.3-70b-instruct,stdin,lcb-stdin,1,1,1,1.5,,
M76,minimum-number-of-operations-to-make-x-and-y-equal,Medium,P3,meta-llama/llama-3.3-70b-instruct,stdin,lcb-stdin,1,1,1,4.08,,
M77,maximum-number-that-sum-of-the-prices-is-less-than-or-equal-to-k,Medium,P1,meta-llama/llama-3.3-70b-instruct,stdin,lcb-stdin,1,0,0,0.55,Timeout,"import sys

def calculate_price(num, x):
    price = 0
    binary = bin(num)[2:][::-1]
    for i in range(len(binary)):
        if i % x == 0 and binary[i] == '1':
            price += 1
    return price

def find_greatest_integer(k, x):
    left, right = 1, 10**18
    while left <= right:
        mid = (left + right) // 2
        total_price = sum(calculate_price(i, x) for i in range(1, mid + 1))
        if total_price <= k:
            left = mid + 1
        else:
            right = mid - 1
    return right

k = int(input())
x = int(input())
print(find_greatest_integer(k, x))"
M77,maximum-number-that-sum-of-the-prices-is-less-than-or-equal-to-k,Medium,P2,meta-llama/llama-3.3-70b-instruct,stdin,lcb-stdin,1,0,0,39.53,Timeout,"import sys

def calculate_price(num, x):
    price = 0
    binary = bin(num)[2:][::-1]
    for i in range(len(binary)):
        if (i + 1) % x == 0 and binary[i] == '1':
            price += 1
    return price

k = int(input())
x = int(input())

left, right = 1, 10**18
while left <= right:
    mid = (left + right) // 2
    total_price = sum(calculate_price(num, x) for num in range(1, mid + 1))
    if total_price <= k:
        left = mid + 1
    else:
        right = mid - 1

print(right)"
M77,maximum-number-that-sum-of-the-prices-is-less-than-or-equal-to-k,Medium,P3,meta-llama/llama-3.3-70b-instruct,stdin,lcb-stdin,1,1,1,6.74,,
M78,minimize-length-of-array-using-operations,Medium,P1,meta-llama/llama-3.3-70b-instruct,stdin,lcb-stdin,1,0,0,17.61,want='1' got='',"import sys

def gcd(a, b):
    while b:
        a, b = b, a % b
    return a

def main():
    nums = list(map(int, input().split(',')))
    nums.sort()
    count = 0
    for i in range(len(nums) - 1):
        if gcd(nums[i], nums[i + 1]) == 1:
            count += 1
    print(len(nums) - count)

if __name__ == ""__main__"":
    main()"
M78,minimize-length-of-array-using-operations,Medium,P2,meta-llama/llama-3.3-70b-instruct,stdin,lcb-stdin,1,0,0,5.58,want='1' got='',"import sys

def gcd(a, b):
    while b:
        a, b = b, a % b
    return a

def main():
    nums = list(map(int, input().split()))
    g = nums[0]
    for num in nums[1:]:
        g = gcd(g, num)
    print(1 if g == 1 else 2)

if __name__ == ""__main__"":
    main()"
M78,minimize-length-of-array-using-operations,Medium,P3,meta-llama/llama-3.3-70b-instruct,stdin,lcb-stdin,1,0,0,3.5,want='1' got='',"import sys

def gcd(a, b):
    while b:
        a, b = b, a % b
    return a

def main():
    nums = list(map(int, input().split()))
    g = nums[0]
    for num in nums[1:]:
        g = gcd(g, num)
    print(1 if g == 1 else 2)

if __name__ == ""__main__"":
    main()"
M79,find-beautiful-indices-in-the-given-array-i,Medium,P1,meta-llama/llama-3.3-70b-instruct,stdin,lcb-stdin,1,0,0,4.88,"want='[16, 33]' got=''","import sys

s = input()
a = input()
b = input()
k = int(input())

def find_indices(s, target):
    indices = []
    for i in range(len(s) - len(target) + 1):
        if s[i:i + len(target)] == target:
            indices.append(i)
    return indices

a_indices = find_indices(s, a)
b_indices = find_indices(s, b)

beautiful_indices = []
for i in a_indices:
    for j in b_indices:
        if abs(i - j) <= k:
            beautiful_indices.append(i)
            break

print(*sorted(set(beautiful_indices)))"
M79,find-beautiful-indices-in-the-given-array-i,Medium,P2,meta-llama/llama-3.3-70b-instruct,stdin,lcb-stdin,1,0,0,4.12,"want='[16, 33]' got=''","import sys

def find_beautiful_indices(s, a, b, k):
    beautiful_indices = []
    a_indices = [i for i in range(len(s) - len(a) + 1) if s[i:i + len(a)] == a]
    b_indices = [i for i in range(len(s) - len(b) + 1) if s[i:i + len(b)] == b]

    for i in a_indices:
        for j in b_indices:
            if abs(i - j) <= k:
                beautiful_indices.append(i)
                break

    return sorted(set(beautiful_indices))

s = input()
a = input()
b = input()
k = int(input())

print(*find_beautiful_indices(s, a, b, k))"
M79,find-beautiful-indices-in-the-given-array-i,Medium,P3,meta-llama/llama-3.3-70b-instruct,stdin,lcb-stdin,1,0,0,4.56,"want='[16, 33]' got=''","import sys

def find_beautiful_indices(s, a, b, k):
    beautiful_indices = []
    a_indices = [i for i in range(len(s)) if s.startswith(a, i)]
    b_indices = [i for i in range(len(s)) if s.startswith(b, i)]

    for a_index in a_indices:
        for b_index in b_indices:
            if abs(a_index - b_index) <= k:
                beautiful_indices.append(a_index)
                break

    return sorted(set(beautiful_indices))

s = input()
a = input()
b = input()
k = int(input())

print(*find_beautiful_indices(s, a, b, k))"
M80,minimum-number-of-operations-to-make-array-xor-equal-to-k,Medium,P1,meta-llama/llama-3.3-70b-instruct,stdin,lcb-stdin,1,0,0,5.86,want='2' got='',"import sys

def min_operations(nums, k):
    xor = 0
    for num in nums:
        xor ^= num

    if xor == k:
        return 0

    max_bits = max(max(num.bit_length() for num in nums), k.bit_length())
    min_ops = float('inf')

    for num in nums:
        num_bits = num.bit_length()
        for i in range(max_bits + 1):
            flipped_num = num ^ (1 << i)
            new_xor = xor ^ num ^ flipped_num
            if new_xor == k:
                min_ops = min(min_ops, 1)
            elif new_xor ^ k < min_ops:
                min_ops = new_xor ^ k

    return min_ops

nums = list(map(int, input().split()))
k = int(input())
print(min_operations(nums, k))"
M80,minimum-number-of-operations-to-make-array-xor-equal-to-k,Medium,P2,meta-llama/llama-3.3-70b-instruct,stdin,lcb-stdin,1,0,0,8.44,want='2' got='',"import sys

def min_operations(nums, k):
    xor = 0
    for num in nums:
        xor ^= num

    if xor == k:
        return 0

    max_bits = max(max(nums), k).bit_length()
    min_ops = float('inf')

    for num in nums:
        for i in range(max_bits + 1):
            flipped_num = num ^ (1 << i)
            new_xor = xor ^ num ^ flipped_num
            if new_xor == k:
                min_ops = min(min_ops, 1)

    if min_ops == float('inf'):
        for i in range(len(nums)):
            for j in range(i + 1, len(nums)):
                num1, num2 = nums[i], nums[j]
                for bit1 in range(max_bits + 1):
                    for bit2 in range(max_bits + 1):
                        flipped_num1 = num1 ^ (1 << bit1)
                        flipped_num2 = num2 ^ (1 << bit2)
                        new_xor = xor ^ num1 ^ num2 ^ flipped_num1 ^ flipped_num2
                        if new_xor == k:
                            min_ops = min(min_ops, 2)

    return min_ops if min_ops != float('inf') else -1

nums = list(map(int, input().split()))
k = int(input())
print(min_operations(nums, k))"
M80,minimum-number-of-operations-to-make-array-xor-equal-to-k,Medium,P3,meta-llama/llama-3.3-70b-instruct,stdin,lcb-stdin,1,0,0,1.85,want='2' got='',"import sys

def calculate_xor(nums):
    """"""Calculate the XOR of all elements in the array.""""""
    xor = 0
    for num in nums:
        xor ^= num
    return xor

def calculate_operations(xor, k):
    """"""Calculate the minimum number of operations required to make the XOR equal to k.""""""
    operations = 0
    xor_diff = xor ^ k
    while xor_diff:
        operations += 1
        xor_diff &= xor_diff - 1
    return operations

def main():
    nums = list(map(int, input().split()))
    k = int(input())
    xor = calculate_xor(nums)
    operations = calculate_operations(xor, k)
    print(operations)

if __name__ == ""__main__"":
    main()"
M81,find-polygon-with-the-largest-perimeter,Medium,P1,meta-llama/llama-3.3-70b-instruct,stdin,lcb-stdin,1,0,0,3.5,want='15' got='',"import sys

def find_largest_perimeter(nums):
    nums.sort()
    for i in range(len(nums) - 1, 1, -1):
        if sum(nums[:i]) > nums[i]:
            return sum(nums[:i+1])
    return -1

nums = list(map(int, input().split()))
print(find_largest_perimeter(nums))"
M81,find-polygon-with-the-largest-perimeter,Medium,P2,meta-llama/llama-3.3-70b-instruct,stdin,lcb-stdin,1,0,0,1.99,want='15' got='',"import sys

def find_largest_perimeter(nums):
    nums.sort()
    for i in range(len(nums) - 1, 1, -1):
        if nums[i] < sum(nums[i-2:i]):
            return sum(nums[i-2:i+1])
    return -1

nums = list(map(int, input().split()))
print(find_largest_perimeter(nums))"
M81,find-polygon-with-the-largest-perimeter,Medium,P3,meta-llama/llama-3.3-70b-instruct,stdin,lcb-stdin,1,0,0,4.22,want='15' got='',"import sys

def main():
    nums = list(map(int, input().split()))
    nums.sort()
    for i in range(len(nums) - 1, 2, -1):
        if sum(nums[:i]) - nums[i] > nums[i]:
            print(sum(nums[:i+1]))
            return
    print(-1)

if __name__ == ""__main__"":
    main()"
M82,maximum-good-subarray-sum,Medium,P1,meta-llama/llama-3.3-70b-instruct,stdin,lcb-stdin,1,0,0,2.02,want='11' got='',"import sys

def main():
    nums = list(map(int, input().split()))
    k = int(input())

    max_sum = 0
    for i in range(len(nums)):
        for j in range(i, len(nums)):
            if abs(nums[i] - nums[j]) == k:
                max_sum = max(max_sum, sum(nums[i:j+1]))

    print(max_sum)

if __name__ == ""__main__"":
    main()"
M82,maximum-good-subarray-sum,Medium,P2,meta-llama/llama-3.3-70b-instruct,stdin,lcb-stdin,1,0,0,2.69,want='11' got='',"import sys

def main():
    nums = list(map(int, input().split()))
    k = int(input())
    max_sum = 0
    for i in range(len(nums)):
        for j in range(i, len(nums)):
            if abs(nums[i] - nums[j]) == k:
                max_sum = max(max_sum, sum(nums[i:j+1]))
    print(max_sum)

if __name__ == ""__main__"":
    main()"
M82,maximum-good-subarray-sum,Medium,P3,meta-llama/llama-3.3-70b-instruct,stdin,lcb-stdin,1,0,0,1.67,want='11' got='',"import sys

def main():
    nums = list(map(int, input().split()))
    k = int(input())

    max_sum = 0
    for i in range(len(nums)):
        for j in range(i, len(nums)):
            if abs(nums[i] - nums[j]) == k:
                max_sum = max(max_sum, sum(nums[i:j+1]))

    print(max_sum)

if __name__ == ""__main__"":
    main()"
M83,find-longest-special-substring-that-occurs-thrice-i,Medium,P1,meta-llama/llama-3.3-70b-instruct,stdin,lcb-stdin,1,1,1,8.35,,
M83,find-longest-special-substring-that-occurs-thrice-i,Medium,P2,meta-llama/llama-3.3-70b-instruct,stdin,lcb-stdin,1,1,1,6.27,,
M83,find-longest-special-substring-that-occurs-thrice-i,Medium,P3,meta-llama/llama-3.3-70b-instruct,stdin,lcb-stdin,1,1,1,2.06,,
M84,number-of-subarrays-that-match-a-pattern-i,Medium,P1,meta-llama/llama-3.3-70b-instruct,stdin,lcb-stdin,1,0,0,19.8,want='4' got='',"import sys

def main():
    nums = list(map(int, input().split()))
    pattern = list(map(int, input().split()))

    count = 0
    n = len(nums)
    m = len(pattern)

    for i in range(n - m):
        match = True
        for k in range(m):
            if pattern[k] == 1 and nums[i + k + 1] <= nums[i + k]:
                match = False
                break
            elif pattern[k] == 0 and nums[i + k + 1]!= nums[i + k]:
                match = False
                break
            elif pattern[k] == -1 and nums[i + k + 1] >= nums[i + k]:
                match = False
                break
        if match:
            count += 1

    print(count)

if __name__ == ""__main__"":
    main()"
M84,number-of-subarrays-that-match-a-pattern-i,Medium,P2,meta-llama/llama-3.3-70b-instruct,stdin,lcb-stdin,1,0,0,4.96,want='4' got='',"import sys

def main():
    nums = list(map(int, input().split()))
    pattern = list(map(int, input().split()))

    count = 0
    for i in range(len(nums) - len(pattern)):
        match = True
        for j in range(len(pattern)):
            if pattern[j] == 1 and nums[i + j + 1] <= nums[i + j]:
                match = False
                break
            elif pattern[j] == 0 and nums[i + j + 1] != nums[i + j]:
                match = False
                break
            elif pattern[j] == -1 and nums[i + j + 1] >= nums[i + j]:
                match = False
                break
        if match:
            count += 1
    print(count)

if __name__ == ""__main__"":
    main()"
M84,number-of-subarrays-that-match-a-pattern-i,Medium,P3,meta-llama/llama-3.3-70b-instruct,stdin,lcb-stdin,1,0,0,21.81,want='4' got='',"import sys

def main():
    nums = list(map(int, input().split()))
    pattern = list(map(int, input().split()))

    count = 0
    for i in range(len(nums) - len(pattern)):
        match = True
        for k in range(len(pattern)):
            if pattern[k] == 1 and nums[i + k + 1] <= nums[i + k]:
                match = False
                break
            elif pattern[k] == 0 and nums[i + k + 1]!= nums[i + k]:
                match = False
                break
            elif pattern[k] == -1 and nums[i + k + 1] >= nums[i + k]:
                match = False
                break
        if match:
            count += 1
    print(count)

if __name__ == ""__main__"":
    main()"
M85,alice-and-bob-playing-flower-game,Medium,P1,meta-llama/llama-3.3-70b-instruct,stdin,lcb-stdin,1,1,1,3.25,,
M85,alice-and-bob-playing-flower-game,Medium,P2,meta-llama/llama-3.3-70b-instruct,stdin,lcb-stdin,1,1,1,3.04,,
M85,alice-and-bob-playing-flower-game,Medium,P3,meta-llama/llama-3.3-70b-instruct,stdin,lcb-stdin,1,1,1,18.58,,
M86,find-if-array-can-be-sorted,Medium,P1,meta-llama/llama-3.3-70b-instruct,stdin,lcb-stdin,1,0,0,4.57,want='true' got='False',"import sys

def count_set_bits(n):
    count = 0
    while n:
        count += n & 1
        n >>= 1
    return count

def can_sort_array(nums):
    groups = {}
    for num in nums:
        set_bits = count_set_bits(num)
        if set_bits not in groups:
            groups[set_bits] = []
        groups[set_bits].append(num)

    for group in groups.values():
        group.sort()

    sorted_nums = []
    for group in sorted(groups.keys()):
        sorted_nums.extend(groups[group])

    return sorted_nums == sorted(nums)

nums = list(map(int, input().strip()[1:-1].split(', ')))
print(can_sort_array(nums))"
M86,find-if-array-can-be-sorted,Medium,P2,meta-llama/llama-3.3-70b-instruct,stdin,lcb-stdin,1,0,0,5.65,want='true' got='False',"import sys

def count_set_bits(n):
    count = 0
    while n:
        count += n & 1
        n >>= 1
    return count

def can_sort_array(nums):
    groups = {}
    for num in nums:
        set_bits = count_set_bits(num)
        if set_bits not in groups:
            groups[set_bits] = []
        groups[set_bits].append(num)

    for group in groups.values():
        if group != sorted(group):
            return False

    return True

nums = list(map(int, input().strip(""[]"").split("", "")))
print(can_sort_array(nums))"
M86,find-if-array-can-be-sorted,Medium,P3,meta-llama/llama-3.3-70b-instruct,stdin,lcb-stdin,1,0,0,8.85,want='true' got='',"import sys

def count_set_bits(n):
    """"""Count the number of set bits in a binary representation of a number.""""""
    count = 0
    while n:
        count += n & 1
        n >>= 1
    return count

def can_sort_array(nums):
    """"""Check if the array can be sorted by swapping adjacent elements with the same number of set bits.""""""
    # Create a list of tuples containing the number and its set bit count
    num_set_bits = [(num, count_set_bits(num)) for num in nums]

    # Sort the list of tuples based on the number and its set bit count
    sorted_num_set_bits = sorted(num_set_bits, key=lambda x: (x[1], x[0]))

    # Check if the sorted list of numbers is equal to the sorted input array
    return [x[0] for x in sorted_num_set_bits] == sorted(nums)

# Read input from stdin
nums = list(map(int, input().split()))

# Check if the array can be sorted
if can_sort_array(nums):
    print(""true"")
else:
    print(""false"")"
M87,earliest-second-to-mark-indices-i,Medium,P1,meta-llama/llama-3.3-70b-instruct,stdin,lcb-stdin,1,0,0,10.6,want='8' got='',"import sys

def main():
    nums = list(map(int, input().split()))
    changeIndices = list(map(int, input().split()))

    n = len(nums)
    m = len(changeIndices)

    marked = [False] * n
    count = 0

    for s in range(m):
        if nums[changeIndices[s] - 1] == 0 and not marked[changeIndices[s] - 1]:
            marked[changeIndices[s] - 1] = True
            count += 1

        if count == n:
            print(s + 1)
            return

        if count < n:
            min_val = float('inf')
            min_index = -1
            for i in range(n):
                if not marked[i] and nums[i] < min_val:
                    min_val = nums[i]
                    min_index = i

            nums[min_index] -= 1

    if count < n:
        print(-1)
    else:
        print(m)

if __name__ == ""__main__"":
    main()"
M87,earliest-second-to-mark-indices-i,Medium,P2,meta-llama/llama-3.3-70b-instruct,stdin,lcb-stdin,1,0,0,10.44,want='8' got='-1',"import sys

def main():
    nums = list(map(int, input().strip()[1:-1].split(', ')))
    changeIndices = list(map(int, input().strip()[1:-1].split(', ')))

    n = len(nums)
    m = len(changeIndices)

    marked = [False] * n
    count = 0

    for s in range(m):
        if nums[changeIndices[s] - 1] == 0 and not marked[changeIndices[s] - 1]:
            marked[changeIndices[s] - 1] = True
            count += 1

        if count == n:
            print(s + 1)
            return

        if count < n:
            min_val = float('inf')
            min_index = -1
            for i in range(n):
                if not marked[i] and nums[i] < min_val:
                    min_val = nums[i]
                    min_index = i

            nums[min_index] -= 1

            if nums[min_index] == 0 and not marked[min_index]:
                marked[min_index] = True
                count += 1

    if count < n:
        print(-1)
    else:
        print(m)

if __name__ == ""__main__"":
    main()"
M87,earliest-second-to-mark-indices-i,Medium,P3,meta-llama/llama-3.3-70b-instruct,stdin,lcb-stdin,1,0,0,6.51,want='8' got='',"import sys

def main():
    nums = list(map(int, input().split()))
    changeIndices = list(map(int, input().split()))

    n = len(nums)
    m = len(changeIndices)

    marked = [False] * n
    count = 0

    for s in range(m):
        if nums[changeIndices[s] - 1] == 0 and not marked[changeIndices[s] - 1]:
            marked[changeIndices[s] - 1] = True
            count += 1

        if count == n:
            print(s + 1)
            return

        if nums[changeIndices[s] - 1] > 0:
            nums[changeIndices[s] - 1] -= 1

    if count == n:
        print(m)
    else:
        print(-1)

if __name__ == ""__main__"":
    main()"
M88,minimum-time-to-revert-word-to-initial-state-i,Medium,P1,meta-llama/llama-3.3-70b-instruct,stdin,lcb-stdin,1,0,0,2.44,want='2' got='3',"import sys

def main():
    word = input()
    k = int(input())
    n = len(word)
    for time in range(1, n + 1):
        new_word = word[time*k:] + word[:time*k]
        if new_word == word:
            print(time)
            break

if __name__ == ""__main__"":
    main()"
M88,minimum-time-to-revert-word-to-initial-state-i,Medium,P2,meta-llama/llama-3.3-70b-instruct,stdin,lcb-stdin,1,0,0,4.7,want='2' got='3',"import sys

word = input()
k = int(input())

def min_time(word, k):
    n = len(word)
    for time in range(1, n + 1):
        new_word = word[time * k:] + word[:time * k]
        if new_word == word:
            return time

print(min_time(word, k))"
M88,minimum-time-to-revert-word-to-initial-state-i,Medium,P3,meta-llama/llama-3.3-70b-instruct,stdin,lcb-stdin,1,0,0,2.45,want='2' got='3',"import sys

word = input()
k = int(input())

def min_time(word, k):
    n = len(word)
    for time in range(1, n + 1):
        new_word = word[time * k:] + word[:time * k]
        if new_word == word:
            return time

print(min_time(word, k))"
M89,find-the-maximum-number-of-elements-in-subset,Medium,P1,meta-llama/llama-3.3-70b-instruct,stdin,lcb-stdin,1,0,0,4.42,want='3' got='',"import sys

def find_max_subset(nums):
    count = {}
    for num in nums:
        if num in count:
            count[num] += 1
        else:
            count[num] = 1

    max_length = 0
    for num in count:
        current_length = 0
        current_num = num
        while current_num in count and count[current_num] > 0:
            count[current_num] -= 1
            current_length += 1
            current_num *= num
        current_num //= num
        while current_num != num and current_num in count and count[current_num] > 0:
            count[current_num] -= 1
            current_length += 1
            current_num //= num
        max_length = max(max_length, current_length)

    return max_length

nums = list(map(int, input().split(',')))
print(find_max_subset(nums))"
M89,find-the-maximum-number-of-elements-in-subset,Medium,P2,meta-llama/llama-3.3-70b-instruct,stdin,lcb-stdin,1,0,0,8.68,want='3' got='',"import sys

def main():
    nums = list(map(int, input().split()))
    count = {}
    for num in nums:
        if num in count:
            count[num] += 1
        else:
            count[num] = 1

    max_length = 0
    for num in count:
        current_length = 0
        current_num = num
        while current_num in count and count[current_num] > 0:
            count[current_num] -= 1
            current_length += 1
            current_num *= num
        current_num = num
        while current_num in count and count[current_num] > 0 and current_length > 1:
            count[current_num] -= 1
            current_length += 1
            current_num //= num
        max_length = max(max_length, current_length)

    print(max_length)

if __name__ == ""__main__"":
    main()"
M89,find-the-maximum-number-of-elements-in-subset,Medium,P3,meta-llama/llama-3.3-70b-instruct,stdin,lcb-stdin,1,0,0,6.44,want='3' got='',"import sys

def main():
    nums = list(map(int, input().split()))
    max_count = 0

    for num in set(nums):
        count = nums.count(num)
        if count > 0:
            max_count = max(max_count, count)

        square = num ** 2
        if square in nums:
            count = min(count, nums.count(square))
            if square ** 2 in nums:
                count = min(count, nums.count(square ** 2))
                if square ** 4 in nums:
                    count = min(count, nums.count(square ** 4))
                    if square ** 8 in nums:
                        count = min(count, nums.count(square ** 8))
                        if square ** 16 in nums:
                            count = min(count, nums.count(square ** 16))
                            if square ** 32 in nums:
                                count = min(count, nums.count(square ** 32))
            max_count = max(max_count, count * 2 + 1 if count > 0 else 0)

    print(max_count)

if __name__ == ""__main__"":
    main()"
M90,apply-operations-to-make-string-empty,Medium,P1,meta-llama/llama-3.3-70b-instruct,stdin,lcb-stdin,1,0,0,10.09,Timeout,"import sys

s = input()
result = s
while True:
    new_s = """"
    for char in s:
        if char not in new_s:
            new_s += char
    if new_s == """":
        break
    result = new_s
    s = new_s
print(result)"
M90,apply-operations-to-make-string-empty,Medium,P2,meta-llama/llama-3.3-70b-instruct,stdin,lcb-stdin,1,0,0,6.87,"want='""ba""' got=''","import sys

def main():
    s = input()
    last_string = """"
    while True:
        new_string = """"
        for char in s:
            if char not in new_string:
                new_string += char
            else:
                new_string += char
        if new_string == s:
            break
        last_string = s
        s = new_string
    print(last_string)

if __name__ == ""__main__"":
    main()"
M90,apply-operations-to-make-string-empty,Medium,P3,meta-llama/llama-3.3-70b-instruct,stdin,lcb-stdin,1,0,0,2.75,Timeout,"import sys

def main():
    s = input()
    result = s
    while True:
        new_s = ''
        for char in s:
            if char not in new_s:
                new_s += char
        if new_s == '':
            break
        result = new_s
        s = new_s
    print(result)

if __name__ == ""__main__"":
    main()"
M91,maximum-palindromes-after-operations,Medium,P1,meta-llama/llama-3.3-70b-instruct,stdin,lcb-stdin,1,0,0,1.44,want='3' got='2',"from collections import Counter

words = input().split(',')

char_count = Counter(''.join(words))

odd_count = sum(val % 2 for val in char_count.values())

print(len(words) - (odd_count - 1 if odd_count > 0 else 0))"
M91,maximum-palindromes-after-operations,Medium,P2,meta-llama/llama-3.3-70b-instruct,stdin,lcb-stdin,1,0,0,4.27,want='3' got='1',"from collections import Counter

def count_palindromes(words):
    char_count = Counter()
    for word in words:
        for char in word:
            char_count[char] += 1

    odd_count = sum(count % 2 for count in char_count.values())
    return len(words) - (odd_count - 1 if odd_count > 0 else 0)

words = input().strip(""[]"").split(',""')
words = [word.strip('""') for word in words]
print(count_palindromes(words))"
M91,maximum-palindromes-after-operations,Medium,P3,meta-llama/llama-3.3-70b-instruct,stdin,lcb-stdin,0,0,0,5.13,SyntaxError line 14: '(' was never closed,"from collections import Counter

words = input().split("","")

char_count = Counter()
for word in words:
    for char in word:
        char_count[char] += 1

odd_count = 0
for count in char_count.values():
    odd_count += count % 2

print(min(len(words), (len(words) - odd_count // 2 + odd_count % 2))"
M92,find-the-length-of-the-longest-common-prefix,Medium,P1,meta-llama/llama-3.3-70b-instruct,stdin,lcb-stdin,1,0,0,5.16,want='3' got='',"import sys

def find_common_prefix_length(x, y):
    """"""Find the length of the common prefix between two integers.""""""
    x_str = str(x)
    y_str = str(y)
    length = 0
    for i in range(min(len(x_str), len(y_str))):
        if x_str[i] == y_str[i]:
            length += 1
        else:
            break
    return length

def main():
    """"""Read input, compute the answer, and print the result.""""""
    arr1 = list(map(int, input().split()))
    arr2 = list(map(int, input().split()))
    max_length = 0
    for x in arr1:
        for y in arr2:
            length = find_common_prefix_length(x, y)
            max_length = max(max_length, length)
    print(max_length)

if __name__ == ""__main__"":
    main()"
M92,find-the-length-of-the-longest-common-prefix,Medium,P2,meta-llama/llama-3.3-70b-instruct,stdin,lcb-stdin,1,0,0,6.48,want='3' got='',"import sys

def find_common_prefix_length(x, y):
    """"""Find the length of the common prefix between two integers.""""""
    x_str = str(x)
    y_str = str(y)
    length = 0
    for i in range(min(len(x_str), len(y_str))):
        if x_str[i] == y_str[i]:
            length += 1
        else:
            break
    return length

def main():
    """"""Read input, compute the answer, and print the result.""""""
    arr1 = list(map(int, input().split()))
    arr2 = list(map(int, input().split()))
    max_length = 0
    for x in arr1:
        for y in arr2:
            length = find_common_prefix_length(x, y)
            max_length = max(max_length, length)
    print(max_length)

if __name__ == ""__main__"":
    main()"
M92,find-the-length-of-the-longest-common-prefix,Medium,P3,meta-llama/llama-3.3-70b-instruct,stdin,lcb-stdin,1,0,0,5.89,want='3' got='',"import sys

def find_common_prefix_length(x, y):
    """"""Find the length of the common prefix between two integers.""""""
    x_str = str(x)
    y_str = str(y)
    length = 0
    for i in range(min(len(x_str), len(y_str))):
        if x_str[i] == y_str[i]:
            length += 1
        else:
            break
    return length

def find_longest_common_prefix_length(arr1, arr2):
    """"""Find the length of the longest common prefix among all pairs of integers.""""""
    max_length = 0
    for x in arr1:
        for y in arr2:
            length = find_common_prefix_length(x, y)
            max_length = max(max_length, length)
    return max_length

arr1 = list(map(int, input().split()))
arr2 = list(map(int, input().split()))

print(find_longest_common_prefix_length(arr1, arr2))"
M93,AtCoder Cards,Medium,P1,meta-llama/llama-3.3-70b-instruct,stdin,lcb-stdin,1,0,0,17.39,want='Yes' got='No',"import sys

def count_chars(s):
    char_count = {}
    for char in s:
        if char in char_count:
            char_count[char] += 1
        else:
            char_count[char] = 1
    return char_count

def main():
    s = input().strip()
    t = input().strip()

    s_count = count_chars(s.replace('@', ''))
    t_count = count_chars(t.replace('@', ''))

    if s_count!= t_count:
        print('No')
        return

    s_at_count = s.count('@')
    t_at_count = t.count('@')

    if s_at_count + t_at_count > 7 * 2:
        print('No')
        return

    s_set = set(s.replace('@', ''))
    t_set = set(t.replace('@', ''))

    if len(s_set.union(t_set)) > 7:
        print('No')
        return

    print('Yes')

if __name__ == '__main__':
    main()"
M93,AtCoder Cards,Medium,P2,meta-llama/llama-3.3-70b-instruct,stdin,lcb-stdin,1,0,0,4.81,want='Yes' got='No',"from collections import Counter

s = input()
t = input()

def can_win(s, t):
    s_count = Counter(s)
    t_count = Counter(t)

    for char in 'atcoder':
        s_count[char] += s_count['@']
        t_count[char] += t_count['@']

    for char in 'atcoder':
        if s_count[char] != t_count[char]:
            return False

    return True

print('Yes' if can_win(s, t) else 'No')"
M93,AtCoder Cards,Medium,P3,meta-llama/llama-3.3-70b-instruct,stdin,lcb-stdin,1,1,1,4.09,,
M94,Bitmask,Medium,P1,meta-llama/llama-3.3-70b-instruct,stdin,lcb-stdin,1,1,1,4.46,,
M94,Bitmask,Medium,P2,meta-llama/llama-3.3-70b-instruct,stdin,lcb-stdin,1,1,1,4.35,,
M94,Bitmask,Medium,P3,meta-llama/llama-3.3-70b-instruct,stdin,lcb-stdin,1,1,1,5.58,,
M95,Find snuke,Medium,P1,meta-llama/llama-3.3-70b-instruct,stdin,lcb-stdin,1,1,1,7.85,,
M95,Find snuke,Medium,P2,meta-llama/llama-3.3-70b-instruct,stdin,lcb-stdin,1,1,1,18.52,,
M95,Find snuke,Medium,P3,meta-llama/llama-3.3-70b-instruct,stdin,lcb-stdin,1,1,1,8.75,,
M96,Almost Equal,Medium,P1,meta-llama/llama-3.3-70b-instruct,stdin,lcb-stdin,1,1,1,110.05,,
M96,Almost Equal,Medium,P2,meta-llama/llama-3.3-70b-instruct,stdin,lcb-stdin,1,1,1,9.12,,
M96,Almost Equal,Medium,P3,meta-llama/llama-3.3-70b-instruct,stdin,lcb-stdin,1,1,1,13.68,,
M97,Impartial Gift,Medium,P1,meta-llama/llama-3.3-70b-instruct,stdin,lcb-stdin,1,1,1,3.52,,
M97,Impartial Gift,Medium,P2,meta-llama/llama-3.3-70b-instruct,stdin,lcb-stdin,1,1,1,3.96,,
M97,Impartial Gift,Medium,P3,meta-llama/llama-3.3-70b-instruct,stdin,lcb-stdin,1,1,1,28.45,,
M98,Dash,Medium,P1,meta-llama/llama-3.3-70b-instruct,stdin,lcb-stdin,1,0,0,4.24,want='No' got='Yes',"import sys

def main():
    N, M, H, K = map(int, input().split())
    S = input()
    items = set()
    for _ in range(M):
        x, y = map(int, input().split())
        items.add((x, y))

    x, y = 0, 0
    for s in S:
        if s == 'R':
            x += 1
        elif s == 'L':
            x -= 1
        elif s == 'U':
            y += 1
        elif s == 'D':
            y -= 1
        H -= 1
        if (x, y) in items and H < K:
            H = K
            items.remove((x, y))
        if H < 0:
            print(""No"")
            return
    print(""Yes"")

if __name__ == ""__main__"":
    main()"
M98,Dash,Medium,P2,meta-llama/llama-3.3-70b-instruct,stdin,lcb-stdin,1,1,1,4.79,,
M98,Dash,Medium,P3,meta-llama/llama-3.3-70b-instruct,stdin,lcb-stdin,1,1,1,14.81,,
M99,Shift vs. CapsLock,Medium,P1,meta-llama/llama-3.3-70b-instruct,stdin,lcb-stdin,1,0,0,27.81,want='9' got='8',"import sys

X, Y, Z = map(int, input().split())
S = input()

dp = [[float('inf')] * 2 for _ in range(len(S) + 1)]
dp[0][0] = 0

for i in range(len(S)):
    if S[i] == 'a':
        dp[i + 1][0] = min(dp[i + 1][0], dp[i][0] + X)
        dp[i + 1][1] = min(dp[i + 1][1], dp[i][1] + Y)
    else:
        dp[i + 1][0] = min(dp[i + 1][0], dp[i][0] + Y)
        dp[i + 1][1] = min(dp[i + 1][1], dp[i][1] + X)

    dp[i + 1][1] = min(dp[i + 1][1], dp[i][0] + Z)
    dp[i + 1][0] = min(dp[i + 1][0], dp[i][1] + Z)

print(min(dp[-1][0], dp[-1][1]))"
M99,Shift vs. CapsLock,Medium,P2,meta-llama/llama-3.3-70b-instruct,stdin,lcb-stdin,1,0,0,50.59,want='9' got='10',"import sys

X, Y, Z = map(int, input().split())
S = input()

def calculate_cost(S, X, Y, Z):
    cost = 0
    caps_lock_on = False
    for char in S:
        if caps_lock_on:
            if char == 'A':
                cost += X
            else:
                cost += Y
        else:
            if char == 'A':
                cost += Y
            else:
                cost += X
        if (caps_lock_on and char == 'a') or (not caps_lock_on and char == 'A'):
            if cost > 0 and S[S.index(char) - 1]!= char:
                cost += Z
                caps_lock_on = not caps_lock_on
    return cost

def calculate_cost2(S, X, Y, Z):
    cost = 0
    caps_lock_on = False
    for char in S:
        if caps_lock_on:
            if char == 'A':
                cost += X
            else:
                cost += Y
        else:
            if char == 'A':
                cost += Y
            else:
                cost += X
    return cost

def calculate_cost3(S, X, Y, Z):
    cost = 0
    caps_lock_on = False
    for i in range(len(S)):
        if i == 0 or S[i]!= S[i - 1]:
            if (S[i] == 'A' and not caps_lock_on) or (S[i] == 'a' and caps_lock_on):
                cost += Z
                caps_lock_on = not caps_lock_on
        if caps_lock_on:
            if S[i] == 'A':
                cost += X
            else:
                cost += Y
        else:
            if S[i] == 'A':
                cost += Y
            else:
                cost += X
    return cost

print(min(calculate_cost(S, X, Y, Z), calculate_cost2(S, X, Y, Z), calculate_cost3(S, X, Y, Z)))"
M99,Shift vs. CapsLock,Medium,P3,meta-llama/llama-3.3-70b-instruct,stdin,lcb-stdin,1,0,0,42.64,want='9' got='10',"import sys

X, Y, Z = map(int, input().split())
S = input()

def calculate_cost(S, X, Y, Z):
    cost = 0
    caps_lock_on = False
    for char in S:
        if caps_lock_on:
            if char == 'A':
                cost += X
            else:
                cost += Y
        else:
            if char == 'A':
                cost += Y
            else:
                cost += X
        if (caps_lock_on and char == 'a') or (not caps_lock_on and char == 'A'):
            if S[S.index(char) + 1:].count('A') + S[S.index(char) + 1:].count('a') > 0:
                if Y < X + Z:
                    cost += Y
                else:
                    cost += X + Z
                    caps_lock_on = not caps_lock_on
    return cost

def calculate_cost2(S, X, Y, Z):
    cost = 0
    caps_lock_on = False
    for char in S:
        if caps_lock_on:
            if char == 'A':
                cost += X
            else:
                cost += Y
        else:
            if char == 'A':
                cost += Y
            else:
                cost += X
    return cost

def calculate_cost3(S, X, Y, Z):
    cost = 0
    caps_lock_on = False
    for char in S:
        if caps_lock_on:
            if char == 'A':
                cost += X
            else:
                cost += Y
        else:
            if char == 'A':
                cost += Y
            else:
                cost += X
        if (caps_lock_on and char == 'a') or (not caps_lock_on and char == 'A'):
            if S[S.index(char) + 1:].count('A') + S[S.index(char) + 1:].count('a') > 0:
                if Y < X + Z:
                    cost += Y
                else:
                    cost += X + Z
                    caps_lock_on = not caps_lock_on
    return cost

cost1 = calculate_cost(S, X, Y, Z)
cost2 = calculate_cost2(S, X, Y, Z)
cost3 = calculate_cost3(S, X, Y, Z)

print(min(cost1, cost2, cost3))"
M100,Virus,Medium,P1,meta-llama/llama-3.3-70b-instruct,stdin,lcb-stdin,1,1,1,62.44,,
M100,Virus,Medium,P2,meta-llama/llama-3.3-70b-instruct,stdin,lcb-stdin,1,1,1,62.92,,
M100,Virus,Medium,P3,meta-llama/llama-3.3-70b-instruct,stdin,lcb-stdin,1,1,1,6.28,,
M101,A Piece of Cake,Medium,P1,meta-llama/llama-3.3-70b-instruct,stdin,lcb-stdin,1,1,1,8.14,,
M101,A Piece of Cake,Medium,P2,meta-llama/llama-3.3-70b-instruct,stdin,lcb-stdin,1,1,1,20.53,,
M101,A Piece of Cake,Medium,P3,meta-llama/llama-3.3-70b-instruct,stdin,lcb-stdin,1,1,1,9.28,,
M102,Snuke the Cookie Picker,Medium,P1,meta-llama/llama-3.3-70b-instruct,stdin,lcb-stdin,1,0,0,10.44,want='2 4' got='',"import sys

def find_cookie():
    H, W = map(int, input().split())
    grid = [list(input()) for _ in range(H)]

    for i in range(H):
        for j in range(W):
            if grid[i][j] == '.':
                # Check if the current cell is part of a rectangle
                for a in range(i):
                    for b in range(i + 1, H):
                        for c in range(j):
                            for d in range(j + 1, W):
                                if is_rectangle(grid, a, b, c, d, i, j):
                                    return i + 1, j + 1

def is_rectangle(grid, a, b, c, d, x, y):
    for i in range(len(grid)):
        for j in range(len(grid[0])):
            if (a <= i <= b and c <= j <= d) and grid[i][j] != '#':
                if (i, j) != (x, y):
                    return False
    for i in range(len(grid)):
        for j in range(len(grid[0])):
            if not (a <= i <= b and c <= j <= d) and grid[i][j] == '#':
                return False
    return True

print(*find_cookie())"
M102,Snuke the Cookie Picker,Medium,P2,meta-llama/llama-3.3-70b-instruct,stdin,lcb-stdin,1,1,1,5.46,,
M102,Snuke the Cookie Picker,Medium,P3,meta-llama/llama-3.3-70b-instruct,stdin,lcb-stdin,1,1,1,49.28,,
M103,Centers,Medium,P1,meta-llama/llama-3.3-70b-instruct,stdin,lcb-stdin,1,1,1,2.42,,
M103,Centers,Medium,P2,meta-llama/llama-3.3-70b-instruct,stdin,lcb-stdin,1,1,1,12.74,,
M103,Centers,Medium,P3,meta-llama/llama-3.3-70b-instruct,stdin,lcb-stdin,1,1,1,3.32,,
M104,Poisonous Full,Medium,P1,meta-llama/llama-3.3-70b-instruct,stdin,lcb-stdin,1,0,0,4.78,want='600' got='100',"import sys

N = int(input())
courses = [tuple(map(int, input().split())) for _ in range(N)]

dp = [[-float('inf')] * 2 for _ in range(N + 1)]
dp[0][0] = 0

for i in range(N):
    x, y = courses[i]
    for j in range(2):
        dp[i + 1][j] = max(dp[i + 1][j], dp[i][j])
        if x == 0:
            if j == 0:
                dp[i + 1][0] = max(dp[i + 1][0], dp[i][0] + y)
            else:
                dp[i + 1][0] = max(dp[i + 1][0], dp[i][1] + y)
        else:
            if j == 0:
                dp[i + 1][1] = max(dp[i + 1][1], dp[i][0] + y)

print(max(dp[N][0], 0))"
M104,Poisonous Full,Medium,P2,meta-llama/llama-3.3-70b-instruct,stdin,lcb-stdin,1,0,0,6.17,want='600' got='100',"import sys

N = int(input())
courses = [tuple(map(int, input().split())) for _ in range(N)]

dp = [[-float('inf')] * 2 for _ in range(N + 1)]
dp[0][0] = 0

for i in range(N):
    x, y = courses[i]
    dp[i + 1][0] = max(dp[i + 1][0], dp[i][0])
    if dp[i][0] != -float('inf'):
        if x == 0:
            dp[i + 1][0] = max(dp[i + 1][0], dp[i][0] + y)
        else:
            dp[i + 1][1] = max(dp[i + 1][1], dp[i][0] + y)
    dp[i + 1][1] = max(dp[i + 1][1], dp[i][1])
    if dp[i][1] != -float('inf'):
        if x == 0:
            dp[i + 1][0] = max(dp[i + 1][0], dp[i][1] + y)

print(max(dp[N][0], 0))"
M104,Poisonous Full,Medium,P3,meta-llama/llama-3.3-70b-instruct,stdin,lcb-stdin,1,0,0,56.83,want='600' got='0',"import sys

def main():
    N = int(input())
    courses = []
    for _ in range(N):
        X, Y = map(int, input().split())
        courses.append((X, Y))

    dp = [[float('-inf')] * 2 for _ in range(N + 1)]
    dp[0][0] = 0

    for i in range(N):
        X, Y = courses[i]
        dp[i + 1][0] = max(dp[i + 1][0], dp[i][0])
        if X == 0:
            dp[i + 1][0] = max(dp[i + 1][0], dp[i][0] + Y)
            dp[i + 1][1] = max(dp[i + 1][1], dp[i][1] + Y)
        else:
            dp[i + 1][1] = max(dp[i + 1][1], dp[i][0] + Y)

    print(max(dp[N][0], 0))

if __name__ == ""__main__"":
    main()"
M105,Ideal Sheet,Medium,P1,meta-llama/llama-3.3-70b-instruct,stdin,lcb-stdin,1,0,0,12.83,want='Yes' got='',"import sys

def read_sheet():
    h, w = map(int, input().split())
    sheet = [input() for _ in range(h)]
    return h, w, sheet

def count_black_squares(sheet):
    return sum(row.count('#') for row in sheet)

def check_position(a, b, x, ax, ay, bx, by):
    h_x, w_x, x_sheet = x
    h_a, w_a, a_sheet = a
    h_b, w_b, b_sheet = b

    black_squares = set()

    for i in range(h_a):
        for j in range(w_a):
            if a_sheet[i][j] == '#':
                black_squares.add((i + ax, j + ay))

    for i in range(h_b):
        for j in range(w_b):
            if b_sheet[i][j] == '#':
                black_squares.add((i + bx, j + by))

    for i in range(h_x):
        for j in range(w_x):
            if x_sheet[i][j] == '#':
                if (i + ax, j + ay) not in black_squares and (i + bx, j + by) not in black_squares:
                    return False

    return True

def check_sheets(a, b, x):
    h_a, w_a, a_sheet = a
    h_b, w_b, b_sheet = b
    h_x, w_x, x_sheet = x

    for ax in range(-h_x + 1, h_a + 1):
        for ay in range(-w_x + 1, w_a + 1):
            for bx in range(-h_x + 1, h_b + 1):
                for by in range(-w_x + 1, w_b + 1):
                    if check_position(a, b, x, ax, ay, bx, by):
                        return True

    return False

def main():
    a = read_sheet()
    b = read_sheet()
    x = read_sheet()

    if count_black_squares(a) + count_black_squares(b) != count_black_squares(x):
        print(""No"")
    elif check_sheets(a, b, x):
        print(""Yes"")
    else:
        print(""No"")

if __name__ == ""__main__"":
    main()"
M105,Ideal Sheet,Medium,P2,meta-llama/llama-3.3-70b-instruct,stdin,lcb-stdin,1,1,1,13.4,,
M105,Ideal Sheet,Medium,P3,meta-llama/llama-3.3-70b-instruct,stdin,lcb-stdin,1,1,1,11.65,,
M106,Mismatched Parentheses,Medium,P1,meta-llama/llama-3.3-70b-instruct,stdin,lcb-stdin,1,0,0,18.65,want='ac' got='a',"import sys

def main():
    N = int(input())
    S = input()

    while True:
        new_S = S
        i = 0
        while i < len(S):
            if S[i] == '(':
                j = i + 1
                count = 1
                while j < len(S) and count!= 0:
                    if S[j] == '(':
                        count += 1
                    elif S[j] == ')':
                        count -= 1
                    j += 1
                if count == 0:
                    new_S = S[:i] + S[j+1:]
                    S = new_S
                    i = -1
            i += 1
        if new_S == S:
            break
    print(S)

if __name__ == ""__main__"":
    main()"
M106,Mismatched Parentheses,Medium,P2,meta-llama/llama-3.3-70b-instruct,stdin,lcb-stdin,1,0,0,47.35,want='ac' got='a(b(d))c',"import sys

def main():
    N = int(input())
    S = input()

    while True:
        new_S = ''
        i = 0
        while i < len(S):
            if S[i] == '(':
                j = i + 1
                count = 1
                while j < len(S) and count!= 0:
                    if S[j] == '(':
                        count += 1
                    elif S[j] == ')':
                        count -= 1
                    j += 1
                if count == 0 and j - i == 2:
                    i = j
                else:
                    new_S += S[i]
                    i += 1
            else:
                new_S += S[i]
                i += 1
        if new_S == S:
            break
        S = new_S

    print(S)

if __name__ == ""__main__"":
    main()"
M106,Mismatched Parentheses,Medium,P3,meta-llama/llama-3.3-70b-instruct,stdin,lcb-stdin,1,0,0,4.16,want='ac' got='a(b(d))c',"import sys

def main():
    n = int(input())
    s = input()
    stack = []
    result = []

    for char in s:
        if char == '(':
            stack.append(len(result))
            result.append(char)
        elif char == ')':
            if stack:
                start = stack.pop()
                if result[start + 1] == char:
                    result = result[:start] + result[start + 2:]
                else:
                    result.append(char)
            else:
                result.append(char)
        else:
            result.append(char)

    print(''.join(result))

if __name__ == ""__main__"":
    main()"
M107,Standings,Medium,P1,meta-llama/llama-3.3-70b-instruct,stdin,lcb-stdin,1,1,1,3.59,,
M107,Standings,Medium,P2,meta-llama/llama-3.3-70b-instruct,stdin,lcb-stdin,1,1,1,4.79,,
M107,Standings,Medium,P3,meta-llama/llama-3.3-70b-instruct,stdin,lcb-stdin,1,1,1,9.51,,
M108,Snuke Maze,Medium,P1,meta-llama/llama-3.3-70b-instruct,stdin,lcb-stdin,1,0,0,11.45,want='Yes' got='No',"import sys

def read_input():
    H, W = map(int, input().split())
    S = [input() for _ in range(H)]
    return H, W, S

def is_valid_move(i, j, H, W):
    return 0 <= i < H and 0 <= j < W

def dfs(i, j, k, H, W, S, visited):
    if k == 10:
        return True
    if not is_valid_move(i, j, H, W) or visited[i][j] or S[i][j] != 'snuke'[k % 5]:
        return False
    visited[i][j] = True
    for di, dj in [(-1, 0), (1, 0), (0, -1), (0, 1)]:
        if dfs(i + di, j + dj, k + 1, H, W, S, visited):
            return True
    visited[i][j] = False
    return False

def main():
    H, W, S = read_input()
    visited = [[False] * W for _ in range(H)]
    if dfs(0, 0, 0, H, W, S, visited):
        print(""Yes"")
    else:
        print(""No"")

if __name__ == ""__main__"":
    main()"
M108,Snuke Maze,Medium,P2,meta-llama/llama-3.3-70b-instruct,stdin,lcb-stdin,1,0,0,2100.62,want='Yes' got='No',"from collections import deque

def main():
    H, W = map(int, input().split())
    S = [input() for _ in range(H)]

    directions = [(0, 1), (0, -1), (1, 0), (-1, 0)]
    target = 'snukes'

    def is_valid(x, y):
        return 0 <= x < H and 0 <= y < W

    queue = deque([(0, 0, 0)])
    visited = {(0, 0, 0)}

    while queue:
        x, y, idx = queue.popleft()
        if (x, y) == (H - 1, W - 1) and idx == 4:
            print('Yes')
            return
        for dx, dy in directions:
            nx, ny = x + dx, y + dy
            if is_valid(nx, ny) and S[nx][ny] == target[(idx + 1) % 5] and (nx, ny, (idx + 1) % 5) not in visited:
                queue.append((nx, ny, (idx + 1) % 5))
                visited.add((nx, ny, (idx + 1) % 5))
    print('No')

if __name__ == '__main__':
    main()"
M108,Snuke Maze,Medium,P3,meta-llama/llama-3.3-70b-instruct,stdin,lcb-stdin,1,1,1,5.54,,
M109,Medicine,Medium,P1,meta-llama/llama-3.3-70b-instruct,stdin,lcb-stdin,1,1,1,2.24,,
M109,Medicine,Medium,P2,meta-llama/llama-3.3-70b-instruct,stdin,lcb-stdin,1,1,1,3.06,,
M109,Medicine,Medium,P3,meta-llama/llama-3.3-70b-instruct,stdin,lcb-stdin,1,1,1,0.38,,
M110,Add One Edge,Medium,P1,meta-llama/llama-3.3-70b-instruct,stdin,lcb-stdin,1,1,1,6.62,,
M110,Add One Edge,Medium,P2,meta-llama/llama-3.3-70b-instruct,stdin,lcb-stdin,1,1,1,6.13,,
M110,Add One Edge,Medium,P3,meta-llama/llama-3.3-70b-instruct,stdin,lcb-stdin,1,1,1,5.15,,
M111,Reversible,Medium,P1,meta-llama/llama-3.3-70b-instruct,stdin,lcb-stdin,1,1,1,2.37,,
M111,Reversible,Medium,P2,meta-llama/llama-3.3-70b-instruct,stdin,lcb-stdin,1,1,1,2.49,,
M111,Reversible,Medium,P3,meta-llama/llama-3.3-70b-instruct,stdin,lcb-stdin,1,1,1,3.77,,
M112,Peaceful Teams,Medium,P1,meta-llama/llama-3.3-70b-instruct,stdin,lcb-stdin,1,0,0,9.49,want='4' got='8',"import sys
import itertools

def read_input():
    return sys.stdin.readline().strip()

def read_ints():
    return list(map(int, read_input().split()))

N, T, M = read_ints()
incompatible_pairs = [read_ints() for _ in range(M)]

def is_valid_division(division):
    for pair in incompatible_pairs:
        if division[pair[0] - 1] == division[pair[1] - 1]:
            return False
    return True

def count_valid_divisions():
    count = 0
    for division in itertools.product(range(1, T + 1), repeat=N):
        if len(set(division)) == T and is_valid_division(division):
            count += 1
    return count

print(count_valid_divisions())"
M112,Peaceful Teams,Medium,P2,meta-llama/llama-3.3-70b-instruct,stdin,lcb-stdin,1,0,0,8.39,want='4' got='8',"import sys
from itertools import product

def read_input():
    N, T, M = map(int, input().split())
    incompatible_pairs = []
    for _ in range(M):
        A, B = map(int, input().split())
        incompatible_pairs.append((A-1, B-1))
    return N, T, M, incompatible_pairs

def is_valid_division(division, incompatible_pairs):
    for pair in incompatible_pairs:
        if division[pair[0]] == division[pair[1]]:
            return False
    return True

def count_valid_divisions(N, T, incompatible_pairs):
    count = 0
    for division in product(range(T), repeat=N):
        if is_valid_division(division, incompatible_pairs):
            count += 1
    return count

N, T, M, incompatible_pairs = read_input()
print(count_valid_divisions(N, T, incompatible_pairs))"
M112,Peaceful Teams,Medium,P3,meta-llama/llama-3.3-70b-instruct,stdin,lcb-stdin,1,0,0,5.73,want='4' got='8',"import sys
import itertools

def read_input():
    N, T, M = map(int, input().split())
    incompatible_pairs = []
    for _ in range(M):
        A, B = map(int, input().split())
        incompatible_pairs.append((A-1, B-1))
    return N, T, M, incompatible_pairs

def is_valid_division(division, incompatible_pairs):
    for pair in incompatible_pairs:
        if division[pair[0]] == division[pair[1]]:
            return False
    return True

def count_valid_divisions(N, T, M, incompatible_pairs):
    count = 0
    for division in itertools.product(range(T), repeat=N):
        if len(set(division)) == T and is_valid_division(division, incompatible_pairs):
            count += 1
    return count

N, T, M, incompatible_pairs = read_input()
print(count_valid_divisions(N, T, M, incompatible_pairs))"
M113,Find it!,Medium,P1,meta-llama/llama-3.3-70b-instruct,stdin,lcb-stdin,1,0,0,2.65,"want='4
7 5 3 2' got='3
1 6 4'","import sys

def find_cycle(n, edges):
    visited = [False] * (n + 1)
    stack = []
    cycle = []

    def dfs(node):
        visited[node] = True
        stack.append(node)
        next_node = edges[node - 1]
        if visited[next_node]:
            if next_node in stack:
                index = stack.index(next_node)
                cycle.extend(stack[index:])
        else:
            dfs(next_node)

    for i in range(1, n + 1):
        if not visited[i]:
            dfs(i)
            break

    return cycle

n = int(input())
edges = list(map(int, input().split()))
cycle = find_cycle(n, edges)
print(len(cycle))
print(*cycle)"
M113,Find it!,Medium,P2,meta-llama/llama-3.3-70b-instruct,stdin,lcb-stdin,1,0,0,3.12,"want='4
7 5 3 2' got='4
2 7 5 3'","import sys

def find_cycle(n, edges):
    visited = [False] * n
    current_path = []
    cycle = []

    def dfs(node):
        nonlocal cycle
        visited[node] = True
        current_path.append(node)
        next_node = edges[node]
        if next_node in current_path:
            cycle = current_path[current_path.index(next_node):]
        elif not visited[next_node]:
            dfs(next_node)
        current_path.pop()

    for i in range(n):
        if not visited[i]:
            dfs(i)

    return cycle

n = int(input())
edges = [int(x) - 1 for x in input().split()]
cycle = find_cycle(n, edges)
print(len(cycle))
print(' '.join(str(x + 1) for x in cycle))"
M113,Find it!,Medium,P3,meta-llama/llama-3.3-70b-instruct,stdin,lcb-stdin,1,0,0,4.63,"want='4
7 5 3 2' got='4
2 7 5 3'","import sys

def find_cycle(n, edges):
    visited = [False] * (n + 1)
    stack = []
    cycle = []

    def dfs(node):
        nonlocal cycle
        visited[node] = True
        stack.append(node)
        next_node = edges[node - 1]
        if visited[next_node]:
            if next_node in stack:
                index = stack.index(next_node)
                cycle = stack[index:]
        else:
            dfs(next_node)

    for i in range(1, n + 1):
        if not visited[i]:
            dfs(i)

    return cycle

n = int(input())
edges = list(map(int, input().split()))

cycle = find_cycle(n, edges)
print(len(cycle))
print(*cycle)"
M114,Grid Ice Floor,Medium,P1,meta-llama/llama-3.3-70b-instruct,stdin,lcb-stdin,1,0,0,9.41,want='12' got='4',"import sys

def main():
    n, m = map(int, input().split())
    grid = [list(input()) for _ in range(n)]

    visited = [[False]*m for _ in range(n)]
    visited[1][1] = True

    directions = [(0, 1), (0, -1), (1, 0), (-1, 0)]
    queue = [(1, 1)]

    count = 1
    while queue:
        x, y = queue.pop(0)
        for dx, dy in directions:
            nx, ny = x, y
            while 0 <= nx < n and 0 <= ny < m and grid[nx][ny] == '.':
                nx += dx
                ny += dy
            nx -= dx
            ny -= dy
            if not visited[nx][ny]:
                visited[nx][ny] = True
                queue.append((nx, ny))
                count += 1

    print(count)

if __name__ == ""__main__"":
    main()"
M114,Grid Ice Floor,Medium,P2,meta-llama/llama-3.3-70b-instruct,stdin,lcb-stdin,1,0,0,7.1,want='12' got='32',"import sys

def main():
    n, m = map(int, input().split())
    grid = [list(input()) for _ in range(n)]

    visited = [[False]*m for _ in range(n)]
    visited[1][1] = True

    directions = [(0, 1), (0, -1), (1, 0), (-1, 0)]
    queue = [(1, 1)]

    while queue:
        x, y = queue.pop(0)

        for dx, dy in directions:
            nx, ny = x, y
            while 1 <= nx < n-1 and 1 <= ny < m-1 and grid[nx][ny] == '.':
                nx += dx
                ny += dy
                if not visited[nx][ny]:
                    visited[nx][ny] = True
                    queue.append((nx, ny))

    count = sum(sum(row) for row in visited)
    print(count)

if __name__ == ""__main__"":
    main()"
M114,Grid Ice Floor,Medium,P3,meta-llama/llama-3.3-70b-instruct,stdin,lcb-stdin,1,0,0,3.31,want='12' got='14',"import sys

def main():
    n, m = map(int, input().split())
    grid = [list(input()) for _ in range(n)]

    visited = [[False]*m for _ in range(n)]

    def dfs(i, j):
        if i < 0 or i >= n or j < 0 or j >= m or grid[i][j] == '#' or visited[i][j]:
            return 0
        visited[i][j] = True
        return 1 + dfs(i-1, j) + dfs(i+1, j) + dfs(i, j-1) + dfs(i, j+1)

    print(dfs(1, 1))

if __name__ == ""__main__"":
    main()"
M115,Invisible Hand,Medium,P1,meta-llama/llama-3.3-70b-instruct,stdin,lcb-stdin,1,1,1,3.27,,
M115,Invisible Hand,Medium,P2,meta-llama/llama-3.3-70b-instruct,stdin,lcb-stdin,1,1,1,2.72,,
M115,Invisible Hand,Medium,P3,meta-llama/llama-3.3-70b-instruct,stdin,lcb-stdin,1,1,1,3.29,,
M116,Count Bracket Sequences,Medium,P1,meta-llama/llama-3.3-70b-instruct,stdin,lcb-stdin,1,1,1,10.76,,
M116,Count Bracket Sequences,Medium,P2,meta-llama/llama-3.3-70b-instruct,stdin,lcb-stdin,1,1,1,8.65,,
M116,Count Bracket Sequences,Medium,P3,meta-llama/llama-3.3-70b-instruct,stdin,lcb-stdin,1,1,1,5.56,,
M117,Who is Saikyo?,Medium,P1,meta-llama/llama-3.3-70b-instruct,stdin,lcb-stdin,1,1,1,10.47,,
M117,Who is Saikyo?,Medium,P2,meta-llama/llama-3.3-70b-instruct,stdin,lcb-stdin,1,0,0,8.1,want='1' got='',"import sys

def read_input():
    return sys.stdin.readline().strip()

def read_ints():
    return list(map(int, read_input().split()))

def main():
    N, M = read_ints()
    graph = [[] for _ in range(N + 1)]
    for _ in range(M):
        A, B = read_ints()
        graph[A].append(B)

    def dfs(node, visited, stack):
        visited[node] = True
        for neighbor in graph[node]:
            if not visited[neighbor]:
                dfs(neighbor, visited, stack)
        stack.append(node)

    visited = [False] * (N + 1)
    stack = []
    for i in range(1, N + 1):
        if not visited[i]:
            dfs(i, visited, stack)

    scc = []
    visited = [False] * (N + 1)
    while stack:
        node = stack.pop()
        if not visited[node]:
            scc.append([])
            dfs2(node, visited, graph, scc[-1])

    def dfs2(node, visited, graph, scc):
        visited[node] = True
        scc.append(node)
        for neighbor in graph[node]:
            if not visited[neighbor]:
                dfs2(neighbor, visited, graph, scc)

    if len(scc) == 1:
        print(scc[0][0])
    else:
        print(-1)

if __name__ == ""__main__"":
    main()"
M117,Who is Saikyo?,Medium,P3,meta-llama/llama-3.3-70b-instruct,stdin,lcb-stdin,1,1,1,16.93,,
M118,Approximate Equalization 2,Medium,P1,meta-llama/llama-3.3-70b-instruct,stdin,lcb-stdin,1,0,0,3.66,want='3' got='5',"import sys

n = int(input())
a = list(map(int, input().split()))

total_sum = sum(a)
avg = total_sum // n
remainder = total_sum % n

max_val = avg + (1 if remainder > 0 else 0)
min_val = avg

operations = 0
for num in a:
    if num > max_val:
        operations += num - max_val
    elif num < min_val:
        operations += min_val - num

print(operations)"
M118,Approximate Equalization 2,Medium,P2,meta-llama/llama-3.3-70b-instruct,stdin,lcb-stdin,1,1,1,1.43,,
M118,Approximate Equalization 2,Medium,P3,meta-llama/llama-3.3-70b-instruct,stdin,lcb-stdin,1,0,0,3.67,want='3' got='5',"import sys

n = int(input())
a = list(map(int, input().split()))

total_sum = sum(a)
min_val = min(a)
max_val = max(a)

avg = total_sum // n
if total_sum % n != 0:
    avg += 1

result = 0
for num in a:
    if num > avg + 1:
        result += num - (avg + 1)
    elif num < avg:
        result += avg - num

print(result)"
M119,Rotate Colored Subsequence,Medium,P1,meta-llama/llama-3.3-70b-instruct,stdin,lcb-stdin,1,1,1,3.99,,
M119,Rotate Colored Subsequence,Medium,P2,meta-llama/llama-3.3-70b-instruct,stdin,lcb-stdin,1,1,1,2.6,,
M119,Rotate Colored Subsequence,Medium,P3,meta-llama/llama-3.3-70b-instruct,stdin,lcb-stdin,1,1,1,8.03,,
M120,LOWER,Medium,P1,meta-llama/llama-3.3-70b-instruct,stdin,lcb-stdin,1,1,1,3.35,,
M120,LOWER,Medium,P2,meta-llama/llama-3.3-70b-instruct,stdin,lcb-stdin,1,1,1,9.06,,
M120,LOWER,Medium,P3,meta-llama/llama-3.3-70b-instruct,stdin,lcb-stdin,1,1,1,48.99,,
M121,Flavors,Medium,P1,meta-llama/llama-3.3-70b-instruct,stdin,lcb-stdin,1,1,1,3.33,,
M121,Flavors,Medium,P2,meta-llama/llama-3.3-70b-instruct,stdin,lcb-stdin,1,1,1,7.59,,
M121,Flavors,Medium,P3,meta-llama/llama-3.3-70b-instruct,stdin,lcb-stdin,1,1,1,5.39,,
M122,Magical Cookies,Medium,P1,meta-llama/llama-3.3-70b-instruct,stdin,lcb-stdin,1,0,0,8.69,want='4' got='0',"import sys

def main():
    H, W = map(int, input().split())
    cookies = [list(input()) for _ in range(H)]

    while True:
        marked = [[False for _ in range(W)] for _ in range(H)]

        # Mark rows
        for i in range(H):
            if len(set(cookies[i])) == 1 and cookies[i][0]!= '.':
                for j in range(W):
                    marked[i][j] = True

        # Mark columns
        for j in range(W):
            column = [cookies[i][j] for i in range(H) if cookies[i][j]!= '.']
            if len(set(column)) == 1 and column:
                for i in range(H):
                    if cookies[i][j]!= '.':
                        marked[i][j] = True

        # Remove marked cookies
        removed = False
        for i in range(H):
            for j in range(W):
                if marked[i][j]:
                    cookies[i][j] = '.'
                    removed = True

        if not removed:
            break

    count = sum(1 for row in cookies for cookie in row if cookie!= '.')
    print(count)

if __name__ == ""__main__"":
    main()"
M122,Magical Cookies,Medium,P2,meta-llama/llama-3.3-70b-instruct,stdin,lcb-stdin,1,0,0,10.79,want='4' got='0',"import sys

def main():
    H, W = map(int, input().split())
    grid = [list(input()) for _ in range(H)]

    while True:
        marked = [[False] * W for _ in range(H)]

        # Mark rows
        for i in range(H):
            if len(set(grid[i])) == 1 and grid[i][0] != '.':
                for j in range(W):
                    marked[i][j] = True

        # Mark columns
        for j in range(W):
            column = [grid[i][j] for i in range(H) if grid[i][j] != '.']
            if len(set(column)) == 1 and column:
                for i in range(H):
                    if grid[i][j] != '.':
                        marked[i][j] = True

        # Remove marked cookies
        removed = False
        for i in range(H):
            for j in range(W):
                if marked[i][j]:
                    grid[i][j] = '.'
                    removed = True

        if not removed:
            break

    count = sum(1 for row in grid for cell in row if cell != '.')
    print(count)

if __name__ == ""__main__"":
    main()"
M122,Magical Cookies,Medium,P3,meta-llama/llama-3.3-70b-instruct,stdin,lcb-stdin,1,0,0,7.21,want='2' got='0',"import sys

def main():
    H, W = map(int, input().split())
    grid = [list(input()) for _ in range(H)]

    while True:
        marked = [[False] * W for _ in range(H)]

        # Mark rows
        for i in range(H):
            if len(set(grid[i])) == 1 and grid[i][0] != '.':
                for j in range(W):
                    marked[i][j] = True

        # Mark columns
        for j in range(W):
            column = [grid[i][j] for i in range(H) if grid[i][j] != '.']
            if len(set(column)) == 1 and column:
                for i in range(H):
                    if grid[i][j] != '.':
                        marked[i][j] = True

        # Remove marked cookies
        removed = False
        for i in range(H):
            for j in range(W):
                if marked[i][j]:
                    grid[i][j] = '.'
                    removed = True

        if not removed:
            break

    count = sum(row.count('.') == 0 for row in grid)
    print(count)

if __name__ == ""__main__"":
    main()"
M123,Blue Spring,Medium,P1,meta-llama/llama-3.3-70b-instruct,stdin,lcb-stdin,1,1,1,7.01,,
M123,Blue Spring,Medium,P2,meta-llama/llama-3.3-70b-instruct,stdin,lcb-stdin,1,1,1,8.4,,
M123,Blue Spring,Medium,P3,meta-llama/llama-3.3-70b-instruct,stdin,lcb-stdin,1,0,0,3.22,want='20' got='0',"import sys

# Read input
N, D, P = map(int, input().split())
F = list(map(int, input().split()))

# Calculate the minimum possible total cost
min_cost = sum(F)
for i in range(N // D + 1):
    cost = i * P
    F_sorted = sorted(F, reverse=True)
    for j in range(min(i * D, N)):
        cost += F_sorted[j]
    min_cost = min(min_cost, cost)

# Print the minimum possible total cost
print(min_cost)"
M124,General Weighted Max Matching,Medium,P1,meta-llama/llama-3.3-70b-instruct,stdin,lcb-stdin,0,0,0,5.32,SyntaxError line 18: invalid syntax. Perhaps you forgot a comma?,"import sys
import itertools

def read_input():
    N = int(input())
    D = []
    for i in range(N-1):
        row = list(map(int, input().split()))
        D.extend(row)
    return N, D

def calculate_max_weight(N, D):
    max_weight = 0
    for r in range(N//2 + 1):
        for combination in itertools.combinations(range(N), 2*r):
            edges = [(combination[i], combination[i+1]) for i in range(0, 2*r, 2)]
            if len(edges) == len(set(itertools.chain(*edges))):
                weight = sum(D[(i-1)*N + j - (i > j) - (i > 1) for i, j in edges])
                max_weight = max(max_weight, weight)
    return max_weight

N, D = read_input()
max_weight = calculate_max_weight(N, D)
print(max_weight)"
M124,General Weighted Max Matching,Medium,P2,meta-llama/llama-3.3-70b-instruct,stdin,lcb-stdin,1,0,0,44.57,want='13' got='',"import sys
import itertools

def read_input():
    N = int(input())
    D = []
    for i in range(N-1):
        row = list(map(int, input().split()))
        D.append(row)
    return N, D

def compute_max_weight(N, D):
    max_weight = 0
    for r in range(N//2 + 1):
        for subset in itertools.combinations(range(N), 2*r):
            edges = []
            for i in range(r):
                edges.append((subset[2*i], subset[2*i+1]))
            valid = True
            for i in range(r):
                for j in range(i+1, r):
                    if edges[i][0] == edges[j][0] or edges[i][0] == edges[j][1] or edges[i][1] == edges[j][0] or edges[i][1] == edges[j][1]:
                        valid = False
                        break
                if not valid:
                    break
            if valid:
                weight = 0
                for edge in edges:
                    weight += D[min(edge[0], edge[1])-1][max(edge[0], edge[1])-1-1]
                max_weight = max(max_weight, weight)
    return max_weight

N, D = read_input()
max_weight = compute_max_weight(N, D)
print(max_weight)"
M124,General Weighted Max Matching,Medium,P3,meta-llama/llama-3.3-70b-instruct,stdin,lcb-stdin,1,0,0,3.5,want='3' got='2',"import sys
import itertools

def read_input():
    N = int(input())
    D = []
    for i in range(N-1):
        row = list(map(int, input().split()))
        D.append(row)
    return N, D

def compute_max_weight(N, D):
    max_weight = 0
    for r in range(1, N//2 + 1):
        for edges in itertools.combinations(range(N*(N-1)//2), r):
            edge_list = []
            for edge in edges:
                i = edge // (N-1)
                j = edge % (N-1)
                if j < i:
                    i, j = j, i
                edge_list.append((i, j))
            if is_valid(edge_list):
                weight = sum(D[i][j-i-1] for i, j in edge_list)
                max_weight = max(max_weight, weight)
    return max_weight

def is_valid(edge_list):
    vertices = set()
    for i, j in edge_list:
        if i in vertices or j in vertices:
            return False
        vertices.add(i)
        vertices.add(j)
    return True

def main():
    N, D = read_input()
    max_weight = compute_max_weight(N, D)
    print(max_weight)

if __name__ == ""__main__"":
    main()"
M125,False Hope,Medium,P1,meta-llama/llama-3.3-70b-instruct,stdin,lcb-stdin,1,0,0,6.57,want='0.666666666666666666666666666667' got='0.5978835978835979',"import sys
import itertools

# Read input
grid = [list(map(int, input().split())) for _ in range(3)]

# Function to check if a permutation is valid
def is_valid_permutation(permutation):
    for i in range(3):
        # Check rows
        if permutation[i*3] == permutation[i*3+1] and permutation[i*3+1] != permutation[i*3+2]:
            return False
        # Check columns
        if permutation[i] == permutation[i+3] and permutation[i+3] != permutation[i+6]:
            return False
    # Check diagonals
    if permutation[0] == permutation[4] and permutation[4] != permutation[8]:
        return False
    if permutation[2] == permutation[4] and permutation[4] != permutation[6]:
        return False
    return True

# Generate all permutations of the grid
permutations = list(itertools.permutations([grid[i][j] for i in range(3) for j in range(3)]))

# Count valid permutations
valid_permutations = sum(1 for permutation in permutations if is_valid_permutation(permutation))

# Calculate probability
probability = valid_permutations / len(permutations)

# Print result
print(probability)"
M125,False Hope,Medium,P2,meta-llama/llama-3.3-70b-instruct,stdin,lcb-stdin,1,0,0,3801.31,want='0.666666666666666666666666666667' got='',"import sys
import itertools

# Read input
grid = [list(map(int, input().split())) for _ in range(3)]

# Function to check if a permutation is valid
def is_valid_permutation(permutation):
    for i in range(3):
        for j in range(3):
            # Check horizontal lines
            if j < 2 and grid[i][j] == grid[i][j+1] and permutation.index((i, j)) < permutation.index((i, j+1)) < permutation.index((i, j+2)):
                return False
            # Check vertical lines
            if i < 2 and grid[i][j] == grid[i+1][j] and permutation.index((i, j)) < permutation.index((i+1, j)) < permutation.index((i+2, j)):
                return False
            # Check diagonal lines
            if i < 2 and j < 2 and grid[i][j] == grid[i+1][j+1] and permutation.index((i, j)) < permutation.index((i+1, j+1)) < permutation.index((i+2, j+2)):
                return False
            if i < 2 and j > 0 and grid[i][j] == grid[i+1][j-1] and permutation.index((i, j)) < permutation.index((i+1, j-1)) < permutation.index((i+2, j-2)):
                return False
    return True

# Generate all permutations of the grid
permutations = list(itertools.permutations([(i, j) for i in range(3) for j in range(3)]))

# Count the number of valid permutations
valid_permutations = sum(1 for permutation in permutations if is_valid_permutation(permutation))

# Calculate the probability
probability = valid_permutations / len(permutations)

# Print the result
print(probability)"
M125,False Hope,Medium,P3,meta-llama/llama-3.3-70b-instruct,stdin,lcb-stdin,1,0,0,9.8,want='0.666666666666666666666666666667' got='',"import sys
import itertools

# Read input
grid = [list(map(int, input().split())) for _ in range(3)]

# Function to check if a permutation is valid
def is_valid(permutation):
    # Check rows
    for i in range(3):
        row = [grid[i][j] for j in range(3)]
        for j in range(len(row) - 1):
            if row[permutation[i*3+j]] == row[permutation[i*3+j+1]] and row[permutation[i*3+j]] != row[permutation[i*3+j+2]]:
                return False

    # Check columns
    for i in range(3):
        col = [grid[j][i] for j in range(3)]
        for j in range(len(col) - 1):
            if col[permutation[j*3+i]] == col[permutation[j*3+i+3]] and col[permutation[j*3+i]] != col[permutation[j*3+i+6]]:
                return False

    # Check diagonals
    diagonal1 = [grid[i][i] for i in range(3)]
    for i in range(len(diagonal1) - 1):
        if diagonal1[permutation[i*3+i]] == diagonal1[permutation[i*3+i+4]] and diagonal1[permutation[i*3+i]] != diagonal1[permutation[i*3+i+8]]:
            return False

    diagonal2 = [grid[i][2-i] for i in range(3)]
    for i in range(len(diagonal2) - 1):
        if diagonal2[permutation[i*3+2-i]] == diagonal2[permutation[i*3+2-i+4]] and diagonal2[permutation[i*3+2-i]] != diagonal2[permutation[i*3+2-i+8]]:
            return False

    return True

# Generate all permutations
permutations = list(itertools.permutations(range(9)))

# Count valid permutations
valid_count = sum(1 for permutation in permutations if is_valid(permutation))

# Calculate probability
probability = valid_count / len(permutations)

# Print result
print(probability)"
M126,Minimum Width,Medium,P1,meta-llama/llama-3.3-70b-instruct,stdin,lcb-stdin,1,0,0,13.43,want='26' got='27',"import sys

def check(width, n, m, lengths):
    lines = 1
    current_width = 0
    for length in lengths:
        if current_width + length + 1 > width:
            lines += 1
            current_width = 0
        if lines > m:
            return False
        current_width += length + 1
        if current_width > width:
            return False
    return True

n, m = map(int, input().split())
lengths = list(map(int, input().split()))

low = max(lengths)
high = sum(lengths) + n - 1

while low < high:
    mid = (low + high) // 2
    if check(mid, n, m, lengths):
        high = mid
    else:
        low = mid + 1

print(low)"
M126,Minimum Width,Medium,P2,meta-llama/llama-3.3-70b-instruct,stdin,lcb-stdin,1,0,0,6.1,want='26' got='27',"import sys

def check(width, n, m, lengths):
    lines = 1
    current_width = 0
    for length in lengths:
        if current_width + length + 1 > width:
            lines += 1
            current_width = 0
        current_width += length + 1
    return lines <= m

n, m = map(int, input().split())
lengths = list(map(int, input().split()))

low = max(lengths)
high = sum(lengths) + n - 1

while low < high:
    mid = (low + high) // 2
    if check(mid, n, m, lengths):
        high = mid
    else:
        low = mid + 1

print(low)"
M126,Minimum Width,Medium,P3,meta-llama/llama-3.3-70b-instruct,stdin,lcb-stdin,1,1,1,2.02,,
M127,Slot Strategy 2 (Easy),Medium,P1,meta-llama/llama-3.3-70b-instruct,stdin,lcb-stdin,1,0,0,10.66,want='6' got='7',"import sys

M = int(input())
S = [input() for _ in range(3)]

min_time = float('inf')
for c in set(S[0]):
    if all(c in s for s in S):
        for t in range(M):
            if all(S[i][(t + j) % M] == c for i, j in enumerate([0, 0, 0])):
                min_time = min(min_time, t)
            if all(S[i][(t + j) % M] == c for i, j in enumerate([0, 0, 1])):
                min_time = min(min_time, t + 1)
            if all(S[i][(t + j) % M] == c for i, j in enumerate([0, 1, 0])):
                min_time = min(min_time, t + 1)
            if all(S[i][(t + j) % M] == c for i, j in enumerate([0, 1, 1])):
                min_time = min(min_time, t + 2)
            if all(S[i][(t + j) % M] == c for i, j in enumerate([1, 0, 0])):
                min_time = min(min_time, t + 1)
            if all(S[i][(t + j) % M] == c for i, j in enumerate([1, 0, 1])):
                min_time = min(min_time, t + 2)
            if all(S[i][(t + j) % M] == c for i, j in enumerate([1, 1, 0])):
                min_time = min(min_time, t + 2)
            if all(S[i][(t + j) % M] == c for i, j in enumerate([1, 1, 1])):
                min_time = min(min_time, t + 3)

print(min_time if min_time != float('inf') else -1)"
M127,Slot Strategy 2 (Easy),Medium,P2,meta-llama/llama-3.3-70b-instruct,stdin,lcb-stdin,1,0,0,20.42,want='6' got='-1',"import sys

M = int(input())
S = [input() for _ in range(3)]

def find_min_time():
    min_time = float('inf')
    for digit in set(S[0]):
        if all(digit in s for s in S):
            times = []
            for s in S:
                for i, d in enumerate(s):
                    if d == digit:
                        times.append(i)
            for t in range(M * 10):
                if all((t - i) % M in times for i in range(len(S))):
                    min_time = min(min_time, max(t - i for i in range(len(S))))
    return min_time if min_time!= float('inf') else -1

print(find_min_time())"
M127,Slot Strategy 2 (Easy),Medium,P3,meta-llama/llama-3.3-70b-instruct,stdin,lcb-stdin,1,0,0,5.15,want='20' got='0',"import sys

M = int(input())
S1 = input()
S2 = input()
S3 = input()

min_time = float('inf')

for digit in set(S1) & set(S2) & set(S3):
    times = []
    for S in [S1, S2, S3]:
        for t in range(M):
            if S[(t % M)] == digit:
                times.append(t)
                break
    if len(times) == 3:
        max_time = max(times)
        min_time = min(min_time, max_time)

if min_time == float('inf'):
    print(-1)
else:
    print(min_time)"
M128,Relative Position,Medium,P1,meta-llama/llama-3.3-70b-instruct,stdin,lcb-stdin,1,0,0,12.17,"want='0 0
2 1
-1 -2' got='0 0
undecidable
undecidable'","import sys

def read_input():
    lines = sys.stdin.readlines()
    N, M = map(int, lines[0].split())
    info = [list(map(int, line.split())) for line in lines[1:]]
    return N, M, info

def solve(N, M, info):
    coordinates = {1: (0, 0)}
    for A, B, X, Y in info:
        if A not in coordinates:
            continue
        if B in coordinates:
            continue
        Ax, Ay = coordinates[A]
        coordinates[B] = (Ax + X, Ay + Y)
    for i in range(1, N + 1):
        if i not in coordinates:
            print(""undecidable"")
        else:
            print(*coordinates[i])

N, M, info = read_input()
solve(N, M, info)"
M128,Relative Position,Medium,P2,meta-llama/llama-3.3-70b-instruct,stdin,lcb-stdin,1,0,0,6.62,"want='0 0
2 1
-1 -2' got=''","import sys

def read_input():
    lines = sys.stdin.readlines()
    N, M = map(int, lines[0].split())
    edges = []
    for line in lines[1:]:
        A, B, X, Y = map(int, line.split())
        edges.append((A, B, X, Y))
    return N, M, edges

def compute_coordinates(N, M, edges):
    coordinates = {1: (0, 0)}
    for A, B, X, Y in edges:
        if A not in coordinates:
            continue
        Ax, Ay = coordinates[A]
        if B in coordinates:
            Bx, By = coordinates[B]
            if Bx != Ax + X or By != Ay + Y:
                return [""undecidable""] * N
        else:
            coordinates[B] = (Ax + X, Ay + Y)
    for A, B, X, Y in edges:
        if B not in coordinates:
            Ax, Ay = coordinates[A]
            coordinates[B] = (Ax + X, Ay + Y)
    result = []
    for i in range(1, N + 1):
        if i in coordinates:
            x, y = coordinates[i]
            result.append(f""{x} {y}"")
        else:
            result.append(""undecidable"")
    return result

def main():
    N, M, edges = read_input()
    result = compute_coordinates(N, M, edges)
    for line in result:
        print(line)

if __name__ == ""__main__"":
    main()"
M128,Relative Position,Medium,P3,meta-llama/llama-3.3-70b-instruct,stdin,lcb-stdin,1,1,1,6.07,,
M129,321,Medium,P1,meta-llama/llama-3.3-70b-instruct,stdin,lcb-stdin,1,0,0,2.05,want='32' got='94',"from itertools import combinations

k = int(input())
count = 0
for d in range(1, 10):
    for comb in combinations(range(9, -1, -1), d):
        count += 1
        if count == k:
            print(''.join(map(str, comb)))
            break
    else:
        continue
    break"
M129,321,Medium,P2,meta-llama/llama-3.3-70b-instruct,stdin,lcb-stdin,1,0,0,3.85,want='32' got='94',"import sys
import itertools

def generate_321_like_numbers():
    """"""Generate 321-like numbers.""""""
    digits = '9876543210'
    for r in range(1, 11):
        for combination in itertools.combinations(digits, r):
            yield int(''.join(combination))

def find_kth_smallest(k):
    """"""Find the k-th smallest 321-like number.""""""
    numbers = generate_321_like_numbers()
    for _ in range(k - 1):
        next(numbers)
    return next(numbers)

k = int(input())
print(find_kth_smallest(k))"
M129,321,Medium,P3,meta-llama/llama-3.3-70b-instruct,stdin,lcb-stdin,1,0,0,2.84,want='32' got='43',"from itertools import combinations

def generate_numbers(length):
    """"""Generate all possible 321-like numbers of a given length.""""""
    digits = [str(i) for i in range(9, 0, -1)]
    for combo in combinations(digits, length):
        yield int(''.join(combo))

def find_kth_smallest(k):
    """"""Find the k-th smallest 321-like number.""""""
    numbers = []
    for length in range(1, 10):  # maximum length is 9
        numbers.extend(generate_numbers(length))
        if len(numbers) >= k:
            break
    return sorted(numbers)[k-1]

k = int(input())
print(find_kth_smallest(k))"
M130,Set Menu,Medium,P1,meta-llama/llama-3.3-70b-instruct,stdin,lcb-stdin,1,1,1,2.01,,
M130,Set Menu,Medium,P2,meta-llama/llama-3.3-70b-instruct,stdin,lcb-stdin,1,1,1,3.8,,
M130,Set Menu,Medium,P3,meta-llama/llama-3.3-70b-instruct,stdin,lcb-stdin,1,1,1,2.33,,
M131,Festival,Medium,P1,meta-llama/llama-3.3-70b-instruct,stdin,lcb-stdin,1,1,1,1.92,,
M131,Festival,Medium,P2,meta-llama/llama-3.3-70b-instruct,stdin,lcb-stdin,1,1,1,3.99,,
M131,Festival,Medium,P3,meta-llama/llama-3.3-70b-instruct,stdin,lcb-stdin,1,1,1,3.11,,
M132,Polyomino,Medium,P1,meta-llama/llama-3.3-70b-instruct,stdin,lcb-stdin,1,0,0,20.72,want='Yes' got='No',"import sys
import itertools

# Read input
polyominoes = []
for _ in range(3):
    polyomino = []
    for _ in range(4):
        polyomino.append(input())
    polyominoes.append(polyomino)

# Define rotations
def rotate(polyomino):
    return [''.join([row[i] for row in polyomino[::-1]]) for i in range(4)]

# Generate all rotations of polyominoes
rotations = []
for polyomino in polyominoes:
    rotated_polyominoes = [polyomino]
    for _ in range(3):
        polyomino = rotate(polyomino)
        rotated_polyominoes.append(polyomino)
    rotations.append(rotated_polyominoes)

# Define function to check if polyomino fits in grid
def fits(grid, polyomino, x, y):
    for i in range(4):
        for j in range(4):
            if polyomino[i][j] == '#':
                if x + i < 0 or x + i >= 4 or y + j < 0 or y + j >= 4:
                    return False
                if grid[x + i][y + j] == '#':
                    return False
    return True

# Define function to place polyomino in grid
def place(grid, polyomino, x, y):
    new_grid = [row[:] for row in grid]
    for i in range(4):
        for j in range(4):
            if polyomino[i][j] == '#':
                new_grid[x + i][y + j] = '#'
    return new_grid

# Define function to check if grid is full
def is_full(grid):
    for row in grid:
        for cell in row:
            if cell == '.':
                return False
    return True

# Try all combinations of polyominoes and rotations
for combination in itertools.product(*rotations):
    grid = [['.' for _ in range(4)] for _ in range(4)]
    for polyomino in combination:
        placed = False
        for x in range(4):
            for y in range(4):
                if fits(grid, polyomino, x, y):
                    grid = place(grid, polyomino, x, y)
                    placed = True
                    break
            if placed:
                break
        if not placed:
            break
    if is_full(grid):
        print('Yes')
        sys.exit(0)

print('No')"
M132,Polyomino,Medium,P2,meta-llama/llama-3.3-70b-instruct,stdin,lcb-stdin,1,0,0,95.95,want='Yes' got='No',"import sys
import itertools

def rotate(polyomino):
    return [''.join(reversed(i)) for i in zip(*polyomino)]

def get_polyominoes():
    polyominoes = []
    for _ in range(3):
        polyomino = [input() for _ in range(4)]
        polyominoes.append(polyomino)
    return polyominoes

def get_all_orientations(polyomino):
    orientations = [polyomino]
    for _ in range(3):
        polyomino = rotate(polyomino)
        orientations.append(polyomino)
    return orientations

def get_all_positions(polyomino):
    positions = []
    for i in range(4 - len(polyomino) + 1):
        for j in range(4 - len(polyomino[0]) + 1):
            position = [[0]*4 for _ in range(4)]
            for k, row in enumerate(polyomino):
                for col, cell in enumerate(row):
                    if cell == '#':
                        position[i+k][j+col] = 1
            positions.append(position)
    return positions

def is_valid_position(position):
    for row in position:
        for cell in row:
            if cell > 1:
                return False
    return True

def is_full(position):
    for row in position:
        for cell in row:
            if cell == 0:
                return False
    return True

def main():
    polyominoes = get_polyominoes()
    all_orientations = [get_all_orientations(polyomino) for polyomino in polyominoes]
    all_positions = [[get_all_positions(orientation) for orientation in orientations] for orientations in all_orientations]

    for positions in itertools.product(*[position for positions in all_positions for position in positions]):
        combined_position = [[0]*4 for _ in range(4)]
        for position in positions:
            for i in range(4):
                for j in range(4):
                    combined_position[i][j] += position[i][j]
        if is_valid_position(combined_position) and is_full(combined_position):
            print('Yes')
            return
    print('No')

if __name__ == '__main__':
    main()"
M132,Polyomino,Medium,P3,meta-llama/llama-3.3-70b-instruct,stdin,lcb-stdin,1,0,0,62.55,want='Yes' got='No',"import sys
import itertools

# Read input
polyominoes = []
for _ in range(3):
    polyomino = []
    for _ in range(4):
        polyomino.append(input())
    polyominoes.append(polyomino)

# Define rotations
def rotate(polyomino):
    return [list(reversed(x)) for x in zip(*polyomino)]

# Generate all rotations of polyominoes
rotations = []
for polyomino in polyominoes:
    rotations.append([polyomino])
    for _ in range(3):
        polyomino = rotate(polyomino)
        rotations[-1].append(polyomino)

# Define function to check if polyomino fits in grid
def fits(grid, polyomino, x, y):
    for i in range(4):
        for j in range(4):
            if polyomino[i][j] == '#' and (x + i >= 4 or y + j >= 4 or grid[x + i][y + j] == '#'):
                return False
    return True

# Define function to place polyomino in grid
def place(grid, polyomino, x, y):
    new_grid = [row[:] for row in grid]
    for i in range(4):
        for j in range(4):
            if polyomino[i][j] == '#':
                new_grid[x + i][y + j] = '#'
    return new_grid

# Define function to check if grid is full
def is_full(grid):
    for row in grid:
        for cell in row:
            if cell == '.':
                return False
    return True

# Try all combinations of polyominoes and rotations
for combination in itertools.product(*[range(4) for _ in range(3)]):
    grid = [['.' for _ in range(4)] for _ in range(4)]
    for i, rotation in enumerate(combination):
        polyomino = rotations[i][rotation]
        placed = False
        for x in range(4):
            for y in range(4):
                if fits(grid, polyomino, x, y):
                    grid = place(grid, polyomino, x, y)
                    placed = True
                    break
            if placed:
                break
        if not placed:
            break
    if is_full(grid):
        print('Yes')
        sys.exit(0)

print('No')"
M133,World Tour Finals,Medium,P1,meta-llama/llama-3.3-70b-instruct,stdin,lcb-stdin,1,0,0,7.73,"want='0
1
1' got='1
1
1'","import sys

def calculate_score(A, S, i):
    score = i
    for j in range(len(S)):
        if S[j] == 'o':
            score += A[j]
    return score

def main():
    N, M = map(int, input().split())
    A = list(map(int, input().split()))
    S = [input() for _ in range(N)]

    for i in range(N):
        current_score = calculate_score(A, S[i], i + 1)
        max_other_score = max(calculate_score(A, S[j], j + 1) for j in range(N) if j != i)
        problems_solved = 0
        remaining_score = current_score
        sorted_problems = sorted((A[j], j) for j in range(M) if S[i][j] == 'x')
        for score, j in sorted_problems:
            remaining_score += score
            problems_solved += 1
            if remaining_score > max_other_score:
                break
        print(problems_solved)

if __name__ == ""__main__"":
    main()"
M133,World Tour Finals,Medium,P2,meta-llama/llama-3.3-70b-instruct,stdin,lcb-stdin,1,1,1,4.37,,
M133,World Tour Finals,Medium,P3,meta-llama/llama-3.3-70b-instruct,stdin,lcb-stdin,1,0,0,2625.3,"want='1
1
1
1
0' got='1
1
2
2
2'","import sys

def calculate_total_score(A, S, i):
    """"""Calculate the total score of a player.""""""
    total_score = 0
    for j in range(len(S)):
        if S[j] == 'o':
            total_score += A[j]
    total_score += i + 1
    return total_score

def find_problems_to_solve(A, S, i, other_scores):
    """"""Find the number of problems a player needs to solve to exceed all other players' scores.""""""
    player_score = calculate_total_score(A, S[i], i + 1)
    problems_to_solve = 0
    while True:
        if all(player_score > score for score in other_scores):
            break
        max_problem_score = 0
        max_problem_index = -1
        for j in range(len(S[i])):
            if S[i][j] == 'x' and A[j] > max_problem_score:
                max_problem_score = A[j]
                max_problem_index = j
        if max_problem_index == -1:
            break
        S[i] = S[i][:max_problem_index] + 'o' + S[i][max_problem_index + 1:]
        player_score += max_problem_score
        problems_to_solve += 1
    return problems_to_solve

def main():
    N, M = map(int, input().split())
    A = list(map(int, input().split()))
    S = [input() for _ in range(N)]

    for i in range(N):
        other_scores = [calculate_total_score(A, S[j], j + 1) for j in range(N) if j != i]
        problems_to_solve = find_problems_to_solve(A, S, i, other_scores)
        print(problems_to_solve)

if __name__ == ""__main__"":
    main()"
M134,Error Correction,Medium,P1,meta-llama/llama-3.3-70b-instruct,stdin,lcb-stdin,1,0,0,16.81,"want='4
1 2 3 4' got=''","import sys

def is_equal(s1, s2):
    return s1 == s2

def is_inserted(s1, s2):
    if len(s1)!= len(s2) + 1:
        return False
    i, j = 0, 0
    while i < len(s1) and j < len(s2):
        if s1[i]!= s2[j]:
            if i > 0 and s1[i-1] == s2[j]:
                i += 1
            else:
                return False
        else:
            i += 1
            j += 1
    return True

def is_deleted(s1, s2):
    if len(s1)!= len(s2) - 1:
        return False
    i, j = 0, 0
    while i < len(s1) and j < len(s2):
        if s1[i]!= s2[j]:
            if i > 0 and s1[i] == s2[j-1]:
                j += 1
            else:
                return False
        else:
            i += 1
            j += 1
    return True

def is_replaced(s1, s2):
    if len(s1)!= len(s2):
        return False
    diff = 0
    for i in range(len(s1)):
        if s1[i]!= s2[i]:
            diff += 1
        if diff > 1:
            return False
    return diff == 1

n = int(input())
t_prime = input()
s = [input() for _ in range(n)]

result = []
for i, s_i in enumerate(s):
    if is_equal(s_i, t_prime) or is_inserted(s_i, t_prime) or is_deleted(s_i, t_prime) or is_replaced(s_i, t_prime):
        result.append(i + 1)

print(len(result))
print(*result)"
M134,Error Correction,Medium,P2,meta-llama/llama-3.3-70b-instruct,stdin,lcb-stdin,1,0,0,25.29,"want='4
1 2 3 4' got=''","import sys

def is_equal(s1, s2):
    return s1 == s2

def is_inserted(s1, s2):
    if len(s1) == len(s2) + 1:
        i, j = 0, 0
        while i < len(s1) and j < len(s2):
            if s1[i] != s2[j]:
                if i > 0 and s1[i-1] == s2[j]:
                    i += 1
                else:
                    return False
            else:
                i += 1
                j += 1
        return i == len(s1) and j == len(s2)
    return False

def is_deleted(s1, s2):
    if len(s1) == len(s2) - 1:
        i, j = 0, 0
        while i < len(s1) and j < len(s2):
            if s1[i] != s2[j]:
                if i > 0 and s1[i-1] == s2[j-1]:
                    j += 1
                else:
                    return False
            else:
                i += 1
                j += 1
        return i == len(s1) and j == len(s2)
    return False

def is_replaced(s1, s2):
    if len(s1) == len(s2):
        diff = 0
        for i in range(len(s1)):
            if s1[i] != s2[i]:
                diff += 1
            if diff > 1:
                return False
        return diff == 1
    return False

def check(s1, s2):
    return is_equal(s1, s2) or is_inserted(s1, s2) or is_deleted(s1, s2) or is_replaced(s1, s2)

n = int(input())
t = input()
s = [input() for _ in range(n)]

ans = [i+1 for i in range(n) if check(t, s[i])]

print(len(ans))
print(*ans)"
M134,Error Correction,Medium,P3,meta-llama/llama-3.3-70b-instruct,stdin,lcb-stdin,1,0,0,19.43,"want='4
1 2 3 4' got=''","import sys

def is_equal(s1, s2):
    return s1 == s2

def is_inserted(s1, s2):
    if len(s1) == len(s2) + 1:
        i = 0
        j = 0
        while i < len(s1) and j < len(s2):
            if s1[i] != s2[j]:
                i += 1
            else:
                i += 1
                j += 1
        return j == len(s2)
    return False

def is_deleted(s1, s2):
    if len(s1) == len(s2) - 1:
        i = 0
        j = 0
        while i < len(s1) and j < len(s2):
            if s1[i] != s2[j]:
                j += 1
            else:
                i += 1
                j += 1
        return i == len(s1)
    return False

def is_replaced(s1, s2):
    if len(s1) == len(s2):
        diff = 0
        for i in range(len(s1)):
            if s1[i] != s2[i]:
                diff += 1
            if diff > 1:
                return False
        return diff == 1
    return False

def check(s1, s2):
    return is_equal(s1, s2) or is_inserted(s1, s2) or is_deleted(s1, s2) or is_replaced(s1, s2)

N = int(input())
T = input()
S = [input() for _ in range(N)]

result = [i + 1 for i in range(N) if check(T, S[i])]

print(len(result))
print(*result)"
M135,World Meeting,Medium,P1,meta-llama/llama-3.3-70b-instruct,stdin,lcb-stdin,1,0,0,3.88,want='8' got='10',"import sys

N = int(input())
bases = []
for _ in range(N):
    W, X = map(int, input().split())
    bases.append((W, X))

max_employees = 0
for start_hour in range(24):
    employees = 0
    for W, X in bases:
        if 9 <= (start_hour + X) % 24 < 18 or 9 <= (start_hour + 1 + X) % 24 < 18:
            employees += W
    max_employees = max(max_employees, employees)

print(max_employees)"
M135,World Meeting,Medium,P2,meta-llama/llama-3.3-70b-instruct,stdin,lcb-stdin,1,1,1,3.57,,
M135,World Meeting,Medium,P3,meta-llama/llama-3.3-70b-instruct,stdin,lcb-stdin,1,1,1,4.1,,
M136,Sensors,Medium,P1,meta-llama/llama-3.3-70b-instruct,stdin,lcb-stdin,1,1,1,5.24,,
M136,Sensors,Medium,P2,meta-llama/llama-3.3-70b-instruct,stdin,lcb-stdin,1,1,1,8.05,,
M136,Sensors,Medium,P3,meta-llama/llama-3.3-70b-instruct,stdin,lcb-stdin,1,1,1,43.28,,
M137,Peak,Medium,P1,meta-llama/llama-3.3-70b-instruct,stdin,lcb-stdin,1,1,1,8.09,,
M137,Peak,Medium,P2,meta-llama/llama-3.3-70b-instruct,stdin,lcb-stdin,1,1,1,2.9,,
M137,Peak,Medium,P3,meta-llama/llama-3.3-70b-instruct,stdin,lcb-stdin,1,1,1,3.04,,
M138,Number Place,Medium,P1,meta-llama/llama-3.3-70b-instruct,stdin,lcb-stdin,1,1,1,5.46,,
M138,Number Place,Medium,P2,meta-llama/llama-3.3-70b-instruct,stdin,lcb-stdin,1,1,1,1.59,,
M138,Number Place,Medium,P3,meta-llama/llama-3.3-70b-instruct,stdin,lcb-stdin,1,1,1,90.5,,
M139,Good Tuple Problem,Medium,P1,meta-llama/llama-3.3-70b-instruct,stdin,lcb-stdin,1,1,1,2987.25,,
M139,Good Tuple Problem,Medium,P2,meta-llama/llama-3.3-70b-instruct,stdin,lcb-stdin,1,1,1,12.34,,
M139,Good Tuple Problem,Medium,P3,meta-llama/llama-3.3-70b-instruct,stdin,lcb-stdin,1,1,1,5.68,,
M140,Consecutive,Medium,P1,meta-llama/llama-3.3-70b-instruct,stdin,lcb-stdin,1,1,1,8.88,,
M140,Consecutive,Medium,P2,meta-llama/llama-3.3-70b-instruct,stdin,lcb-stdin,1,1,1,2.02,,
M140,Consecutive,Medium,P3,meta-llama/llama-3.3-70b-instruct,stdin,lcb-stdin,1,1,1,6.09,,
M141,Count xxx,Medium,P1,meta-llama/llama-3.3-70b-instruct,stdin,lcb-stdin,1,1,1,3.04,,
M141,Count xxx,Medium,P2,meta-llama/llama-3.3-70b-instruct,stdin,lcb-stdin,1,1,1,30.69,,
M141,Count xxx,Medium,P3,meta-llama/llama-3.3-70b-instruct,stdin,lcb-stdin,1,1,1,2.84,,
M142,Election Quick Report,Medium,P1,meta-llama/llama-3.3-70b-instruct,stdin,lcb-stdin,1,0,0,27.42,"want='1
1
2
2
1
1
3' got='1
2
2
3
1
3
3'","import sys

def main():
    N, M = map(int, input().split())
    A = list(map(int, input().split()))

    votes = [0] * (N + 1)
    for i in range(M):
        votes[A[i]] += 1
        max_votes = max(votes[1:])
        winners = [j for j, vote in enumerate(votes[1:], start=1) if vote == max_votes]
        print(min(winners))
        votes[A[i]] -= 1

if __name__ == ""__main__"":
    main()"
M142,Election Quick Report,Medium,P2,meta-llama/llama-3.3-70b-instruct,stdin,lcb-stdin,1,0,0,8.08,"want='1
1
2
2
1
1
3' got='1
2
2
3
1
3
3'","import sys

def main():
    N, M = map(int, input().split())
    A = list(map(int, input().split()))

    votes = [0] * (N + 1)
    for i in range(M):
        votes[A[i]] += 1
        max_votes = max(votes[1:])
        winners = [j for j, vote in enumerate(votes[1:], start=1) if vote == max_votes]
        print(min(winners))
        votes[A[i]] -= 1

if __name__ == ""__main__"":
    main()"
M142,Election Quick Report,Medium,P3,meta-llama/llama-3.3-70b-instruct,stdin,lcb-stdin,1,0,0,23.81,"want='1
1
2
2
1
1
3' got='1
2
2
3
1
3
3'","import sys

def main():
    N, M = map(int, input().split())
    A = list(map(int, input().split()))

    votes = [0] * (N + 1)
    for i in range(M):
        votes[A[i]] += 1
        max_votes = max(votes[1:])
        winners = [j for j, vote in enumerate(votes[1:], start=1) if vote == max_votes]
        print(min(winners))
        votes[A[i]] -= 1

if __name__ == ""__main__"":
    main()"
M143,Minimize Abs 2,Medium,P1,meta-llama/llama-3.3-70b-instruct,stdin,lcb-stdin,1,1,1,5.67,,
M143,Minimize Abs 2,Medium,P2,meta-llama/llama-3.3-70b-instruct,stdin,lcb-stdin,1,1,1,4.73,,
M143,Minimize Abs 2,Medium,P3,meta-llama/llama-3.3-70b-instruct,stdin,lcb-stdin,1,1,1,3.1,,
M144,Counting Ls,Medium,P1,meta-llama/llama-3.3-70b-instruct,stdin,lcb-stdin,1,0,0,48.83,want='4' got='0',"import sys

def count_triples(grid):
    n = len(grid)
    count = 0
    for i in range(n):
        for j in range(n):
            if grid[i][j] == 'o':
                for k in range(n):
                    if k != i and grid[k][j] == 'o':
                        for col in range(n):
                            if col != j and grid[i][col] == 'o' and grid[k][col] == 'o':
                                count += 1
    return count // 2  # divide by 2 to avoid counting each triple twice

n = int(input())
grid = [input() for _ in range(n)]
print(count_triples(grid))"
M144,Counting Ls,Medium,P2,meta-llama/llama-3.3-70b-instruct,stdin,lcb-stdin,1,0,0,4.37,want='4' got='0',"import sys

def count_l_triples(grid):
    n = len(grid)
    count = 0
    for i in range(n):
        for j in range(n):
            if grid[i][j] == 'o':
                for k in range(n):
                    if k != i and grid[k][j] == 'o':
                        for col in range(n):
                            if col != j and grid[i][col] == 'o' and grid[k][col] == 'o':
                                count += 1
    return count // 2

n = int(input())
grid = [input() for _ in range(n)]
print(count_l_triples(grid))"
M144,Counting Ls,Medium,P3,meta-llama/llama-3.3-70b-instruct,stdin,lcb-stdin,1,0,0,3.9,want='4' got='0',"import sys

def count_triples(grid):
    n = len(grid)
    count = 0
    for i in range(n):
        for j in range(n):
            if grid[i][j] == 'o':
                for k in range(n):
                    if k != i and grid[k][j] == 'o':
                        for col in range(n):
                            if col != j and grid[i][col] == 'o' and grid[k][col] == 'o':
                                count += 1
    return count

n = int(input())
grid = [input() for _ in range(n)]
print(count_triples(grid))"
M145,Sum of Numbers Greater Than Me,Medium,P1,meta-llama/llama-3.3-70b-instruct,stdin,lcb-stdin,1,1,1,5.93,,
M145,Sum of Numbers Greater Than Me,Medium,P2,meta-llama/llama-3.3-70b-instruct,stdin,lcb-stdin,1,1,1,7.34,,
M145,Sum of Numbers Greater Than Me,Medium,P3,meta-llama/llama-3.3-70b-instruct,stdin,lcb-stdin,1,1,1,10.08,,
M146,T,Medium,P1,meta-llama/llama-3.3-70b-instruct,stdin,lcb-stdin,1,0,0,8.48,want='3' got='2',"import sys

n, m = map(int, input().split())
s = input()

plain = m
logo = 0
ans = 0

for i in range(n):
    if s[i] == '0':
        plain = m
        logo = 0
    elif s[i] == '1':
        if plain > 0:
            plain -= 1
        elif logo > 0:
            logo -= 1
        else:
            logo += 1
            ans += 1
    elif s[i] == '2':
        if logo > 0:
            logo -= 1
        else:
            logo += 1
            ans += 1

print(ans)"
M146,T,Medium,P2,meta-llama/llama-3.3-70b-instruct,stdin,lcb-stdin,1,0,0,4.93,want='2' got='1',"import sys

N, M = map(int, input().split())
S = input()

plain = M
logo = 0
max_logo = 0
for i in range(N):
    if S[i] == '1':
        if plain > 0:
            plain -= 1
        elif logo > 0:
            logo -= 1
        else:
            logo += 1
    elif S[i] == '2':
        if logo > 0:
            logo -= 1
        else:
            logo += 1
    else:
        plain = M
        logo = max(0, logo)
    max_logo = max(max_logo, logo)

print(max_logo)"
M146,T,Medium,P3,meta-llama/llama-3.3-70b-instruct,stdin,lcb-stdin,1,0,0,1.91,want='2' got='1',"import sys

def main():
    N, M = map(int, input().split())
    S = input()

    plain = M
    logo = 0
    max_logo = 0
    for i in range(N):
        if S[i] == '1':
            if plain > 0:
                plain -= 1
            elif logo > 0:
                logo -= 1
            else:
                logo += 1
        elif S[i] == '2':
            if logo > 0:
                logo -= 1
            else:
                logo += 1
        else:
            plain = M
            logo = max(0, logo)
        max_logo = max(max_logo, logo)

    print(max_logo)

if __name__ == ""__main__"":
    main()"
M147,Repunit Trio,Medium,P1,meta-llama/llama-3.3-70b-instruct,stdin,lcb-stdin,1,1,1,8.02,,
M147,Repunit Trio,Medium,P2,meta-llama/llama-3.3-70b-instruct,stdin,lcb-stdin,1,1,1,2.99,,
M147,Repunit Trio,Medium,P3,meta-llama/llama-3.3-70b-instruct,stdin,lcb-stdin,1,1,1,6.15,,
M148,Erase Leaves,Medium,P1,meta-llama/llama-3.3-70b-instruct,stdin,lcb-stdin,1,0,0,5.26,want='1' got='3',"import sys
from collections import defaultdict

def dfs(graph, node, parent):
    """"""Perform DFS traversal from the given node.""""""
    count = 0
    for child in graph[node]:
        if child != parent:
            count += dfs(graph, child, node)
    return max(count, 1)

def main():
    """"""Read input, compute answer, and print result.""""""
    n = int(input())
    graph = defaultdict(list)
    for _ in range(n - 1):
        u, v = map(int, input().split())
        graph[u].append(v)
        graph[v].append(u)

    result = dfs(graph, 1, -1)
    print(result)

if __name__ == ""__main__"":
    main()"
M148,Erase Leaves,Medium,P2,meta-llama/llama-3.3-70b-instruct,stdin,lcb-stdin,1,0,0,4.95,want='5' got='1',"import sys
from collections import defaultdict

def dfs(graph, visited, node, parent):
    visited[node] = True
    children = 0
    for child in graph[node]:
        if child != parent and not visited[child]:
            children += dfs(graph, visited, child, node)
    return max(0, children - 1)

N = int(input())
graph = defaultdict(list)
for _ in range(N - 1):
    u, v = map(int, input().split())
    graph[u].append(v)
    graph[v].append(u)

visited = [False] * (N + 1)
result = dfs(graph, visited, 1, -1) + 1
print(result)"
M148,Erase Leaves,Medium,P3,meta-llama/llama-3.3-70b-instruct,stdin,lcb-stdin,1,0,0,15.72,want='1' got='3',"import sys
from collections import defaultdict

def main():
    N = int(input())
    graph = defaultdict(list)
    for _ in range(N - 1):
        u, v = map(int, input().split())
        graph[u].append(v)
        graph[v].append(u)

    def dfs(node, parent):
        if len(graph[node]) == 1 and node!= 1:
            return 1
        count = 0
        for child in graph[node]:
            if child!= parent:
                count += dfs(child, node)
        return count

    print(dfs(1, -1))

if __name__ == ""__main__"":
    main()"
M149,Christmas Trees,Medium,P1,meta-llama/llama-3.3-70b-instruct,stdin,lcb-stdin,1,1,1,2.86,,
M149,Christmas Trees,Medium,P2,meta-llama/llama-3.3-70b-instruct,stdin,lcb-stdin,1,1,1,35.33,,
M149,Christmas Trees,Medium,P3,meta-llama/llama-3.3-70b-instruct,stdin,lcb-stdin,1,1,1,5.08,,
M150,Socks 2,Medium,P1,meta-llama/llama-3.3-70b-instruct,stdin,lcb-stdin,1,0,0,8.97,want='0' got='3',"import sys

N, K = map(int, input().split())
A = list(map(int, input().split()))

socks = [2] * (N + 1)
for i in A:
    socks[i] -= 1

total_weirdness = 0
for i in range(1, N + 1):
    if socks[i] > 0:
        for j in range(i + 1, N + 1):
            if socks[j] > 0:
                socks[i] -= 1
                socks[j] -= 1
                total_weirdness += j - i
                break

print(total_weirdness)"
M150,Socks 2,Medium,P2,meta-llama/llama-3.3-70b-instruct,stdin,lcb-stdin,1,0,0,2.24,want='0' got='3',"import sys

def calculate_weirdness(N, K, A):
    # Create a list to store the count of socks for each color
    socks = [2] * (N + 1)
    
    # Subtract 1 from the count of socks for each color in A
    for color in A:
        socks[color] -= 1
    
    # Initialize variables to store the total weirdness and the number of pairs
    total_weirdness = 0
    num_pairs = (2 * N - K) // 2
    
    # Initialize variables to store the current color and the number of socks for the current color
    current_color = 1
    current_socks = socks[1]
    
    # Iterate over the colors
    for next_color in range(2, N + 1):
        # Get the number of socks for the next color
        next_socks = socks[next_color]
        
        # While there are socks for the current color and the next color, and the number of pairs is greater than 0
        while current_socks > 0 and next_socks > 0 and num_pairs > 0:
            # Create a pair with the current color and the next color
            total_weirdness += abs(current_color - next_color)
            current_socks -= 1
            next_socks -= 1
            num_pairs -= 1
        
        # Update the current color and the number of socks for the current color
        current_color = next_color
        current_socks = next_socks
    
    # Return the total weirdness
    return total_weirdness

# Read the input
N, K = map(int, input().split())
A = list(map(int, input().split()))

# Calculate and print the result
print(calculate_weirdness(N, K, A))"
M150,Socks 2,Medium,P3,meta-llama/llama-3.3-70b-instruct,stdin,lcb-stdin,1,0,0,312.86,want='0' got='1',"import sys

def calculate_weirdness(N, K, A):
    # Create a list to store the count of socks for each color
    socks = [2] * (N + 1)
    
    # Subtract 1 from the count of socks for each lost color
    for color in A:
        socks[color] -= 1
    
    # Initialize variables to store the total weirdness and the number of pairs
    total_weirdness = 0
    num_pairs = (2 * N - K) // 2
    
    # Initialize variables to store the current color and the number of socks for the current color
    current_color = 1
    current_socks = socks[1]
    
    # Iterate over the colors
    for color in range(2, N + 1):
        # If there are socks for the current color, try to pair them with socks of the next color
        if current_socks > 0:
            # Calculate the number of pairs that can be made with the current color and the next color
            pairs = min(current_socks, socks[color])
            
            # Update the total weirdness and the number of pairs
            total_weirdness += pairs * abs(current_color - color)
            num_pairs -= pairs
            
            # Update the number of socks for the current color and the next color
            current_socks -= pairs
            socks[color] -= pairs
        
        # If there are still socks for the current color, update the current color and the number of socks for the current color
        if current_socks > 0:
            current_color = color
            current_socks = socks[color]
    
    # If there are still pairs to be made, try to make pairs with the remaining socks
    if num_pairs > 0:
        # Initialize variables to store the current color and the number of socks for the current color
        current_color = 1
        current_socks = socks[1]
        
        # Iterate over the colors
        for color in range(2, N + 1):
            # If there are socks for the current color, try to pair them with socks of the next color
            if current_socks > 0:
                # Calculate the number of pairs that can be made with the current color and the next color
                pairs = min(current_socks, socks[color])
                
                # Update the total weirdness and the number of pairs
                total_weirdness += pairs * abs(current_color - color)
                num_pairs -= pairs
                
                # Update the number of socks for the current color and the next color
                current_socks -= pairs
                socks[color] -= pairs
            
            # If there are still socks for the current color, update the current color and the number of socks for the current color
            if current_socks > 0:
                current_color = color
                current_socks = socks[color]
    
    return total_weirdness

# Read the input
N, K = map(int, input().split())
A = list(map(int, input().split()))

# Calculate and print the total weirdness
print(calculate_weirdness(N, K, A))"
H01,B. 250 Thousand Tons of TNT,Hard,P1,meta-llama/llama-3.3-70b-instruct,stdin,lcb-stdin,1,1,1,4.03,,
H01,B. 250 Thousand Tons of TNT,Hard,P2,meta-llama/llama-3.3-70b-instruct,stdin,lcb-stdin,1,1,1,9.36,,
H01,B. 250 Thousand Tons of TNT,Hard,P3,meta-llama/llama-3.3-70b-instruct,stdin,lcb-stdin,1,1,1,4.39,,
H02,C. Yarik and Array,Hard,P1,meta-llama/llama-3.3-70b-instruct,stdin,lcb-stdin,1,1,1,20196.47,,
H02,C. Yarik and Array,Hard,P2,meta-llama/llama-3.3-70b-instruct,stdin,lcb-stdin,1,1,1,25.93,,
H02,C. Yarik and Array,Hard,P3,meta-llama/llama-3.3-70b-instruct,stdin,lcb-stdin,1,1,1,3.63,,
H03,D. Yarik and Musical Notes,Hard,P1,meta-llama/llama-3.3-70b-instruct,stdin,lcb-stdin,1,0,0,2.98,Timeout,"import sys

def main():
    t = int(input())
    for _ in range(t):
        n = int(input())
        a = list(map(int, input().split()))
        count = 0
        for i in range(n):
            for j in range(i + 1, n):
                if (2 ** a[i]) ** (2 ** a[j]) == (2 ** a[j]) ** (2 ** a[i]):
                    count += 1
        print(count)

if __name__ == ""__main__"":
    main()"
H03,D. Yarik and Musical Notes,Hard,P2,meta-llama/llama-3.3-70b-instruct,stdin,lcb-stdin,1,1,1,2.54,,
H03,D. Yarik and Musical Notes,Hard,P3,meta-llama/llama-3.3-70b-instruct,stdin,lcb-stdin,1,0,0,4.31,Timeout,"import sys

def main():
    t = int(input())
    for _ in range(t):
        n = int(input())
        a = list(map(int, input().split()))
        count = 0
        for i in range(n):
            for j in range(i + 1, n):
                if (2 ** a[i]) ** (2 ** a[j]) == (2 ** a[j]) ** (2 ** a[i]):
                    count += 1
        print(count)

if __name__ == ""__main__"":
    main()"
H04,count-of-integers,Hard,P1,meta-llama/llama-3.3-70b-instruct,stdin,lcb-stdin,1,0,0,2.61,want='11' got='',"import sys

def digit_sum(x):
    return sum(int(digit) for digit in str(x))

def count_good_integers(num1, num2, min_sum, max_sum):
    count = 0
    for x in range(int(num1), int(num2) + 1):
        if min_sum <= digit_sum(x) <= max_sum:
            count += 1
    return count % (10**9 + 7)

num1 = input()
num2 = input()
min_sum = int(input())
max_sum = int(input())

print(count_good_integers(num1, num2, min_sum, max_sum))"
H04,count-of-integers,Hard,P2,meta-llama/llama-3.3-70b-instruct,stdin,lcb-stdin,1,0,0,4.03,want='11' got='',"import sys

MOD = 10**9 + 7

def digit_sum(x):
    return sum(int(digit) for digit in str(x))

def count_integers(num1, num2, min_sum, max_sum):
    count = 0
    for x in range(int(num1), int(num2) + 1):
        if min_sum <= digit_sum(x) <= max_sum:
            count += 1
    return count % MOD

num1 = input()
num2 = input()
min_sum = int(input())
max_sum = int(input())

print(count_integers(num1, num2, min_sum, max_sum))"
H04,count-of-integers,Hard,P3,meta-llama/llama-3.3-70b-instruct,stdin,lcb-stdin,1,0,0,6.91,want='11' got='',"import sys

def digit_sum(x):
    return sum(int(digit) for digit in str(x))

def count_good_integers(num1, num2, min_sum, max_sum):
    count = 0
    for x in range(int(num1), int(num2) + 1):
        if min_sum <= digit_sum(x) <= max_sum:
            count += 1
    return count % (10**9 + 7)

num1 = input()
num2 = input()
min_sum = int(input())
max_sum = int(input())

print(count_good_integers(num1, num2, min_sum, max_sum))"
H05,power-of-heroes,Hard,P1,meta-llama/llama-3.3-70b-instruct,stdin,lcb-stdin,1,0,0,36.09,want='141' got='',"import sys
import itertools

MOD = 10**9 + 7

def main():
    nums = list(map(int, input().split()))
    total_power = 0

    for r in range(1, len(nums) + 1):
        for group in itertools.combinations(nums, r):
            max_val = max(group)
            min_val = min(group)
            power = (max_val ** 2) * min_val
            total_power = (total_power + power) % MOD

    print(total_power)

if __name__ == ""__main__"":
    main()"
H05,power-of-heroes,Hard,P2,meta-llama/llama-3.3-70b-instruct,stdin,lcb-stdin,1,0,0,4.39,want='141' got='',"import sys
import itertools

MOD = 10**9 + 7

def main():
    nums = list(map(int, input().split()))
    total_power = 0

    for r in range(1, len(nums) + 1):
        for group in itertools.combinations(nums, r):
            max_val = max(group)
            min_val = min(group)
            power = (max_val ** 2) * min_val
            total_power = (total_power + power) % MOD

    print(total_power)

if __name__ == ""__main__"":
    main()"
H05,power-of-heroes,Hard,P3,meta-llama/llama-3.3-70b-instruct,stdin,lcb-stdin,1,0,0,8.64,want='141' got='',"import sys
import itertools

MOD = 10**9 + 7

def main():
    nums = list(map(int, input().split()))
    total_power = 0

    for r in range(1, len(nums) + 1):
        for group in itertools.combinations(nums, r):
            max_val = max(group)
            min_val = min(group)
            power = (max_val ** 2) * min_val
            total_power = (total_power + power) % MOD

    print(total_power)

if __name__ == ""__main__"":
    main()"
H06,painting-the-walls,Hard,P1,meta-llama/llama-3.3-70b-instruct,stdin,lcb-stdin,1,0,0,11.59,want='3' got='',"import sys

def read_ints():
    return list(map(int, sys.stdin.readline().split()))

def read_int():
    return int(sys.stdin.readline())

def main():
    cost = read_ints()
    time = read_ints()
    n = len(cost)
    dp = [[float('inf')] * 501 for _ in range(n + 1)]
    dp[0][0] = 0

    for i in range(1, n + 1):
        for j in range(501):
            if j >= time[i - 1]:
                dp[i][j] = min(dp[i][j], dp[i - 1][j - time[i - 1]] + cost[i - 1])
            dp[i][j] = min(dp[i][j], dp[i - 1][j])

    print(min(dp[n]))

if __name__ == ""__main__"":
    main()"
H06,painting-the-walls,Hard,P2,meta-llama/llama-3.3-70b-instruct,stdin,lcb-stdin,1,0,0,6.63,want='3' got='',"import sys

def min_cost_to_paint_walls(cost, time):
    n = len(cost)
    dp = [[float('inf')] * 501 for _ in range(n + 1)]
    dp[0][0] = 0

    for i in range(1, n + 1):
        for j in range(501):
            if j >= time[i - 1]:
                dp[i][j] = min(dp[i][j], dp[i - 1][j - time[i - 1]] + cost[i - 1])
            dp[i][j] = min(dp[i][j], dp[i - 1][j])

    return min(dp[n])

cost = list(map(int, input().split()))
time = list(map(int, input().split()))

print(min_cost_to_paint_walls(cost, time))"
H06,painting-the-walls,Hard,P3,meta-llama/llama-3.3-70b-instruct,stdin,lcb-stdin,1,0,0,4.65,want='3' got='',"import sys

def min_cost_to_paint_walls(cost, time):
    n = len(cost)
    dp = [[float('inf')] * 501 for _ in range(n + 1)]
    dp[0][0] = 0

    for i in range(1, n + 1):
        for j in range(501):
            if j >= time[i - 1]:
                dp[i][j] = min(dp[i][j], dp[i - 1][j - time[i - 1]] + cost[i - 1])
            if j >= 1:
                dp[i][j] = min(dp[i][j], dp[i - 1][j - 1])

    return min(dp[n])

cost = list(map(int, input().split()))
time = list(map(int, input().split()))

print(min_cost_to_paint_walls(cost, time))"
H07,greatest-common-divisor-traversal,Hard,P1,meta-llama/llama-3.3-70b-instruct,stdin,lcb-stdin,1,0,0,2.76,want='true' got='',"import sys
from math import gcd
from collections import deque

def main():
    nums = list(map(int, input().split()))

    n = len(nums)
    graph = [[] for _ in range(n)]

    for i in range(n):
        for j in range(i + 1, n):
            if gcd(nums[i], nums[j]) > 1:
                graph[i].append(j)
                graph[j].append(i)

    visited = [False] * n

    def bfs(start):
        queue = deque([start])
        visited[start] = True

        while queue:
            node = queue.popleft()
            for neighbor in graph[node]:
                if not visited[neighbor]:
                    queue.append(neighbor)
                    visited[neighbor] = True

    bfs(0)

    if all(visited):
        print(""true"")
    else:
        print(""false"")

if __name__ == ""__main__"":
    main()"
H07,greatest-common-divisor-traversal,Hard,P2,meta-llama/llama-3.3-70b-instruct,stdin,lcb-stdin,1,0,0,4.11,want='true' got='',"import sys
from math import gcd
from collections import deque

def main():
    nums = list(map(int, input().split()))

    n = len(nums)
    graph = [[] for _ in range(n)]

    for i in range(n):
        for j in range(i + 1, n):
            if gcd(nums[i], nums[j]) > 1:
                graph[i].append(j)
                graph[j].append(i)

    visited = [False] * n

    def bfs(start):
        queue = deque([start])
        visited[start] = True

        while queue:
            node = queue.popleft()
            for neighbor in graph[node]:
                if not visited[neighbor]:
                    visited[neighbor] = True
                    queue.append(neighbor)

    for i in range(n):
        if not visited[i]:
            bfs(i)
            break

    print(all(visited))

if __name__ == ""__main__"":
    main()"
H07,greatest-common-divisor-traversal,Hard,P3,meta-llama/llama-3.3-70b-instruct,stdin,lcb-stdin,1,0,0,4.55,want='true' got='',"import sys
from math import gcd
from collections import deque

def main():
    nums = list(map(int, input().split()))

    n = len(nums)
    graph = [[] for _ in range(n)]

    for i in range(n):
        for j in range(i + 1, n):
            if gcd(nums[i], nums[j]) > 1:
                graph[i].append(j)
                graph[j].append(i)

    visited = [False] * n

    def bfs(start):
        queue = deque([start])
        visited[start] = True

        while queue:
            node = queue.popleft()
            for neighbor in graph[node]:
                if not visited[neighbor]:
                    visited[neighbor] = True
                    queue.append(neighbor)

    bfs(0)

    if all(visited):
        print(""true"")
    else:
        print(""false"")

if __name__ == ""__main__"":
    main()"
H08,maximum-sum-queries,Hard,P1,meta-llama/llama-3.3-70b-instruct,stdin,lcb-stdin,1,0,0,7.56,"want='[6, 10, 7]' got=''","import sys

def main():
    nums1 = list(map(int, input().split()))
    nums2 = list(map(int, input().split()))
    queries = []
    for _ in range(int(input())):
        queries.append(list(map(int, input().split())))

    answer = []
    for x, y in queries:
        max_sum = -1
        for i in range(len(nums1)):
            if nums1[i] >= x and nums2[i] >= y:
                max_sum = max(max_sum, nums1[i] + nums2[i])
        answer.append(max_sum)

    print(*answer)

if __name__ == ""__main__"":
    main()"
H08,maximum-sum-queries,Hard,P2,meta-llama/llama-3.3-70b-instruct,stdin,lcb-stdin,1,0,0,3.99,"want='[6, 10, 7]' got=''","import sys

def main():
    input_lines = sys.stdin.readlines()
    input_lines = [line.strip() for line in input_lines]

    nums1 = list(map(int, input_lines[0].split()))
    nums2 = list(map(int, input_lines[1].split()))
    queries = [list(map(int, line.split())) for line in input_lines[2:]]

    answer = []
    for x, y in queries:
        max_sum = -1
        for num1, num2 in zip(nums1, nums2):
            if num1 >= x and num2 >= y:
                max_sum = max(max_sum, num1 + num2)
        answer.append(max_sum)

    print(*answer)

if __name__ == ""__main__"":
    main()"
H08,maximum-sum-queries,Hard,P3,meta-llama/llama-3.3-70b-instruct,stdin,lcb-stdin,1,0,0,3.74,"want='[6, 10, 7]' got=''","import sys

def main():
    input_lines = sys.stdin.read().splitlines()
    nums1 = list(map(int, input_lines[0].strip('[]').split(', ')))
    nums2 = list(map(int, input_lines[1].strip('[]').split(', ')))
    queries = [list(map(int, query.strip('[]').split(', '))) for query in input_lines[2:]]

    answer = []
    for x, y in queries:
        max_sum = -1
        for i in range(len(nums1)):
            if nums1[i] >= x and nums2[i] >= y:
                max_sum = max(max_sum, nums1[i] + nums2[i])
        answer.append(max_sum)

    print(answer)

if __name__ == ""__main__"":
    main()"
H09,sum-of-imbalance-numbers-of-all-subarrays,Hard,P1,meta-llama/llama-3.3-70b-instruct,stdin,lcb-stdin,1,0,0,3.1,want='3' got='',"import sys

def calculate_imbalance(arr):
    sarr = sorted(arr)
    imbalance = 0
    for i in range(len(sarr) - 1):
        if sarr[i + 1] - sarr[i] > 1:
            imbalance += 1
    return imbalance

def main():
    nums = list(map(int, input().split()))
    total_imbalance = 0
    for i in range(len(nums)):
        for j in range(i, len(nums)):
            subarray = nums[i:j + 1]
            total_imbalance += calculate_imbalance(subarray)
    print(total_imbalance)

if __name__ == ""__main__"":
    main()"
H09,sum-of-imbalance-numbers-of-all-subarrays,Hard,P2,meta-llama/llama-3.3-70b-instruct,stdin,lcb-stdin,1,0,0,6.13,want='3' got='',"import sys

def calculate_imbalance_number(arr):
    sorted_arr = sorted(arr)
    imbalance_number = 0
    for i in range(len(sorted_arr) - 1):
        if sorted_arr[i + 1] - sorted_arr[i] > 1:
            imbalance_number += 1
    return imbalance_number

def sum_of_imbalance_numbers_of_all_subarrays(nums):
    total_imbalance = 0
    for i in range(len(nums)):
        for j in range(i + 1, len(nums) + 1):
            subarray = nums[i:j]
            total_imbalance += calculate_imbalance_number(subarray)
    return total_imbalance

nums = list(map(int, input().split()))
print(sum_of_imbalance_numbers_of_all_subarrays(nums))"
H09,sum-of-imbalance-numbers-of-all-subarrays,Hard,P3,meta-llama/llama-3.3-70b-instruct,stdin,lcb-stdin,1,0,0,13.67,want='3' got='',"import sys

def calculate_imbalance(arr):
    sorted_arr = sorted(arr)
    imbalance = 0
    for i in range(len(sorted_arr) - 1):
        if sorted_arr[i + 1] - sorted_arr[i] > 1:
            imbalance += 1
    return imbalance

def main():
    nums = list(map(int, input().split()))
    total_imbalance = 0
    for i in range(len(nums)):
        for j in range(i + 1, len(nums) + 1):
            subarray = nums[i:j]
            total_imbalance += calculate_imbalance(subarray)
    print(total_imbalance)

if __name__ == ""__main__"":
    main()"
H10,minimum-changes-to-make-k-semi-palindromes,Hard,P1,meta-llama/llama-3.3-70b-instruct,stdin,lcb-stdin,1,0,0,1.27,want='1' got='2',"import sys

def is_semi_palindrome(s):
    n = len(s)
    for d in range(1, n):
        if n % d == 0:
            for i in range(d):
                if s[i] != s[n - i - 1]:
                    break
            else:
                return True
    return False

def min_changes(s):
    n = len(s)
    changes = 0
    for i in range(0, n, 2):
        substring = s[i:i + 2]
        if not is_semi_palindrome(substring):
            changes += 1
    return changes

def min_changes_k(s, k):
    n = len(s)
    min_changes = float('inf')
    for i in range(1 << (n - 1)):
        substrings = []
        start = 0
        count = 0
        for j in range(n - 1):
            if (i & (1 << j)) != 0:
                substrings.append(s[start:j + 1])
                start = j + 1
                count += 1
        substrings.append(s[start:])
        if count == k - 1:
            changes = 0
            for substring in substrings:
                if not is_semi_palindrome(substring):
                    changes += min_changes_to_palindrome(substring)
            min_changes = min(min_changes, changes)
    return min_changes

def min_changes_to_palindrome(s):
    n = len(s)
    changes = 0
    for i in range(n // 2):
        if s[i] != s[n - i - 1]:
            changes += 1
    return changes

s = input()
k = int(input())
print(min_changes_k(s, k))"
H10,minimum-changes-to-make-k-semi-palindromes,Hard,P2,meta-llama/llama-3.3-70b-instruct,stdin,lcb-stdin,1,0,0,12.54,want='1' got='2',"import sys

def is_semi_palindrome(s):
    n = len(s)
    for d in range(1, n):
        if n % d == 0:
            for i in range(d):
                if s[i] != s[n - i - 1]:
                    break
            else:
                return True
    return False

def min_changes(s):
    n = len(s)
    dp = [[float('inf')] * (n + 1) for _ in range(n + 1)]
    for i in range(n + 1):
        dp[i][0] = 0
    for length in range(1, n + 1):
        for i in range(n - length + 1):
            j = i + length - 1
            substring = s[i:j + 1]
            changes = 0
            for d in range(1, length):
                if length % d == 0:
                    for k in range(d):
                        count = {}
                        for index in range(k, length, d):
                            count[substring[index]] = count.get(substring[index], 0) + 1
                        changes = max(changes, len(count) - max(count.values()))
            dp[i][j + 1] = changes
    return dp

def min_k_changes(s, k):
    n = len(s)
    dp = [[float('inf')] * (k + 1) for _ in range(n + 1)]
    dp[0][0] = 0
    changes = min_changes(s)
    for i in range(1, n + 1):
        for j in range(1, min(i, k) + 1):
            for m in range(j - 1, i):
                dp[i][j] = min(dp[i][j], dp[m][j - 1] + changes[m][i])
    return dp[n][k]

s = input()
k = int(input())
print(min_k_changes(s, k))"
H10,minimum-changes-to-make-k-semi-palindromes,Hard,P3,meta-llama/llama-3.3-70b-instruct,stdin,lcb-stdin,1,0,0,12.83,want='1' got='',"import sys

def is_semi_palindrome(s):
    n = len(s)
    for d in range(1, n):
        if n % d == 0:
            for i in range(d):
                if s[i] != s[n - i - 1]:
                    break
            else:
                return True
    return False

def min_changes_to_semi_palindrome(s):
    n = len(s)
    k = int(input().split()[1])
    memo = {}

    def dp(i, k):
        if (i, k) in memo:
            return memo[(i, k)]
        if k == 1:
            changes = 0
            for d in range(1, n - i + 1):
                if (n - i) % d == 0:
                    for j in range(d):
                        changes += sum(s[i + j + x * d] != s[i + d - j - 1 - x * d] for x in range((n - i - d) // d + 1))
                    break
            else:
                changes = float('inf')
            memo[(i, k)] = changes
            return changes
        res = float('inf')
        for j in range(1, n - i - k + 2):
            changes = 0
            for d in range(1, j):
                if j % d == 0:
                    for x in range(d):
                        changes += sum(s[i + x + y * d] != s[i + d - x - 1 - y * d] for y in range((j - d) // d + 1))
                    break
            else:
                changes = float('inf')
            res = min(res, changes + dp(i + j, k - 1))
        memo[(i, k)] = res
        return res

    print(dp(0, k))

s = input()
min_changes_to_semi_palindrome(s)"
H11,length-of-the-longest-valid-substring,Hard,P1,meta-llama/llama-3.3-70b-instruct,stdin,lcb-stdin,1,0,0,2.65,want='4' got='10',"import sys

def main():
    word = input()
    forbidden = input().split()
    max_length = 0

    for i in range(len(word)):
        for j in range(i + 1, len(word) + 1):
            substring = word[i:j]
            if all(substring.find(f) == -1 for f in forbidden):
                max_length = max(max_length, len(substring))

    print(max_length)

if __name__ == ""__main__"":
    main()"
H11,length-of-the-longest-valid-substring,Hard,P2,meta-llama/llama-3.3-70b-instruct,stdin,lcb-stdin,1,0,0,5.07,want='4' got='10',"import sys

def main():
    word = input()
    forbidden = input().split()
    max_length = 0

    for i in range(len(word)):
        for j in range(i + 1, len(word) + 1):
            substring = word[i:j]
            if all(substring.find(f) == -1 for f in forbidden):
                max_length = max(max_length, len(substring))

    print(max_length)

if __name__ == ""__main__"":
    main()"
H11,length-of-the-longest-valid-substring,Hard,P3,meta-llama/llama-3.3-70b-instruct,stdin,lcb-stdin,1,0,0,2.9,want='4' got='10',"import sys

def main():
    word = input()
    forbidden = input().split()
    max_length = 0

    for i in range(len(word)):
        for j in range(i + 1, len(word) + 1):
            substring = word[i:j]
            if all(substring.find(f) == -1 for f in forbidden):
                max_length = max(max_length, len(substring))

    print(max_length)

if __name__ == ""__main__"":
    main()"
H12,maximum-number-of-groups-with-increasing-length,Hard,P1,meta-llama/llama-3.3-70b-instruct,stdin,lcb-stdin,1,0,0,3.13,want='3' got='',"import sys

def main():
    usageLimits = list(map(int, input().split()))
    n = len(usageLimits)
    usageLimits.sort(reverse=True)
    groups = 0
    used = [0] * n
    for length in range(1, n + 1):
        for i in range(n):
            if used[i] < usageLimits[i]:
                used[i] += 1
                length -= 1
                if length == 0:
                    groups += 1
                    break
        else:
            break
    print(groups)

if __name__ == ""__main__"":
    main()"
H12,maximum-number-of-groups-with-increasing-length,Hard,P2,meta-llama/llama-3.3-70b-instruct,stdin,lcb-stdin,1,0,0,6.29,want='3' got='',"import sys

def main():
    usageLimits = list(map(int, input().split()))
    n = len(usageLimits)
    usageLimits = [0] + usageLimits
    ans = 0
    while True:
        min_usage = float('inf')
        for i in range(1, n + 1):
            if usageLimits[i] == 0:
                return print(ans)
            min_usage = min(min_usage, usageLimits[i])
        if min_usage < ans + 1:
            return print(ans)
        ans += 1
        for i in range(1, ans + 1):
            usageLimits[i] -= 1

if __name__ == ""__main__"":
    main()"
H12,maximum-number-of-groups-with-increasing-length,Hard,P3,meta-llama/llama-3.3-70b-instruct,stdin,lcb-stdin,1,0,0,9.8,want='3' got='',"import sys

def main():
    usageLimits = list(map(int, input().split()))
    n = len(usageLimits)
    usageLimits = [0] + usageLimits
    count = [0] * (n + 1)
    ans = 0
    for i in range(1, n + 1):
        count[i] = usageLimits[i]
    for size in range(1, n + 1):
        temp = count[:]
        flag = True
        for i in range(1, n + 1):
            if temp[i] > 0:
                temp[i] -= 1
            else:
                flag = False
                break
        if not flag:
            break
        ans += 1
        count = temp
    print(ans)

if __name__ == ""__main__"":
    main()"
H13,count-stepping-numbers-in-range,Hard,P1,meta-llama/llama-3.3-70b-instruct,stdin,lcb-stdin,1,0,0,3.38,want='10' got='',"from collections import deque

MOD = 10**9 + 7

def is_stepping_number(num):
    num_str = str(num)
    for i in range(len(num_str) - 1):
        if abs(int(num_str[i]) - int(num_str[i + 1])) != 1:
            return False
    return True

low = int(input())
high = int(input())

count = 0
for num in range(low, high + 1):
    if is_stepping_number(num):
        count += 1

print(count % MOD)"
H13,count-stepping-numbers-in-range,Hard,P2,meta-llama/llama-3.3-70b-instruct,stdin,lcb-stdin,1,0,0,3.05,want='10' got='',"import sys

MOD = 10**9 + 7

def is_stepping_number(num):
    num_str = str(num)
    for i in range(len(num_str) - 1):
        if abs(int(num_str[i]) - int(num_str[i + 1])) != 1:
            return False
    return True

low = int(input())
high = int(input())

count = 0
for num in range(low, high + 1):
    if is_stepping_number(num):
        count += 1

print(count % MOD)"
H13,count-stepping-numbers-in-range,Hard,P3,meta-llama/llama-3.3-70b-instruct,stdin,lcb-stdin,1,0,0,7.32,want='10' got='',"from collections import deque

MOD = 10**9 + 7

def is_stepping_number(num):
    num = str(num)
    for i in range(len(num) - 1):
        if abs(int(num[i]) - int(num[i + 1])) != 1:
            return False
    return True

low = int(input())
high = int(input())

count = 0
for num in range(low, high + 1):
    if is_stepping_number(num):
        count += 1

print(count % MOD)"
H14,minimum-time-to-make-array-sum-at-most-x,Hard,P1,meta-llama/llama-3.3-70b-instruct,stdin,lcb-stdin,1,0,0,3.7,want='3' got='',"import sys

def main():
    nums1 = list(map(int, input().split()))
    nums2 = list(map(int, input().split()))
    x = int(input())

    time = 0
    while True:
        if sum(nums1) <= x:
            print(time)
            return
        max_index = nums1.index(max(nums1))
        nums1[max_index] = 0
        time += 1
        for i in range(len(nums1)):
            nums1[i] += nums2[i]
        if sum(nums1) > x and all(num == 0 for num in nums1):
            print(-1)
            return

if __name__ == ""__main__"":
    main()"
H14,minimum-time-to-make-array-sum-at-most-x,Hard,P2,meta-llama/llama-3.3-70b-instruct,stdin,lcb-stdin,1,0,0,2.41,want='3' got='',"import sys

def main():
    nums1 = list(map(int, input().split()))
    nums2 = list(map(int, input().split()))
    x = int(input())

    time = 0
    while True:
        if sum(nums1) <= x:
            print(time)
            return
        max_index = -1
        max_value = -1
        for i in range(len(nums1)):
            if nums1[i] + nums2[i] > max_value:
                max_index = i
                max_value = nums1[i] + nums2[i]
        if max_value <= 0:
            print(-1)
            return
        nums1[max_index] = 0
        for i in range(len(nums1)):
            nums1[i] += nums2[i]
        time += 1

if __name__ == ""__main__"":
    main()"
H14,minimum-time-to-make-array-sum-at-most-x,Hard,P3,meta-llama/llama-3.3-70b-instruct,stdin,lcb-stdin,1,0,0,4.65,want='3' got='',"import sys
import heapq

def main():
    nums1 = list(map(int, input().split()))
    nums2 = list(map(int, input().split()))
    x = int(input())

    pq = []
    for i in range(len(nums1)):
        heapq.heappush(pq, (-nums2[i], i))

    time = 0
    while True:
        for i in range(len(nums1)):
            nums1[i] += nums2[i]

        if sum(nums1) <= x:
            print(time)
            return

        if not pq:
            print(-1)
            return

        _, idx = heapq.heappop(pq)
        nums1[idx] = 0
        heapq.heappush(pq, (-nums2[idx], idx))

        time += 1

if __name__ == ""__main__"":
    main()"
H15,number-of-beautiful-integers-in-the-range,Hard,P1,meta-llama/llama-3.3-70b-instruct,stdin,lcb-stdin,1,1,1,4.02,,
H15,number-of-beautiful-integers-in-the-range,Hard,P2,meta-llama/llama-3.3-70b-instruct,stdin,lcb-stdin,1,1,1,7.56,,
H15,number-of-beautiful-integers-in-the-range,Hard,P3,meta-llama/llama-3.3-70b-instruct,stdin,lcb-stdin,1,1,1,2.68,,
H16,string-transformation,Hard,P1,meta-llama/llama-3.3-70b-instruct,stdin,lcb-stdin,1,0,0,1.86,want='2' got='0',"import sys

MOD = 10**9 + 7

def read_input():
    s = input()
    t = input()
    k = int(input())
    return s, t, k

def count_ways(s, t, k):
    n = len(s)
    count = 0
    for i in range(n):
        new_s = s[i:] + s[:i]
        if new_s == t:
            count += 1
    if k == 1:
        return count % MOD
    else:
        # Calculate the number of ways to transform s into t in k operations
        # using the fact that the transformation is cyclic
        ways = 0
        for i in range(n):
            if s[i:] + s[:i] == t:
                ways += 1
        ways %= MOD
        # Calculate the number of ways to transform s into t in k-1 operations
        # and then apply one more operation
        ways_k_1 = count_ways(s, t, k-1)
        return (ways_k_1 * ways) % MOD

def main():
    s, t, k = read_input()
    print(count_ways(s, t, k))

if __name__ == ""__main__"":
    main()"
H16,string-transformation,Hard,P2,meta-llama/llama-3.3-70b-instruct,stdin,lcb-stdin,1,0,0,7.3,want='2' got='0',"import sys

MOD = 10**9 + 7

def read_input():
    s = input()
    t = input()
    k = int(input())
    return s, t, k

def count_ways(s, t, k):
    n = len(s)
    count = 0
    for i in range(n):
        if s[i:] + s[:i] == t:
            count += 1
    if k == 1:
        return count % MOD
    else:
        return pow(count, k, MOD)

def main():
    s, t, k = read_input()
    result = count_ways(s, t, k)
    print(result)

if __name__ == ""__main__"":
    main()"
H16,string-transformation,Hard,P3,meta-llama/llama-3.3-70b-instruct,stdin,lcb-stdin,1,0,0,4.13,want='2' got='0',"import sys

MOD = 10**9 + 7

def read_input():
    s = input()
    t = input()
    k = int(input())
    return s, t, k

def count_ways(s, t, k):
    n = len(s)
    count = 0
    for i in range(n):
        new_s = s[i:] + s[:i]
        if new_s == t:
            count += 1
    if k == 1:
        return count % MOD
    else:
        return pow(count, k, MOD)

def main():
    s, t, k = read_input()
    result = count_ways(s, t, k)
    print(result)

if __name__ == ""__main__"":
    main()"
H17,minimum-operations-to-form-subsequence-with-target-sum,Hard,P1,meta-llama/llama-3.3-70b-instruct,stdin,lcb-stdin,1,0,0,7.66,want='1' got='',"import sys
import heapq

def main():
    nums = list(map(int, input().split()))
    target = int(input())

    pq = []
    for num in nums:
        heapq.heappush(pq, -num)

    operations = 0
    while pq:
        num = -heapq.heappop(pq)
        if num <= target:
            target -= num
            if target == 0:
                break
        else:
            heapq.heappush(pq, -num // 2)
            heapq.heappush(pq, -num // 2)
            operations += 1

    if target != 0:
        print(-1)
    else:
        print(operations)

if __name__ == ""__main__"":
    main()"
H17,minimum-operations-to-form-subsequence-with-target-sum,Hard,P2,meta-llama/llama-3.3-70b-instruct,stdin,lcb-stdin,1,0,0,9.05,want='1' got='',"import sys
import heapq

def main():
    nums = list(map(int, input().split()))
    target = int(input())

    pq = []
    for num in nums:
        heapq.heappush(pq, -num)

    operations = 0
    while pq:
        num = -heapq.heappop(pq)
        if num <= target:
            target -= num
            if target == 0:
                break
        else:
            heapq.heappush(pq, -num // 2)
            heapq.heappush(pq, -num // 2)
            operations += 1

    if target != 0:
        print(-1)
    else:
        print(operations)

if __name__ == ""__main__"":
    main()"
H17,minimum-operations-to-form-subsequence-with-target-sum,Hard,P3,meta-llama/llama-3.3-70b-instruct,stdin,lcb-stdin,1,0,0,12.53,want='1' got='',"import sys
import heapq

def main():
    nums = list(map(int, input().split()))
    target = int(input())

    pq = []
    for num in nums:
        heapq.heappush(pq, -num)

    operations = 0
    while pq:
        num = -heapq.heappop(pq)
        if num == target:
            break
        elif num > target:
            heapq.heappush(pq, -num // 2)
            heapq.heappush(pq, -num // 2)
            operations += 1
        else:
            heapq.heappush(pq, -num)
            if not pq:
                break

    if pq and -max(pq) == target:
        print(operations)
    else:
        print(-1)

if __name__ == ""__main__"":
    main()"
H18,maximize-value-of-function-in-a-ball-passing-game,Hard,P1,meta-llama/llama-3.3-70b-instruct,stdin,lcb-stdin,1,0,0,3.51,want='6' got='',"import sys

def main():
    receiver = list(map(int, input().split()))
    k = int(input())
    n = len(receiver)
    max_value = 0

    for i in range(n):
        current_value = i
        current_player = i
        for _ in range(k):
            current_player = receiver[current_player]
            current_value += current_player
        max_value = max(max_value, current_value)

    print(max_value)

if __name__ == ""__main__"":
    main()"
H18,maximize-value-of-function-in-a-ball-passing-game,Hard,P2,meta-llama/llama-3.3-70b-instruct,stdin,lcb-stdin,1,0,0,1.03,want='6' got='',"import sys

def main():
    receiver = list(map(int, input().split()))
    k = int(input())
    n = len(receiver)

    max_value = 0
    for i in range(n):
        current_value = i
        current_player = i
        for _ in range(k):
            current_player = receiver[current_player]
            current_value += current_player
        max_value = max(max_value, current_value)

    print(max_value)

if __name__ == ""__main__"":
    main()"
H18,maximize-value-of-function-in-a-ball-passing-game,Hard,P3,meta-llama/llama-3.3-70b-instruct,stdin,lcb-stdin,1,0,0,1.72,want='6' got='',"import sys

def main():
    receiver = list(map(int, input().split()))
    k = int(input())
    n = len(receiver)
    max_value = float('-inf')

    for i in range(n):
        current_value = i
        current_id = i
        for _ in range(k):
            current_id = receiver[current_id]
            current_value += current_id
        max_value = max(max_value, current_value)

    print(max_value)

if __name__ == ""__main__"":
    main()"
H19,maximum-element-sum-of-a-complete-subset-of-indices,Hard,P1,meta-llama/llama-3.3-70b-instruct,stdin,lcb-stdin,1,0,0,5.67,want='16' got='',"import math
import sys

def is_perfect_square(n):
    root = math.isqrt(n)
    return root * root == n

def main():
    nums = list(map(int, input().split()))
    n = len(nums)
    max_sum = 0

    for mask in range(1, 1 << n):
        subset_sum = 0
        is_complete = True

        for i in range(n):
            if (mask & (1 << i)) != 0:
                subset_sum += nums[i]
                for j in range(i + 1, n):
                    if (mask & (1 << j)) != 0 and not is_perfect_square(nums[i] * nums[j]):
                        is_complete = False
                        break
                if not is_complete:
                    break

        if is_complete:
            max_sum = max(max_sum, subset_sum)

    print(max_sum)

if __name__ == ""__main__"":
    main()"
H19,maximum-element-sum-of-a-complete-subset-of-indices,Hard,P2,meta-llama/llama-3.3-70b-instruct,stdin,lcb-stdin,1,0,0,5.26,want='16' got='',"import math
import sys

def is_perfect_square(n):
    sqrt = math.sqrt(n)
    return sqrt == int(sqrt)

def main():
    nums = list(map(int, input().split()))
    n = len(nums)
    max_sum = float('-inf')

    for mask in range(1 << n):
        subset_sum = 0
        is_complete = True

        for i in range(n):
            if (mask & (1 << i)):
                for j in range(i + 1, n):
                    if (mask & (1 << j)):
                        if not is_perfect_square(nums[i] * nums[j]):
                            is_complete = False
                            break
                if not is_complete:
                    break
                subset_sum += nums[i]

        if is_complete:
            max_sum = max(max_sum, subset_sum)

    print(max_sum)

if __name__ == ""__main__"":
    main()"
H19,maximum-element-sum-of-a-complete-subset-of-indices,Hard,P3,meta-llama/llama-3.3-70b-instruct,stdin,lcb-stdin,1,0,0,2.77,want='16' got='',"import math
import sys

def is_perfect_square(n):
    root = math.isqrt(n)
    return root * root == n

def main():
    nums = list(map(int, input().split()))
    n = len(nums)
    max_sum = 0

    for mask in range(1, 1 << n):
        subset_sum = 0
        is_complete = True

        for i in range(n):
            if (mask & (1 << i)) != 0:
                subset_sum += nums[i]
                for j in range(i + 1, n):
                    if (mask & (1 << j)) != 0 and not is_perfect_square(nums[i] * nums[j]):
                        is_complete = False
                        break
                if not is_complete:
                    break

        if is_complete:
            max_sum = max(max_sum, subset_sum)

    print(max_sum)

if __name__ == ""__main__"":
    main()"
H20,count-of-sub-multisets-with-bounded-sum,Hard,P1,meta-llama/llama-3.3-70b-instruct,stdin,lcb-stdin,1,0,0,9.14,want='1' got='',"from collections import Counter
from itertools import product

MOD = 10**9 + 7

def count_sub_multisets(nums, l, r):
    count = Counter(nums)
    nums = sorted(set(nums))
    total = 0

    for p in product(*(range(c + 1) for c in count.values())):
        subset_sum = sum(n * c for n, c in zip(nums, p))
        if l <= subset_sum <= r:
            total += 1

    return total % MOD

nums = list(map(int, input().split()))
l, r = map(int, input().split())
print(count_sub_multisets(nums, l, r))"
H20,count-of-sub-multisets-with-bounded-sum,Hard,P2,meta-llama/llama-3.3-70b-instruct,stdin,lcb-stdin,1,0,0,12.97,want='1' got='',"import sys
from collections import Counter

MOD = 10**9 + 7

def count_sub_multisets(nums, l, r):
    count = Counter(nums)
    dp = [0] * (r + 1)
    dp[0] = 1

    for num, freq in count.items():
        for i in range(r, num - 1, -1):
            for j in range(1, freq + 1):
                if i - j * num >= 0:
                    dp[i] = (dp[i] + dp[i - j * num]) % MOD

    return sum(dp[l:r+1]) % MOD

nums = list(map(int, input().split()))
l, r = map(int, input().split())
print(count_sub_multisets(nums, l, r))"
H20,count-of-sub-multisets-with-bounded-sum,Hard,P3,meta-llama/llama-3.3-70b-instruct,stdin,lcb-stdin,1,0,0,7.87,want='1' got='',"import sys
from itertools import combinations_with_replacement

MOD = 10**9 + 7

def count_sub_multisets(nums, l, r):
    count = 0
    num_set = set(nums)
    for r in range(len(nums) + 1):
        for combo in combinations_with_replacement(nums, r):
            if l <= sum(combo) <= r:
                count += 1
    return count % MOD

nums = list(map(int, input().split()))
l, r = map(int, input().split())

print(count_sub_multisets(nums, l, r))"
H21,apply-operations-on-array-to-maximize-sum-of-squares,Hard,P1,meta-llama/llama-3.3-70b-instruct,stdin,lcb-stdin,1,0,0,2.07,want='261' got='',"import sys

def main():
    nums = list(map(int, input().split()))
    k = int(input())
    nums.sort(reverse=True)
    ans = sum([x**2 for x in nums[:k]])
    print(ans % (10**9 + 7))

if __name__ == ""__main__"":
    main()"
H21,apply-operations-on-array-to-maximize-sum-of-squares,Hard,P2,meta-llama/llama-3.3-70b-instruct,stdin,lcb-stdin,1,0,0,1.44,want='261' got='',"import sys

MOD = 10**9 + 7

def main():
    nums = list(map(int, input().split()))
    k = int(input())

    nums.sort(reverse=True)
    max_sum = sum([num**2 for num in nums[:k]])

    print(max_sum % MOD)

if __name__ == ""__main__"":
    main()"
H21,apply-operations-on-array-to-maximize-sum-of-squares,Hard,P3,meta-llama/llama-3.3-70b-instruct,stdin,lcb-stdin,1,0,0,4.72,want='261' got='',"import sys

def main():
    nums = list(map(int, input().split()))
    k = int(input())

    nums.sort(reverse=True)
    ans = sum([x**2 for x in nums[:k]])
    print(ans % (10**9 + 7))

if __name__ == ""__main__"":
    main()"
H22,maximum-balanced-subsequence-sum,Hard,P1,meta-llama/llama-3.3-70b-instruct,stdin,lcb-stdin,1,1,1,1.93,,
H22,maximum-balanced-subsequence-sum,Hard,P2,meta-llama/llama-3.3-70b-instruct,stdin,lcb-stdin,1,0,0,4.64,want='14' got='',"import sys

def main():
    nums = list(map(int, input().split()))
    n = len(nums)
    dp = [0] * n
    for i in range(n):
        dp[i] = nums[i]
        for j in range(i):
            if nums[i] - nums[j] >= i - j:
                dp[i] = max(dp[i], dp[j] + nums[i])
    print(max(dp))

if __name__ == ""__main__"":
    main()"
H22,maximum-balanced-subsequence-sum,Hard,P3,meta-llama/llama-3.3-70b-instruct,stdin,lcb-stdin,1,0,0,3.16,want='14' got='',"import sys

def max_balanced_subsequence_sum(nums):
    n = len(nums)
    dp = [0] * n
    for i in range(n):
        dp[i] = nums[i]
        for j in range(i):
            if nums[i] - nums[j] >= i - j:
                dp[i] = max(dp[i], dp[j] + nums[i])
    return max(dp)

nums = list(map(int, input().split()))
print(max_balanced_subsequence_sum(nums))"
H23,apply-operations-to-maximize-frequency-score,Hard,P1,meta-llama/llama-3.3-70b-instruct,stdin,lcb-stdin,1,0,0,19.85,want='3' got='',"import sys
from collections import Counter

def main():
    nums = list(map(int, input().split()))
    k = int(input())
    nums.sort()
    n = len(nums)
    max_score = 0
    for i in range(n):
        total = 0
        for j in range(i, n):
            total += nums[j] - nums[i]
        if total <= k:
            max_score = max(max_score, j - i + 1)
        else:
            break
    for i in range(n - 1, -1, -1):
        total = 0
        for j in range(i, -1, -1):
            total += nums[i] - nums[j]
        if total <= k:
            max_score = max(max_score, i - j + 1)
        else:
            break
    print(max_score)

if __name__ == ""__main__"":
    main()"
H23,apply-operations-to-maximize-frequency-score,Hard,P2,meta-llama/llama-3.3-70b-instruct,stdin,lcb-stdin,1,0,0,21.07,want='3' got='',"import sys
from collections import Counter

def main():
    nums = list(map(int, input().split()))
    k = int(input())

    count = Counter(nums)
    max_score = max(count.values())

    nums.sort()
    left, right = 0, 0
    window_count = Counter()
    window_sum = 0
    max_window_score = 0

    while right < len(nums):
        window_count[nums[right]] += 1
        window_sum += 1

        while window_sum - min(window_count.values()) * len(window_count) > k:
            window_count[nums[left]] -= 1
            if window_count[nums[left]] == 0:
                del window_count[nums[left]]
            window_sum -= 1
            left += 1

        max_window_score = max(max_window_score, window_count.most_common(1)[0][1])

        right += 1

    print(max(max_score, max_window_score))

if __name__ == ""__main__"":
    main()"
H23,apply-operations-to-maximize-frequency-score,Hard,P3,meta-llama/llama-3.3-70b-instruct,stdin,lcb-stdin,1,0,0,12.37,want='3' got='',"import sys

def main():
    nums = list(map(int, input().split()))
    k = int(input())
    nums.sort()
    n = len(nums)
    max_score = 0

    for i in range(n):
        total = 0
        for j in range(i, n):
            total += nums[j] - nums[i]
        if total <= k:
            max_score = max(max_score, j - i + 1)

        left = i - 1
        for j in range(i, n):
            total += nums[j] - nums[i]
            while total > k and left >= 0:
                total -= nums[i] - nums[left]
                left -= 1
            if total <= k:
                max_score = max(max_score, j - left)

    print(max_score)

if __name__ == ""__main__"":
    main()"
H24,palindrome-rearrangement-queries,Hard,P1,meta-llama/llama-3.3-70b-instruct,stdin,lcb-stdin,1,0,0,16.3,"want='[true, true]' got=''","from collections import Counter

def can_make_palindrome(s, queries):
    n = len(s)
    mid = n // 2
    answer = []

    for a, b, c, d in queries:
        left = s[a:b+1]
        right = s[c:d+1]

        left_count = Counter(left)
        right_count = Counter(right)

        left_chars = sum(count % 2 for count in left_count.values())
        right_chars = sum(count % 2 for count in right_count.values())

        middle = s[b+1:c]
        middle_count = Counter(middle)
        middle_chars = sum(count % 2 for count in middle_count.values())

        if left_chars + right_chars + middle_chars <= 1:
            answer.append(True)
        else:
            answer.append(False)

    return answer

s = input()
queries = [list(map(int, input().split())) for _ in range(int(input()))]

result = can_make_palindrome(s, queries)
print(result)"
H24,palindrome-rearrangement-queries,Hard,P2,meta-llama/llama-3.3-70b-instruct,stdin,lcb-stdin,1,0,0,10.37,"want='[true, true]' got=''","import sys
from collections import Counter

def main():
    s = input()
    queries = []
    for line in sys.stdin:
        queries.append(list(map(int, line.split())))

    n = len(s)
    answer = []
    for query in queries:
        a, b, c, d = query
        left = s[a:b+1]
        right = s[c:d+1]
        left_count = Counter(left)
        right_count = Counter(right)
        mid = s[b+1:c]
        mid_count = Counter(mid)

        possible = True
        for char in left_count:
            if left_count[char] - right_count.get(char, 0) > 1:
                possible = False
                break
            if left_count[char] - right_count.get(char, 0) == 1:
                if mid_count.get(char, 0) == 0:
                    possible = False
                    break
                mid_count[char] -= 1
        if possible:
            for char in right_count:
                if right_count[char] - left_count.get(char, 0) > 1:
                    possible = False
                    break
                if right_count[char] - left_count.get(char, 0) == 1:
                    if mid_count.get(char, 0) == 0:
                        possible = False
                        break
                    mid_count[char] -= 1
        answer.append(possible)

    print(answer)

if __name__ == ""__main__"":
    main()"
H24,palindrome-rearrangement-queries,Hard,P3,meta-llama/llama-3.3-70b-instruct,stdin,lcb-stdin,1,0,0,5.52,"want='[true, true]' got=''","import sys

def count_chars(s):
    char_count = {}
    for char in s:
        if char in char_count:
            char_count[char] += 1
        else:
            char_count[char] = 1
    return char_count

def can_make_palindrome(s, queries):
    n = len(s)
    mid = n // 2
    answer = []

    for query in queries:
        a, b, c, d = query
        left_substring = s[a:b+1]
        right_substring = s[c:d+1]

        left_char_count = count_chars(left_substring)
        right_char_count = count_chars(right_substring)

        left_remaining = {}
        right_remaining = {}

        for char in left_char_count:
            if char in right_char_count:
                min_count = min(left_char_count[char], right_char_count[char])
                left_remaining[char] = left_char_count[char] - min_count
                right_remaining[char] = right_char_count[char] - min_count
            else:
                left_remaining[char] = left_char_count[char]

        for char in right_char_count:
            if char not in left_char_count:
                right_remaining[char] = right_char_count[char]

        odd_count = 0
        for char in left_remaining:
            odd_count += left_remaining[char] % 2
        for char in right_remaining:
            odd_count += right_remaining[char] % 2

        middle_substring = s[b+1:c]
        middle_char_count = count_chars(middle_substring)
        for char in middle_char_count:
            odd_count += middle_char_count[char] % 2

        if odd_count <= 1:
            answer.append(True)
        else:
            answer.append(False)

    return answer

s = input().strip('""')
queries = []
for line in sys.stdin:
    queries.append(list(map(int, line.strip().split())))

answer = can_make_palindrome(s, queries)
print(answer)"
H25,find-maximum-non-decreasing-array-length,Hard,P1,meta-llama/llama-3.3-70b-instruct,stdin,lcb-stdin,1,0,0,5.76,want='1' got='',"import sys

def find_max_length(nums):
    n = len(nums)
    max_length = 1
    for i in range(n):
        for j in range(i, n):
            new_nums = []
            total = 0
            for k in range(n):
                if k < i or k > j:
                    new_nums.append(nums[k])
                else:
                    total += nums[k]
            if i == 0 and j == n - 1:
                new_nums.append(total)
            elif i == 0:
                new_nums.append(total)
                new_nums.extend(nums[j + 1:])
            elif j == n - 1:
                new_nums.extend(nums[:i])
                new_nums.append(total)
            else:
                new_nums.extend(nums[:i])
                new_nums.append(total)
                new_nums.extend(nums[j + 1:])
            is_non_decreasing = all(new_nums[k] <= new_nums[k + 1] for k in range(len(new_nums) - 1))
            if is_non_decreasing:
                max_length = max(max_length, len(new_nums))
    return max_length

nums = list(map(int, input().split()))
print(find_max_length(nums))"
H25,find-maximum-non-decreasing-array-length,Hard,P2,meta-llama/llama-3.3-70b-instruct,stdin,lcb-stdin,1,0,0,4.92,want='1' got='',"import sys

def read_int_array():
    return list(map(int, input().split()))

def is_non_decreasing(arr):
    return all(arr[i] <= arr[i+1] for i in range(len(arr)-1))

def find_max_length(nums):
    n = len(nums)
    max_length = 1
    for i in range(n):
        for j in range(i, n):
            subarray = nums[i:j+1]
            subarray_sum = sum(subarray)
            new_array = nums[:i] + [subarray_sum] + nums[j+1:]
            if is_non_decreasing(new_array):
                max_length = max(max_length, len(new_array))
    return max_length

nums = read_int_array()
print(find_max_length(nums))"
H25,find-maximum-non-decreasing-array-length,Hard,P3,meta-llama/llama-3.3-70b-instruct,stdin,lcb-stdin,1,0,0,4.82,want='1' got='',"import sys

def read_int_array():
    return list(map(int, sys.stdin.readline().split()))

def main():
    nums = read_int_array()
    n = len(nums)
    max_length = 1

    for i in range(n):
        total = 0
        for j in range(i, n):
            total += nums[j]
            if all(total >= nums[k] for k in range(i, j)) and all(total <= nums[k] for k in range(j+1, n)):
                max_length = max(max_length, n - j + 1)

    print(max_length)

if __name__ == ""__main__"":
    main()"
H26,count-the-number-of-good-partitions,Hard,P1,meta-llama/llama-3.3-70b-instruct,stdin,lcb-stdin,1,0,0,4.25,want='8' got='',"import sys

MOD = 10**9 + 7

def main():
    nums = list(map(int, input().split()))
    n = len(nums)
    dp = [0] * (n + 1)
    dp[0] = 1
    last = {}
    for i in range(n):
        ndp = [0] * (n + 1)
        for j in range(i + 1):
            if nums[i] not in last or last[nums[i]] < j:
                ndp[i + 1] = (ndp[i + 1] + dp[j]) % MOD
        last[nums[i]] = i
        dp = ndp
    print(sum(dp) % MOD)

if __name__ == ""__main__"":
    main()"
H26,count-the-number-of-good-partitions,Hard,P2,meta-llama/llama-3.3-70b-instruct,stdin,lcb-stdin,1,0,0,6.06,want='8' got='',"import sys

MOD = 10**9 + 7

def main():
    nums = list(map(int, input().split()))
    n = len(nums)
    dp = [0] * (n + 1)
    dp[0] = 1
    last_occurrence = {}

    for i in range(1, n + 1):
        for j in range(i, 0, -1):
            if nums[j - 1] not in last_occurrence or last_occurrence[nums[j - 1]] < j - 1:
                dp[i] = (dp[i] + dp[j - 1]) % MOD
            last_occurrence[nums[j - 1]] = i

    print(dp[n])

if __name__ == ""__main__"":
    main()"
H26,count-the-number-of-good-partitions,Hard,P3,meta-llama/llama-3.3-70b-instruct,stdin,lcb-stdin,1,0,0,8.01,want='8' got='',"import sys

MOD = 10**9 + 7

def count_good_partitions(nums):
    n = len(nums)
    dp = [0] * (n + 1)
    dp[0] = 1

    for i in range(1, n + 1):
        seen = set()
        for j in range(i, 0, -1):
            if nums[j - 1] not in seen:
                seen.add(nums[j - 1])
                dp[i] = (dp[i] + dp[j - 1]) % MOD
            else:
                break

    return dp[n]

nums = list(map(int, input().split()))
print(count_good_partitions(nums))"
H27,count-complete-substrings,Hard,P1,meta-llama/llama-3.3-70b-instruct,stdin,lcb-stdin,1,1,1,3.16,,
H27,count-complete-substrings,Hard,P2,meta-llama/llama-3.3-70b-instruct,stdin,lcb-stdin,1,1,1,5.09,,
H27,count-complete-substrings,Hard,P3,meta-llama/llama-3.3-70b-instruct,stdin,lcb-stdin,1,1,1,4.98,,
H28,count-the-number-of-infection-sequences,Hard,P1,meta-llama/llama-3.3-70b-instruct,stdin,lcb-stdin,1,0,0,3.18,want='4' got='',"import sys

MOD = 10**9 + 7

n = int(input())
sick = list(map(int, input().split()))

def count_infection_sequences(n, sick):
    sequences = 1
    for i in range(1, len(sick)):
        gap = sick[i] - sick[i-1] - 1
        sequences = (sequences * gap) % MOD
    return sequences

print(count_infection_sequences(n, sick))"
H28,count-the-number-of-infection-sequences,Hard,P2,meta-llama/llama-3.3-70b-instruct,stdin,lcb-stdin,1,0,0,17.36,want='4' got='',"import sys

MOD = 10**9 + 7

def count_infection_sequences(n, sick):
    """"""Count the number of possible infection sequences.""""""
    # Initialize the count of infection sequences
    count = 1
    
    # Iterate over the intervals between infected children
    for i in range(len(sick) - 1):
        # Calculate the length of the current interval
        interval_length = sick[i + 1] - sick[i] - 1
        
        # If the interval is not empty, update the count
        if interval_length > 0:
            # Calculate the number of ways to infect the children in the current interval
            ways_to_infect = 1
            for j in range(1, interval_length + 1):
                ways_to_infect = (ways_to_infect * (j + 1)) % MOD
            
            # Update the count of infection sequences
            count = (count * ways_to_infect) % MOD
    
    # Check if there are children before the first infected child
    if sick[0] > 0:
        # Calculate the number of ways to infect the children before the first infected child
        ways_to_infect = 1
        for i in range(1, sick[0] + 1):
            ways_to_infect = (ways_to_infect * i) % MOD
        
        # Update the count of infection sequences
        count = (count * ways_to_infect) % MOD
    
    # Check if there are children after the last infected child
    if sick[-1] < n - 1:
        # Calculate the number of ways to infect the children after the last infected child
        ways_to_infect = 1
        for i in range(1, n - sick[-1] + 1):
            ways_to_infect = (ways_to_infect * i) % MOD
        
        # Update the count of infection sequences
        count = (count * ways_to_infect) % MOD
    
    return count

# Read input from stdin
n = int(input())
sick = list(map(int, input().split()))

# Compute the answer
answer = count_infection_sequences(n, sick)

# Print the result to stdout
print(answer)"
H28,count-the-number-of-infection-sequences,Hard,P3,meta-llama/llama-3.3-70b-instruct,stdin,lcb-stdin,1,0,0,6.86,want='4' got='',"import sys

MOD = 10**9 + 7

def count_infection_sequences(n, sick):
    """"""Count the number of possible infection sequences.""""""
    # Initialize the count of infection sequences
    count = 1
    
    # Iterate over the intervals between infected children
    for i in range(len(sick) - 1):
        # Calculate the length of the current interval
        interval_length = sick[i + 1] - sick[i] - 1
        
        # If the interval is not empty, update the count
        if interval_length > 0:
            # Calculate the number of ways to infect the children in the current interval
            ways_to_infect = 1
            for j in range(2, interval_length + 1):
                ways_to_infect = (ways_to_infect * j) % MOD
            
            # Update the count
            count = (count * ways_to_infect) % MOD
    
    # Return the count of infection sequences
    return count

# Read the input
n = int(input())
sick = list(map(int, input().split()))

# Compute the answer
answer = count_infection_sequences(n, sick)

# Print the answer
print(answer)"
H29,maximize-the-number-of-partitions-after-operations,Hard,P1,meta-llama/llama-3.3-70b-instruct,stdin,lcb-stdin,1,0,0,2.31,want='1' got='3',"import sys

def count_partitions(s, k):
    partitions = 0
    while s:
        prefix = ''
        for char in s:
            if len(set(prefix + char)) <= k:
                prefix += char
            else:
                break
        s = s[len(prefix):]
        partitions += 1
    return partitions

s = input()
k = int(input())

max_partitions = 0
for i in range(len(s)):
    for char in 'abcdefghijklmnopqrstuvwxyz':
        new_s = s[:i] + char + s[i+1:]
        max_partitions = max(max_partitions, count_partitions(new_s, k))

max_partitions = max(max_partitions, count_partitions(s, k))

print(max_partitions)"
H29,maximize-the-number-of-partitions-after-operations,Hard,P2,meta-llama/llama-3.3-70b-instruct,stdin,lcb-stdin,1,0,0,4.32,want='1' got='3',"import sys

def count_partitions(s, k):
    partitions = 0
    while s:
        max_len = 0
        for i in range(1, len(s) + 1):
            if len(set(s[:i])) <= k:
                max_len = i
            else:
                break
        s = s[max_len:]
        partitions += 1
    return partitions

s = input()
k = int(input())
max_partitions = 0
for i in range(len(s)):
    for c in 'abcdefghijklmnopqrstuvwxyz':
        new_s = s[:i] + c + s[i+1:]
        max_partitions = max(max_partitions, count_partitions(new_s, k))
max_partitions = max(max_partitions, count_partitions(s, k))
print(max_partitions)"
H29,maximize-the-number-of-partitions-after-operations,Hard,P3,meta-llama/llama-3.3-70b-instruct,stdin,lcb-stdin,1,0,0,4.81,want='1' got='3',"import sys

def count_partitions(s, k):
    count = 0
    while s:
        prefix = ''
        distinct_chars = set()
        for char in s:
            if char not in distinct_chars and len(distinct_chars) < k:
                prefix += char
                distinct_chars.add(char)
            elif char in distinct_chars:
                prefix += char
            else:
                break
        s = s[len(prefix):]
        count += 1
    return count

s = input()
k = int(input())
max_partitions = 0
for i in range(len(s)):
    for char in 'abcdefghijklmnopqrstuvwxyz':
        new_s = s[:i] + char + s[i+1:]
        max_partitions = max(max_partitions, count_partitions(new_s, k))
max_partitions = max(max_partitions, count_partitions(s, k))
print(max_partitions)"
H30,count-the-number-of-powerful-integers,Hard,P1,meta-llama/llama-3.3-70b-instruct,stdin,lcb-stdin,1,0,0,5.99,want='5' got='0',"import sys

start = int(input())
finish = int(input())
limit = int(input())
s = input()

def count_powerful_integers(start, finish, limit, s):
    count = 0
    for i in range(start, finish + 1):
        str_i = str(i)
        if str_i.endswith(s) and all(int(digit) <= limit for digit in str_i):
            count += 1
    return count

print(count_powerful_integers(start, finish, limit, s))"
H30,count-the-number-of-powerful-integers,Hard,P2,meta-llama/llama-3.3-70b-instruct,stdin,lcb-stdin,1,0,0,0.37,want='5' got='0',"import sys

def count_powerful_integers(start, finish, limit, s):
    count = 0
    for i in range(start, finish + 1):
        str_i = str(i)
        if str_i.endswith(s) and all(int(digit) <= limit for digit in str_i):
            count += 1
    return count

start = int(input())
finish = int(input())
limit = int(input())
s = input()

print(count_powerful_integers(start, finish, limit, s))"
H30,count-the-number-of-powerful-integers,Hard,P3,meta-llama/llama-3.3-70b-instruct,stdin,lcb-stdin,1,0,0,3.09,want='5' got='0',"import sys

start = int(input())
finish = int(input())
limit = int(input())
s = input()

def count_powerful_integers(start, finish, limit, s):
    count = 0
    for i in range(start, finish + 1):
        if str(i).endswith(s) and all(int(digit) <= limit for digit in str(i)):
            count += 1
    return count

print(count_powerful_integers(start, finish, limit, s))"
H31,minimize-or-of-remaining-elements-using-operations,Hard,P1,meta-llama/llama-3.3-70b-instruct,stdin,lcb-stdin,1,0,0,11.76,want='3' got='',"import sys

def calculate_or(nums):
    result = 0
    for num in nums:
        result |= num
    return result

def main():
    nums = list(map(int, input().split()))
    k = int(input())
    n = len(nums)
    min_or = float('inf')
    for mask in range(1 << n):
        if bin(mask).count('1') <= k:
            new_nums = []
            i = 0
            while i < n:
                if (mask & (1 << i)) == 0:
                    new_nums.append(nums[i])
                    i += 1
                else:
                    j = i
                    while j < n and (mask & (1 << j))!= 0:
                        j += 1
                    and_result = nums[i]
                    for p in range(i + 1, j):
                        and_result &= nums[p]
                    new_nums.append(and_result)
                    i = j
            min_or = min(min_or, calculate_or(new_nums))
    print(min_or)

if __name__ == ""__main__"":
    main()"
H31,minimize-or-of-remaining-elements-using-operations,Hard,P2,meta-llama/llama-3.3-70b-instruct,stdin,lcb-stdin,1,0,0,6.74,want='3' got='',"import sys

def calculate_or(nums):
    result = 0
    for num in nums:
        result |= num
    return result

def main():
    nums = list(map(int, input().split()))
    k = int(input())
    n = len(nums)
    min_or = float('inf')

    for mask in range(1 << n):
        if bin(mask).count('1') <= k:
            new_nums = []
            i = 0
            while i < n:
                if (mask & (1 << i)) != 0:
                    j = i
                    while j < n and (mask & (1 << j)) != 0:
                        j += 1
                    j -= 1
                    and_result = nums[i]
                    while i <= j:
                        and_result &= nums[i]
                        i += 1
                    new_nums.append(and_result)
                else:
                    new_nums.append(nums[i])
                    i += 1
            min_or = min(min_or, calculate_or(new_nums))

    print(min_or)

if __name__ == ""__main__"":
    main()"
H31,minimize-or-of-remaining-elements-using-operations,Hard,P3,meta-llama/llama-3.3-70b-instruct,stdin,lcb-stdin,1,0,0,12.53,want='3' got='',"import sys

def calculate_or(nums):
    result = 0
    for num in nums:
        result |= num
    return result

def main():
    nums = list(map(int, input().split()))
    k = int(input())
    n = len(nums)
    min_or = float('inf')

    for mask in range(1 << n):
        if bin(mask).count('1') <= k:
            new_nums = []
            i = 0
            while i < n:
                if (mask & (1 << i))!= 0:
                    j = i
                    while j < n and (mask & (1 << j))!= 0:
                        j += 1
                    j -= 1
                    and_result = nums[i]
                    while i <= j:
                        and_result &= nums[i]
                        i += 1
                    new_nums.append(and_result)
                else:
                    new_nums.append(nums[i])
                    i += 1
            min_or = min(min_or, calculate_or(new_nums))

    print(min_or)

if __name__ == ""__main__"":
    main()"
H32,maximize-consecutive-elements-in-an-array-after-modification,Hard,P1,meta-llama/llama-3.3-70b-instruct,stdin,lcb-stdin,1,0,0,2.26,want='3' got='',"import sys

def main():
    nums = list(map(int, input().split(',')))
    nums.sort()
    max_count = 1
    current_count = 1

    for i in range(1, len(nums)):
        if nums[i] - nums[i - 1] <= 1:
            current_count += 1
        else:
            max_count = max(max_count, current_count)
            current_count = 1

    max_count = max(max_count, current_count)
    print(max_count)

if __name__ == ""__main__"":
    main()"
H32,maximize-consecutive-elements-in-an-array-after-modification,Hard,P2,meta-llama/llama-3.3-70b-instruct,stdin,lcb-stdin,1,0,0,7.35,want='3' got='',"import sys

def main():
    nums = list(map(int, input().split()))
    nums.sort()
    max_count = 1
    current_count = 1

    for i in range(1, len(nums)):
        if nums[i] - nums[i - 1] <= 1:
            current_count += 1
        else:
            max_count = max(max_count, current_count)
            current_count = 1

    max_count = max(max_count, current_count)
    print(max_count)

if __name__ == ""__main__"":
    main()"
H32,maximize-consecutive-elements-in-an-array-after-modification,Hard,P3,meta-llama/llama-3.3-70b-instruct,stdin,lcb-stdin,1,0,0,6.34,want='3' got='',"import sys

def main():
    nums = list(map(int, input().split()))
    nums.sort()
    max_count = 1
    current_count = 1

    for i in range(1, len(nums)):
        if nums[i] - nums[i - 1] <= 1:
            current_count += 1
        else:
            max_count = max(max_count, current_count)
            current_count = 1

    max_count = max(max_count, current_count)
    print(max_count)

if __name__ == ""__main__"":
    main()"
H33,Pac,Hard,P1,meta-llama/llama-3.3-70b-instruct,stdin,lcb-stdin,1,0,0,6.33,want='1' got='-1',"import sys
from collections import deque

def main():
    H, W, T = map(int, input().split())
    grid = [list(input()) for _ in range(H)]

    start = None
    goal = None
    candies = []
    for i in range(H):
        for j in range(W):
            if grid[i][j] == 'S':
                start = (i, j)
            elif grid[i][j] == 'G':
                goal = (i, j)
            elif grid[i][j] == 'o':
                candies.append((i, j))

    directions = [(0, 1), (0, -1), (1, 0), (-1, 0)]

    def bfs(start, goal, max_moves, candies):
        queue = deque([(start, 0, 0)])
        visited = set([start])
        max_candies = 0

        while queue:
            (x, y), moves, candies_collected = queue.popleft()

            if (x, y) == goal and moves <= max_moves:
                max_candies = max(max_candies, candies_collected)

            if moves >= max_moves:
                continue

            for dx, dy in directions:
                nx, ny = x + dx, y + dy

                if (0 <= nx < H and 0 <= ny < W and grid[nx][ny] != '#' and (nx, ny) not in visited):
                    new_candies_collected = candies_collected + (1 if (nx, ny) in candies else 0)
                    queue.append(((nx, ny), moves + 1, new_candies_collected))
                    visited.add((nx, ny))

        return max_candies

    max_candies = bfs(start, goal, T, candies)

    if max_candies == 0 and start != goal:
        print(-1)
    else:
        print(max_candies)

if __name__ == ""__main__"":
    main()"
H33,Pac,Hard,P2,meta-llama/llama-3.3-70b-instruct,stdin,lcb-stdin,1,0,0,16.78,want='1' got='-1',"from collections import deque
import sys

def read_input():
    H, W, T = map(int, input().split())
    grid = [list(input().strip()) for _ in range(H)]
    return H, W, T, grid

def find_start(grid):
    for i in range(len(grid)):
        for j in range(len(grid[0])):
            if grid[i][j] == 'S':
                return i, j

def find_goal(grid):
    for i in range(len(grid)):
        for j in range(len(grid[0])):
            if grid[i][j] == 'G':
                return i, j

def find_candies(grid):
    candies = []
    for i in range(len(grid)):
        for j in range(len(grid[0])):
            if grid[i][j] == 'o':
                candies.append((i, j))
    return candies

def bfs(grid, start, goal, candies, T):
    queue = deque([(start, 0, 0)])
    visited = set([start])
    max_candies = 0
    while queue:
        (x, y), moves, candy_count = queue.popleft()
        if (x, y) == goal:
            max_candies = max(max_candies, candy_count)
        if moves >= T:
            continue
        for dx, dy in [(-1, 0), (1, 0), (0, -1), (0, 1)]:
            nx, ny = x + dx, y + dy
            if (0 <= nx < len(grid) and 0 <= ny < len(grid[0]) and
                    grid[nx][ny] != '#' and (nx, ny) not in visited):
                new_candy_count = candy_count + (grid[nx][ny] == 'o')
                queue.append(((nx, ny), moves + 1, new_candy_count))
                visited.add((nx, ny))
    return max_candies

def main():
    H, W, T, grid = read_input()
    start = find_start(grid)
    goal = find_goal(grid)
    candies = find_candies(grid)
    max_candies = bfs(grid, start, goal, candies, T)
    if max_candies == 0 and start != goal:
        print(-1)
    else:
        print(max_candies)

if __name__ == '__main__':
    main()"
H33,Pac,Hard,P3,meta-llama/llama-3.3-70b-instruct,stdin,lcb-stdin,1,0,0,16.46,want='1' got='-1',"import sys
from collections import deque

def main():
    H, W, T = map(int, input().split())
    grid = [list(input().strip()) for _ in range(H)]

    start = None
    goal = None
    candies = []
    for i in range(H):
        for j in range(W):
            if grid[i][j] == 'S':
                start = (i, j)
            elif grid[i][j] == 'G':
                goal = (i, j)
            elif grid[i][j] == 'o':
                candies.append((i, j))

    directions = [(0, 1), (0, -1), (1, 0), (-1, 0)]

    def bfs(start, goal, candies, T):
        queue = deque([(start, 0, 0)])
        visited = set([start])
        max_candies = 0

        while queue:
            (x, y), moves, candy_count = queue.popleft()

            if (x, y) == goal:
                max_candies = max(max_candies, candy_count)

            if moves >= T:
                continue

            for dx, dy in directions:
                nx, ny = x + dx, y + dy

                if (0 <= nx < H and 0 <= ny < W and
                        grid[nx][ny]!= '#' and (nx, ny) not in visited):
                    new_candy_count = candy_count + (grid[nx][ny] == 'o')
                    queue.append(((nx, ny), moves + 1, new_candy_count))
                    visited.add((nx, ny))

        return max_candies

    max_candies = bfs(start, goal, candies, T)

    if max_candies == 0 and start!= goal:
        print(-1)
    else:
        print(max_candies)

if __name__ == ""__main__"":
    main()"
H34,Anti,Hard,P1,meta-llama/llama-3.3-70b-instruct,stdin,lcb-stdin,1,0,0,4.38,want='676' got='2704',"MOD = 998244353

def count_no_ddos(s):
    n = len(s)
    dp = [0] * 4
    dp[0] = 1

    for c in s:
        new_dp = [0] * 4
        if c == '?':
            new_dp[0] = (dp[0] * 52) % MOD
            new_dp[1] = (dp[0] * 26) % MOD
            new_dp[2] = (dp[1] * 26) % MOD
            new_dp[3] = (dp[2] * 26 + dp[3] * 26) % MOD
        elif c.isupper():
            new_dp[0] = dp[0]
            new_dp[1] = dp[0]
            new_dp[2] = dp[1]
            new_dp[3] = dp[2] + dp[3]
        else:
            new_dp[0] = dp[0]
            new_dp[1] = 0
            new_dp[2] = dp[1]
            new_dp[3] = 0
        dp = new_dp

    return dp[0]

s = input()
print(count_no_ddos(s))"
H34,Anti,Hard,P2,meta-llama/llama-3.3-70b-instruct,stdin,lcb-stdin,1,0,0,37.73,want='676' got='3',"import sys

MOD = 998244353

def count_no_ddos(s):
    n = len(s)
    dp = [0] * (n + 1)
    dp[0] = 1

    for i in range(1, n + 1):
        if s[i - 1] == '?':
            dp[i] = (2 * dp[i - 1]) % MOD
        elif s[i - 1].isupper():
            dp[i] = dp[i - 1]
        else:
            dp[i] = dp[i - 1]

        if i >= 4:
            if s[i - 1].islower() and s[i - 2].isupper() and s[i - 3].isupper() and s[i - 4].isupper() and s[i - 2] == s[i - 4]:
                dp[i] = (dp[i] - dp[i - 4] + MOD) % MOD
            if s[i - 1] == '?' and s[i - 2].isupper() and s[i - 3].isupper() and s[i - 4].isupper() and s[i - 2] == s[i - 4]:
                dp[i] = (dp[i] - dp[i - 4] + MOD) % MOD
            if s[i - 1].islower() and s[i - 2] == '?' and s[i - 3].isupper() and s[i - 4].isupper() and s[i - 3] == s[i - 4]:
                dp[i] = (dp[i] - dp[i - 4] + MOD) % MOD
            if s[i - 1].islower() and s[i - 2].isupper() and s[i - 3] == '?' and s[i - 4].isupper() and s[i - 2] == s[i - 4]:
                dp[i] = (dp[i] - dp[i - 4] + MOD) % MOD
            if s[i - 1].islower() and s[i - 2].isupper() and s[i - 3].isupper() and s[i - 4] == '?' and s[i - 2] == s[i - 3]:
                dp[i] = (dp[i] - dp[i - 4] + MOD) % MOD
            if s[i - 1] == '?' and s[i - 2] == '?' and s[i - 3].isupper() and s[i - 4].isupper() and s[i - 3] == s[i - 4]:
                dp[i] = (dp[i] - dp[i - 4] + MOD) % MOD
            if s[i - 1] == '?' and s[i - 2].isupper() and s[i - 3] == '?' and s[i - 4].isupper() and s[i - 2] == s[i - 4]:
                dp[i] = (dp[i] - dp[i - 4] + MOD) % MOD
            if s[i - 1] == '?' and s[i - 2].isupper() and s[i - 3].isupper() and s[i - 4] == '?' and s[i - 2] == s[i - 3]:
                dp[i] = (dp[i] - dp[i - 4] + MOD) % MOD
            if s[i - 1] == '?' and s[i - 2] == '?' and s[i - 3] == '?' and s[i - 4].isupper():
                dp[i] = (dp[i] - dp[i - 4] + MOD) % MOD
            if s[i - 1] == '?' and s[i - 2] == '?' and s[i - 3].isupper() and s[i - 4] == '?':
                dp[i] = (dp[i] - dp[i - 4] + MOD) % MOD
            if s[i - 1] == '?' and s[i - 2].isupper() and s[i - 3] == '?' and s[i - 4] == '?':
                dp[i] = (dp[i] - dp[i - 4] + MOD) % MOD
            if s[i - 1] == '?' and s[i - 2] == '?' and s[i - 3] == '?' and s[i - 4] == '?':
                dp[i] = (dp[i] - dp[i - 4] + MOD) % MOD

    return dp[n]

s = input()
print(count_no_ddos(s))"
H34,Anti,Hard,P3,meta-llama/llama-3.3-70b-instruct,stdin,lcb-stdin,1,0,0,20.02,want='676' got='2704',"import sys

MOD = 998244353

def count_ddos(s):
    n = len(s)
    dp = [[0] * 4 for _ in range(n + 1)]
    dp[0][0] = 1

    for i in range(1, n + 1):
        if s[i - 1] == '?':
            dp[i][0] = (dp[i - 1][0] * 52) % MOD
            dp[i][1] = (dp[i - 1][1] * 52) % MOD
            dp[i][2] = (dp[i - 1][2] * 52) % MOD
            dp[i][3] = (dp[i - 1][3] * 52) % MOD
            if i >= 2 and dp[i - 2][1]!= 0:
                dp[i][2] = (dp[i][2] + dp[i - 2][1] * 26) % MOD
            if i >= 3 and dp[i - 3][2]!= 0:
                dp[i][3] = (dp[i][3] + dp[i - 3][2] * 26) % MOD
        elif s[i - 1].isupper():
            dp[i][0] = dp[i - 1][0]
            dp[i][1] = dp[i - 1][0]
            if i >= 2 and dp[i - 2][1]!= 0:
                dp[i][2] = (dp[i - 2][1]) % MOD
            if i >= 3 and dp[i - 3][2]!= 0:
                dp[i][3] = (dp[i - 3][2]) % MOD
        else:
            dp[i][0] = dp[i - 1][0]
            if i >= 1 and dp[i - 1][1]!= 0:
                dp[i][1] = (dp[i - 1][1]) % MOD
            if i >= 2 and dp[i - 2][2]!= 0:
                dp[i][2] = (dp[i - 2][2]) % MOD

    return dp[n][0]

s = input()
print(count_ddos(s))"
H35,Isolation,Hard,P1,meta-llama/llama-3.3-70b-instruct,stdin,lcb-stdin,1,1,1,6.95,,
H35,Isolation,Hard,P2,meta-llama/llama-3.3-70b-instruct,stdin,lcb-stdin,1,1,1,4.91,,
H35,Isolation,Hard,P3,meta-llama/llama-3.3-70b-instruct,stdin,lcb-stdin,1,1,1,10.94,,
H36,Merge Set,Hard,P1,meta-llama/llama-3.3-70b-instruct,stdin,lcb-stdin,1,1,1,7.6,,
H36,Merge Set,Hard,P2,meta-llama/llama-3.3-70b-instruct,stdin,lcb-stdin,1,1,1,6.68,,
H36,Merge Set,Hard,P3,meta-llama/llama-3.3-70b-instruct,stdin,lcb-stdin,1,1,1,2.22,,
H37,A Gift From the Stars,Hard,P1,meta-llama/llama-3.3-70b-instruct,stdin,lcb-stdin,1,0,0,5.81,want='2 2' got='',"import sys
from collections import defaultdict

def main():
    N = int(input())
    edges = []
    for _ in range(N-1):
        u, v = map(int, input().split())
        edges.append((u, v))

    graph = defaultdict(list)
    for u, v in edges:
        graph[u].append(v)
        graph[v].append(u)

    leaves = [node for node in graph if len(graph[node]) == 1]

    levels = []
    while leaves:
        new_leaves = []
        for leaf in leaves:
            parent = graph[leaf][0]
            graph[parent].remove(leaf)
            if len(graph[parent]) == 1:
                new_leaves.append(parent)
            levels.append(len(graph[leaf]) + 1)
        leaves = new_leaves

    print(' '.join(map(str, sorted(levels))))

if __name__ == ""__main__"":
    main()"
H37,A Gift From the Stars,Hard,P2,meta-llama/llama-3.3-70b-instruct,stdin,lcb-stdin,1,0,0,8.09,want='2 2' got='',"import sys
from collections import defaultdict

def main():
    N = int(input())
    edges = []
    for _ in range(N - 1):
        u, v = map(int, input().split())
        edges.append((u, v))

    graph = defaultdict(list)
    for u, v in edges:
        graph[u].append(v)
        graph[v].append(u)

    leaves = [node for node in graph if len(graph[node]) == 1]
    levels = []

    while leaves:
        new_leaves = []
        for leaf in leaves:
            parent = graph[leaf][0]
            graph[parent].remove(leaf)
            if len(graph[parent]) == 1:
                new_leaves.append(parent)
                levels.append(len(graph[leaf]) + 1)
        leaves = new_leaves

    levels.sort()
    print(' '.join(map(str, levels)))

if __name__ == '__main__':
    main()"
H37,A Gift From the Stars,Hard,P3,meta-llama/llama-3.3-70b-instruct,stdin,lcb-stdin,1,0,0,10.14,want='2 2' got='',"import sys
from collections import defaultdict

def main():
    N = int(input())
    edges = []
    for _ in range(N - 1):
        u, v = map(int, input().split())
        edges.append((u, v))

    graph = defaultdict(list)
    for u, v in edges:
        graph[u].append(v)
        graph[v].append(u)

    leaves = [node for node in graph if len(graph[node]) == 1]

    levels = []
    while leaves:
        new_leaves = []
        for leaf in leaves:
            parent = graph[leaf][0]
            graph[parent].remove(leaf)
            if len(graph[parent]) == 1:
                new_leaves.append(parent)
            graph.pop(leaf, None)
        if new_leaves:
            levels.append(len(new_leaves))
        leaves = new_leaves

    print(' '.join(map(str, sorted(levels))))

if __name__ == '__main__':
    main()"
H38,Good Graph,Hard,P1,meta-llama/llama-3.3-70b-instruct,stdin,lcb-stdin,1,1,1,9.2,,
H38,Good Graph,Hard,P2,meta-llama/llama-3.3-70b-instruct,stdin,lcb-stdin,1,1,1,12.28,,
H38,Good Graph,Hard,P3,meta-llama/llama-3.3-70b-instruct,stdin,lcb-stdin,1,1,1,43.2,,
H39,Sleep Log,Hard,P1,meta-llama/llama-3.3-70b-instruct,stdin,lcb-stdin,1,0,0,15.22,"want='480
0
960' got='960
480
1200'","import sys

def main():
    n = int(input())
    a = list(map(int, input().split()))
    q = int(input())

    for _ in range(q):
        l, r = map(int, input().split())
        total_sleep_time = 0

        for i in range((n - 1) // 2):
            sleep_start = a[2 * i]
            sleep_end = a[2 * i + 1]

            if sleep_start <= l and sleep_end >= r:
                total_sleep_time += r - l
            elif sleep_start <= l and sleep_end >= l and sleep_end <= r:
                total_sleep_time += sleep_end - l
            elif sleep_start >= l and sleep_start <= r and sleep_end >= r:
                total_sleep_time += r - sleep_start
            elif sleep_start >= l and sleep_end <= r:
                total_sleep_time += sleep_end - sleep_start

        print(total_sleep_time)

if __name__ == ""__main__"":
    main()"
H39,Sleep Log,Hard,P2,meta-llama/llama-3.3-70b-instruct,stdin,lcb-stdin,1,0,0,7.95,"want='480
0
960' got='960
480
1200'","import sys

def calculate_sleep_time(A, l, r):
    total_sleep_time = 0
    for i in range((len(A) - 1) // 2):
        sleep_start = A[2 * i]
        sleep_end = A[2 * i + 1]
        if l <= sleep_start and sleep_end <= r:
            total_sleep_time += sleep_end - sleep_start
        elif l < sleep_end and sleep_start < r:
            total_sleep_time += min(sleep_end, r) - max(sleep_start, l)
    return total_sleep_time

N = int(input())
A = list(map(int, input().split()))
Q = int(input())
for _ in range(Q):
    l, r = map(int, input().split())
    print(calculate_sleep_time(A, l, r))"
H39,Sleep Log,Hard,P3,meta-llama/llama-3.3-70b-instruct,stdin,lcb-stdin,1,0,0,4.83,"want='480
0
960' got='960
480
1200'","import sys

def main():
    n = int(input())
    a = list(map(int, input().split()))
    q = int(input())
    queries = [list(map(int, input().split())) for _ in range(q)]

    for l, r in queries:
        total_sleep_time = 0
        for i in range((n - 1) // 2):
            sleep_start = a[2 * i]
            sleep_end = a[2 * i + 1]
            if sleep_start < r and sleep_end > l:
                start = max(sleep_start, l)
                end = min(sleep_end, r)
                total_sleep_time += end - start
        print(total_sleep_time)

if __name__ == ""__main__"":
    main()"
H40,Art Gallery on Graph,Hard,P1,meta-llama/llama-3.3-70b-instruct,stdin,lcb-stdin,1,0,0,6.43,"want='4
1 2 3 5' got='5
1 2 3 4 5'","import sys
from collections import deque

def bfs(graph, start, max_distance):
    visited = set()
    queue = deque([(start, 0)])
    visited.add(start)

    while queue:
        vertex, distance = queue.popleft()
        if distance > max_distance:
            continue

        for neighbor in graph[vertex]:
            if neighbor not in visited:
                visited.add(neighbor)
                queue.append((neighbor, distance + 1))

    return visited

def main():
    N, M, K = map(int, input().split())
    graph = {i: [] for i in range(1, N + 1)}

    for _ in range(M):
        a, b = map(int, input().split())
        graph[a].append(b)
        graph[b].append(a)

    guards = []
    for _ in range(K):
        p, h = map(int, input().split())
        guards.append((p, h))

    guarded_vertices = set()
    for p, h in guards:
        guarded_vertices.update(bfs(graph, p, h))

    print(len(guarded_vertices))
    print(' '.join(map(str, sorted(guarded_vertices))))

if __name__ == ""__main__"":
    main()"
H40,Art Gallery on Graph,Hard,P2,meta-llama/llama-3.3-70b-instruct,stdin,lcb-stdin,1,0,0,5.31,"want='4
1 2 3 5' got='5
1 2 3 4 5'","import sys
from collections import deque

def bfs(graph, start, max_distance):
    """"""Perform BFS traversal from the start vertex up to max_distance.""""""
    visited = set()
    queue = deque([(start, 0)])
    visited.add(start)

    while queue:
        vertex, distance = queue.popleft()
        if distance > max_distance:
            break

        for neighbor in graph[vertex]:
            if neighbor not in visited:
                visited.add(neighbor)
                queue.append((neighbor, distance + 1))

    return visited

def main():
    """"""Read input, compute the answer, and print the result.""""""
    N, M, K = map(int, input().split())
    graph = [[] for _ in range(N + 1)]

    # Read edges and build the graph
    for _ in range(M):
        a, b = map(int, input().split())
        graph[a].append(b)
        graph[b].append(a)

    # Read guards and their stamina
    guards = []
    for _ in range(K):
        p, h = map(int, input().split())
        guards.append((p, h))

    # Perform BFS traversal for each guard
    guarded_vertices = set()
    for p, h in guards:
        visited = bfs(graph, p, h)
        guarded_vertices.update(visited)

    # Print the result
    print(len(guarded_vertices))
    print(' '.join(map(str, sorted(guarded_vertices))))

if __name__ == '__main__':
    main()"
H40,Art Gallery on Graph,Hard,P3,meta-llama/llama-3.3-70b-instruct,stdin,lcb-stdin,1,0,0,10.67,"want='4
1 2 3 5' got='5
1 2 3 4 5'","import sys
from collections import deque

def bfs(graph, start, max_distance):
    visited = set()
    queue = deque([(start, 0)])
    visited.add(start)

    while queue:
        vertex, distance = queue.popleft()
        if distance > max_distance:
            continue

        for neighbor in graph[vertex]:
            if neighbor not in visited:
                visited.add(neighbor)
                queue.append((neighbor, distance + 1))

    return visited

def main():
    N, M, K = map(int, input().split())
    graph = {i: [] for i in range(1, N + 1)}

    for _ in range(M):
        a, b = map(int, input().split())
        graph[a].append(b)
        graph[b].append(a)

    guards = []
    for _ in range(K):
        p, h = map(int, input().split())
        guards.append((p, h))

    guarded_vertices = set()
    for p, h in guards:
        guarded_vertices.update(bfs(graph, p, h))

    print(len(guarded_vertices))
    print(' '.join(map(str, sorted(guarded_vertices))))

if __name__ == ""__main__"":
    main()"
H41,Best Performances,Hard,P1,meta-llama/llama-3.3-70b-instruct,stdin,lcb-stdin,1,1,1,2.3,,
H41,Best Performances,Hard,P2,meta-llama/llama-3.3-70b-instruct,stdin,lcb-stdin,1,1,1,10.68,,
H41,Best Performances,Hard,P3,meta-llama/llama-3.3-70b-instruct,stdin,lcb-stdin,1,1,1,5.66,,
H42,Distinct Adjacent,Hard,P1,meta-llama/llama-3.3-70b-instruct,stdin,lcb-stdin,1,0,0,5.08,want='6' got='15',"MOD = 998244353

def power(a, b):
    res = 1
    while b > 0:
        if b & 1:
            res = (res * a) % MOD
        a = (a * a) % MOD
        b >>= 1
    return res

def inverse(a):
    return power(a, MOD - 2)

N, M = map(int, input().split())

if M == 1:
    print(0)
    exit()

dp = [0] * (N + 1)
dp[1] = M
dp[2] = M * (M - 1)

for i in range(3, N + 1):
    dp[i] = (dp[i - 1] * (M - 1) - dp[i - 2]) % MOD

print((dp[N] + dp[N - 1]) % MOD)"
H42,Distinct Adjacent,Hard,P2,meta-llama/llama-3.3-70b-instruct,stdin,lcb-stdin,1,0,0,6.54,want='6' got='14',"MOD = 998244353

def pow_mod(a, b):
    res = 1
    while b > 0:
        if b & 1:
            res = (res * a) % MOD
        a = (a * a) % MOD
        b >>= 1
    return res

def inv_mod(a):
    return pow_mod(a, MOD - 2)

N, M = map(int, input().split())

if N == 2:
    print(M * (M - 1) % MOD)
else:
    a = [0] * (N + 1)
    b = [0] * (N + 1)
    a[1] = M
    b[1] = M - 1
    for i in range(2, N):
        a[i] = (a[i - 1] * (M - 1)) % MOD
        b[i] = (b[i - 1] * (M - 1)) % MOD
    print((a[N - 1] * M + (M - 1) * (b[N - 1] - a[N - 1] + MOD)) % MOD)"
H42,Distinct Adjacent,Hard,P3,meta-llama/llama-3.3-70b-instruct,stdin,lcb-stdin,1,0,0,3.81,want='6' got='9',"MOD = 998244353

N, M = map(int, input().split())

if M == 1:
    print(0)
    exit()

dp = [0] * (N + 1)
dp[1] = M
dp[2] = M * (M - 1)

for i in range(3, N + 1):
    dp[i] = (dp[i - 1] * (M - 1) - dp[i - 2] * (M - 2)) % MOD

if dp[N] < 0:
    dp[N] += MOD

print(dp[N])"
H43,MEX,Hard,P1,meta-llama/llama-3.3-70b-instruct,stdin,lcb-stdin,1,1,1,4.74,,
H43,MEX,Hard,P2,meta-llama/llama-3.3-70b-instruct,stdin,lcb-stdin,1,0,0,6.59,want='3' got='',"import sys

def mex(a, b, c):
    """"""Calculate the minimum non-negative integer that equals neither a, b, nor c.""""""
    for i in range(3):
        if i not in (a, b, c):
            return i

def main():
    """"""Read input, compute the answer, and print the result.""""""
    n = int(input())
    a = list(map(int, input().split()))
    s = input()

    total = 0
    for i in range(n):
        for j in range(i + 1, n):
            for k in range(j + 1, n):
                if s[i] + s[j] + s[k] == 'MEX':
                    total += mex(a[i], a[j], a[k])

    print(total)

if __name__ == ""__main__"":
    main()"
H43,MEX,Hard,P3,meta-llama/llama-3.3-70b-instruct,stdin,lcb-stdin,1,0,0,4.7,want='3' got='',"import sys

def mex(a, b, c):
    """"""Calculate the minimum non-negative integer that equals neither a, b, nor c.""""""
    for i in range(3):
        if i not in [a, b, c]:
            return i

def main():
    """"""Read input, compute the answer, and print the result.""""""
    n = int(input())
    a = list(map(int, input().split()))
    s = input()

    total = 0
    for i in range(n):
        for j in range(i + 1, n):
            for k in range(j + 1, n):
                if s[i] + s[j] + s[k] == 'MEX':
                    total += mex(a[i], a[j], a[k])

    print(total)

if __name__ == ""__main__"":
    main()"
H44,Vouchers,Hard,P1,meta-llama/llama-3.3-70b-instruct,stdin,lcb-stdin,1,0,0,11.52,want='37' got='38',"import sys

def main():
    N, M = map(int, input().split())
    P = list(map(int, input().split()))
    L = list(map(int, input().split()))
    D = list(map(int, input().split()))

    P.sort(reverse=True)
    D = [(-D[i], L[i]) for i in range(M)]
    D.sort()

    ans = 0
    used = [False] * M
    for i in range(N):
        for j in range(M):
            if not used[j] and P[i] >= D[j][1]:
                ans += P[i] + D[j][0]
                used[j] = True
                break
        else:
            ans += P[i]

    print(ans)

if __name__ == ""__main__"":
    main()"
H44,Vouchers,Hard,P2,meta-llama/llama-3.3-70b-instruct,stdin,lcb-stdin,1,0,0,9.44,want='4' got='5',"import sys

def main():
    N, M = map(int, input().split())
    P = list(map(int, input().split()))
    L = list(map(int, input().split()))
    D = list(map(int, input().split()))

    P.sort(reverse=True)
    coupons = sorted(zip(L, D), key=lambda x: x[1], reverse=True)

    total_cost = 0
    used_coupons = 0

    for i, p in enumerate(P):
        if used_coupons < M and coupons[used_coupons][0] <= p:
            total_cost += p - coupons[used_coupons][1]
            used_coupons += 1
        else:
            total_cost += p

    print(total_cost)

if __name__ == ""__main__"":
    main()"
H44,Vouchers,Hard,P3,meta-llama/llama-3.3-70b-instruct,stdin,lcb-stdin,1,0,0,11.31,want='4' got='5',"import sys

# Read input
N, M = map(int, input().split())
P = list(map(int, input().split()))
L = list(map(int, input().split()))
D = list(map(int, input().split()))

# Sort items and coupons in descending order
P.sort(reverse=True)
coupons = sorted(zip(L, D), key=lambda x: x[1], reverse=True)

# Initialize total cost and used coupons
total_cost = 0
used_coupons = 0

# Iterate over items
for i, p in enumerate(P):
    # Check if there are available coupons
    if used_coupons < M:
        # Check if the current coupon can be used for the current item
        if coupons[used_coupons][0] <= p:
            # Use the coupon and update the total cost
            total_cost += p - coupons[used_coupons][1]
            used_coupons += 1
        else:
            # Don't use the coupon and update the total cost
            total_cost += p
    else:
        # No more coupons available, pay the regular price
        total_cost += p

# Print the minimum possible total amount of money required
print(total_cost)"
H45,Family and Insurance,Hard,P1,meta-llama/llama-3.3-70b-instruct,stdin,lcb-stdin,1,0,0,5.15,want='4' got='',"import sys

def read_ints():
    return map(int, sys.stdin.readline().split())

def read_int():
    return int(sys.stdin.readline())

N, M = read_ints()
p = [0] + list(read_ints())
x, y = [], []
for _ in range(M):
    xi, yi = read_ints()
    x.append(xi)
    y.append(yi)

covered = set()
for i in range(M):
    stack = [(x[i], 0)]
    while stack:
        person, gen = stack.pop()
        if person not in covered:
            covered.add(person)
        if gen < y[i]:
            for j in range(1, N+1):
                if p[j] == person:
                    stack.append((j, gen+1))

print(len(covered))"
H45,Family and Insurance,Hard,P2,meta-llama/llama-3.3-70b-instruct,stdin,lcb-stdin,1,0,0,6.13,want='4' got='3',"import sys

def read_ints():
    return list(map(int, input().split()))

N, M = read_ints()
p = [0] + [0] + read_ints()
x, y = [], []
for _ in range(M):
    xi, yi = read_ints()
    x.append(xi)
    y.append(yi)

covered = set()
for i in range(M):
    stack = [(x[i], 0)]
    while stack:
        person, gen = stack.pop()
        if person not in covered and gen <= y[i]:
            covered.add(person)
            if person <= N:
                if p[person] != 0:
                    stack.append((p[person], gen + 1))
                if person + 1 <= N and p[person + 1] == person:
                    stack.append((person + 1, gen + 1))
                if person + 2 <= N and p[person + 2] == person:
                    stack.append((person + 2, gen + 1))

print(len(covered))"
H45,Family and Insurance,Hard,P3,meta-llama/llama-3.3-70b-instruct,stdin,lcb-stdin,1,0,0,5.7,want='4' got='3',"import sys

def read_ints():
    return list(map(int, sys.stdin.readline().split()))

def read_int():
    return int(sys.stdin.readline())

N, M = read_ints()
p = [0] + [0] + read_ints()
x, y = [], []
for _ in range(M):
    xi, yi = read_ints()
    x.append(xi)
    y.append(yi)

covered = set()
for i in range(M):
    stack = [(x[i], 0)]
    while stack:
        person, generation = stack.pop()
        if person not in covered:
            covered.add(person)
        if generation < y[i]:
            stack.append((p[person], generation + 1))

print(len(covered))"
H46,NAND repeatedly,Hard,P1,meta-llama/llama-3.3-70b-instruct,stdin,lcb-stdin,1,1,1,2.02,,
H46,NAND repeatedly,Hard,P2,meta-llama/llama-3.3-70b-instruct,stdin,lcb-stdin,1,1,1,2.26,,
H46,NAND repeatedly,Hard,P3,meta-llama/llama-3.3-70b-instruct,stdin,lcb-stdin,1,1,1,7.74,,
H47,Make 10 Again,Hard,P1,meta-llama/llama-3.3-70b-instruct,stdin,lcb-stdin,1,0,0,16.86,want='942786334' got='784334850',"import sys
from itertools import product

MOD = 998244353

def mod_inverse(a, m):
    def extended_gcd(a, b):
        if a == 0:
            return b, 0, 1
        else:
            gcd, x, y = extended_gcd(b % a, a)
            return gcd, y - (b // a) * x, x

    gcd, x, _ = extended_gcd(a, m)
    if gcd != 1:
        return None
    else:
        return x % m

def main():
    N = int(input())
    A = list(map(int, input().split()))

    total_outcomes = 1
    for a in A:
        total_outcomes = (total_outcomes * a) % MOD

    successful_outcomes = 0
    for p in product(*[range(a + 1) for a in A]):
        for mask in range(1 << N):
            subset_sum = sum([p[i] for i in range(N) if (mask & (1 << i))])
            if subset_sum == 10:
                successful_outcomes += 1
                break

    successful_outcomes %= MOD
    probability = (successful_outcomes * mod_inverse(total_outcomes, MOD)) % MOD
    print(probability)

if __name__ == ""__main__"":
    main()"
H47,Make 10 Again,Hard,P2,meta-llama/llama-3.3-70b-instruct,stdin,lcb-stdin,1,0,0,6.54,want='942786334' got='823947720',"import sys
from itertools import product

MOD = 998244353

def mod_inverse(a, m):
    def extended_gcd(a, b):
        if a == 0:
            return b, 0, 1
        else:
            gcd, x, y = extended_gcd(b % a, a)
            return gcd, y - (b // a) * x, x

    gcd, x, _ = extended_gcd(a, m)
    if gcd != 1:
        raise ValueError('Modular inverse does not exist')
    return x % m

N = int(input())
A = list(map(int, input().split()))

total_outcomes = 1
for a in A:
    total_outcomes = (total_outcomes * a) % MOD

favorable_outcomes = 0
for mask in range(1 << N):
    sum_of_results = 0
    for i in range(N):
        if (mask & (1 << i)) != 0:
            sum_of_results += A[i]
    if sum_of_results >= 10:
        favorable_outcomes += 1

probability = (favorable_outcomes * mod_inverse(total_outcomes, MOD)) % MOD
print(probability)"
H47,Make 10 Again,Hard,P3,meta-llama/llama-3.3-70b-instruct,stdin,lcb-stdin,1,0,0,7.07,want='942786334' got='784334850',"import sys
from itertools import product

MOD = 998244353

def mod_inverse(a, m):
    def extended_gcd(a, b):
        if a == 0:
            return b, 0, 1
        else:
            gcd, x, y = extended_gcd(b % a, a)
            return gcd, y - (b // a) * x, x

    gcd, x, _ = extended_gcd(a, m)
    if gcd != 1:
        return None
    else:
        return x % m

def main():
    N = int(input())
    A = list(map(int, input().split()))

    total_outcomes = 1
    for a in A:
        total_outcomes = (total_outcomes * a) % MOD

    successful_outcomes = 0
    for p in product(*[range(a + 1) for a in A]):
        for mask in range(1 << N):
            subset_sum = sum([p[i] for i in range(N) if (mask & (1 << i))])
            if subset_sum == 10:
                successful_outcomes += 1
                break

    successful_outcomes %= MOD
    probability = (successful_outcomes * mod_inverse(total_outcomes, MOD)) % MOD
    print(probability)

if __name__ == ""__main__"":
    main()"
H48,Defect,Hard,P1,meta-llama/llama-3.3-70b-instruct,stdin,lcb-stdin,1,1,1,11.24,,
H48,Defect,Hard,P2,meta-llama/llama-3.3-70b-instruct,stdin,lcb-stdin,1,1,1,7.38,,
H48,Defect,Hard,P3,meta-llama/llama-3.3-70b-instruct,stdin,lcb-stdin,1,1,1,57179.62,,
H49,Tangency of Cuboids,Hard,P1,meta-llama/llama-3.3-70b-instruct,stdin,lcb-stdin,1,0,0,23.06,"want='1
1
0
0' got='0
0
0
0'","import sys

def read_input():
    lines = sys.stdin.readlines()
    N = int(lines[0].strip())
    cuboids = []
    for i in range(1, N + 1):
        x1, y1, z1, x2, y2, z2 = map(int, lines[i].strip().split())
        cuboids.append((x1, y1, z1, x2, y2, z2))
    return N, cuboids

def count_shared_faces(N, cuboids):
    counts = [0] * N
    for i in range(N):
        for j in range(N):
            if i != j:
                x1, y1, z1, x2, y2, z2 = cuboids[i]
                x3, y3, z3, x4, y4, z4 = cuboids[j]
                if (x1 == x3 and x2 == x4) or (x1 == x4 and x2 == x3):
                    if (y1 == y3 and y2 == y4) or (y1 == y4 and y2 == y3):
                        if z1 == z2 and z3 == z4 and (z1 == z3 or z1 == z4 or z2 == z3 or z2 == z4):
                            counts[i] += 1
                    elif (z1 == z3 and z2 == z4) or (z1 == z4 and z2 == z3):
                        if y1 == y2 and y3 == y4 and (y1 == y3 or y1 == y4 or y2 == y3 or y2 == y4):
                            counts[i] += 1
                elif (y1 == y3 and y2 == y4) or (y1 == y4 and y2 == y3):
                    if (z1 == z3 and z2 == z4) or (z1 == z4 and z2 == z3):
                        if x1 == x2 and x3 == x4 and (x1 == x3 or x1 == x4 or x2 == x3 or x2 == x4):
                            counts[i] += 1
                    elif (x1 == x3 and x2 == x4) or (x1 == x4 and x2 == x3):
                        if z1 == z2 and z3 == z4 and (z1 == z3 or z1 == z4 or z2 == z3 or z2 == z4):
                            counts[i] += 1
                elif (z1 == z3 and z2 == z4) or (z1 == z4 and z2 == z3):
                    if (x1 == x3 and x2 == x4) or (x1 == x4 and x2 == x3):
                        if y1 == y2 and y3 == y4 and (y1 == y3 or y1 == y4 or y2 == y3 or y2 == y4):
                            counts[i] += 1
    return counts

def main():
    N, cuboids = read_input()
    counts = count_shared_faces(N, cuboids)
    for count in counts:
        print(count)

if __name__ == ""__main__"":
    main()"
H49,Tangency of Cuboids,Hard,P2,meta-llama/llama-3.3-70b-instruct,stdin,lcb-stdin,1,0,0,12.96,"want='1
1
0
0' got='0
0
0
0'","import sys

def read_input():
    lines = sys.stdin.readlines()
    N = int(lines[0].strip())
    cuboids = []
    for i in range(1, N + 1):
        x1, y1, z1, x2, y2, z2 = map(int, lines[i].strip().split())
        cuboids.append((x1, y1, z1, x2, y2, z2))
    return N, cuboids

def count_tangencies(N, cuboids):
    tangencies = [0] * N
    for i in range(N):
        for j in range(N):
            if i != j:
                x1, y1, z1, x2, y2, z2 = cuboids[i]
                x3, y3, z3, x4, y4, z4 = cuboids[j]
                if (x1 == x3 and x2 == x4) or (x1 == x4 and x2 == x3):
                    if (y1 == y3 and y2 == y4) or (y1 == y4 and y2 == y3):
                        if z1 == z2 and z1 == z3 and z1 == z4:
                            tangencies[i] += 1
                    elif (z1 == z3 and z2 == z4) or (z1 == z4 and z2 == z3):
                        if y1 == y2 and y1 == y3 and y1 == y4:
                            tangencies[i] += 1
                elif (y1 == y3 and y2 == y4) or (y1 == y4 and y2 == y3):
                    if (z1 == z3 and z2 == z4) or (z1 == z4 and z2 == z3):
                        if x1 == x2 and x1 == x3 and x1 == x4:
                            tangencies[i] += 1
                    elif (x1 == x3 and x2 == x4) or (x1 == x4 and x2 == x3):
                        if z1 == z2 and z1 == z3 and z1 == z4:
                            tangencies[i] += 1
                elif (z1 == z3 and z2 == z4) or (z1 == z4 and z2 == z3):
                    if (x1 == x3 and x2 == x4) or (x1 == x4 and x2 == x3):
                        if y1 == y2 and y1 == y3 and y1 == y4:
                            tangencies[i] += 1
    return tangencies

def main():
    N, cuboids = read_input()
    tangencies = count_tangencies(N, cuboids)
    for count in tangencies:
        print(count)

if __name__ == ""__main__"":
    main()"
H49,Tangency of Cuboids,Hard,P3,meta-llama/llama-3.3-70b-instruct,stdin,lcb-stdin,1,0,0,25.01,"want='1
1
0
0' got='2
2
2
0'","import sys

def read_input():
    lines = sys.stdin.readlines()
    N = int(lines[0].strip())
    cuboids = []
    for i in range(1, N + 1):
        x1, y1, z1, x2, y2, z2 = map(int, lines[i].strip().split())
        cuboids.append((x1, y1, z1, x2, y2, z2))
    return N, cuboids

def count_shared_faces(N, cuboids):
    shared_faces = [0] * N
    for i in range(N):
        for j in range(N):
            if i!= j:
                x1, y1, z1, x2, y2, z2 = cuboids[i]
                x3, y3, z3, x4, y4, z4 = cuboids[j]
                if (x1 == x4 or x2 == x3) and (y1 <= y4 and y2 >= y3) and (z1 <= z4 and z2 >= z3):
                    shared_faces[i] += 1
                elif (y1 == y4 or y2 == y3) and (x1 <= x4 and x2 >= x3) and (z1 <= z4 and z2 >= z3):
                    shared_faces[i] += 1
                elif (z1 == z4 or z2 == z3) and (x1 <= x4 and x2 >= x3) and (y1 <= y4 and y2 >= y3):
                    shared_faces[i] += 1
    return shared_faces

def main():
    N, cuboids = read_input()
    shared_faces = count_shared_faces(N, cuboids)
    for count in shared_faces:
        print(count)

if __name__ == ""__main__"":
    main()"
H50,Cans and Openers,Hard,P1,meta-llama/llama-3.3-70b-instruct,stdin,lcb-stdin,1,0,0,8.21,want='27' got='32',"import sys

def main():
    N, M = map(int, input().split())
    items = []
    for _ in range(N):
        T, X = map(int, input().split())
        items.append((T, X))

    items.sort(key=lambda x: x[1], reverse=True)

    pull_tab_cans = []
    regular_cans = []
    can_openers = []
    for item in items:
        if item[0] == 0:
            pull_tab_cans.append(item[1])
        elif item[0] == 1:
            regular_cans.append(item[1])
        else:
            can_openers.append(item[1])

    max_happiness = 0
    for i in range(min(M, len(pull_tab_cans)) + 1):
        for j in range(min(M - i, len(regular_cans)) + 1):
            k = M - i - j
            if k > len(can_openers):
                continue
            if k > 0:
                opener_capacity = sum(sorted(can_openers, reverse=True)[:k])
                if opener_capacity < j:
                    continue
            happiness = sum(sorted(pull_tab_cans, reverse=True)[:i]) + sum(sorted(regular_cans, reverse=True)[:j])
            max_happiness = max(max_happiness, happiness)

    print(max_happiness)

if __name__ == ""__main__"":
    main()"
H50,Cans and Openers,Hard,P2,meta-llama/llama-3.3-70b-instruct,stdin,lcb-stdin,1,0,0,8.33,want='27' got='32',"import sys

def main():
    N, M = map(int, input().split())
    items = []
    for _ in range(N):
        T, X = map(int, input().split())
        items.append((T, X))

    items.sort(key=lambda x: x[1], reverse=True)

    pull_tab_cans = []
    regular_cans = []
    can_openers = []

    for item in items:
        if item[0] == 0:
            pull_tab_cans.append(item[1])
        elif item[0] == 1:
            regular_cans.append(item[1])
        else:
            can_openers.append(item[1])

    pull_tab_cans.sort(reverse=True)
    regular_cans.sort(reverse=True)
    can_openers.sort(reverse=True)

    max_happiness = 0
    for i in range(min(M, len(pull_tab_cans)) + 1):
        for j in range(min(M - i, len(regular_cans)) + 1):
            k = M - i - j
            if k > len(can_openers):
                continue
            if k > 0 and j > can_openers[k - 1]:
                continue
            happiness = sum(pull_tab_cans[:i]) + sum(regular_cans[:j])
            max_happiness = max(max_happiness, happiness)

    print(max_happiness)

if __name__ == ""__main__"":
    main()"
H50,Cans and Openers,Hard,P3,meta-llama/llama-3.3-70b-instruct,stdin,lcb-stdin,1,0,0,21.37,want='27' got='32',"import sys

def main():
    N, M = map(int, input().split())
    items = []
    for _ in range(N):
        T, X = map(int, input().split())
        items.append((T, X))

    pull_tab_cans = []
    regular_cans = []
    can_openers = []

    for item in items:
        if item[0] == 0:
            pull_tab_cans.append(item[1])
        elif item[0] == 1:
            regular_cans.append(item[1])
        else:
            can_openers.append(item[1])

    pull_tab_cans.sort(reverse=True)
    regular_cans.sort(reverse=True)
    can_openers.sort(reverse=True)

    max_happiness = 0
    for i in range(M + 1):
        for j in range(M + 1 - i):
            k = M - i - j
            if k > 0 and j > k:
                continue
            happiness = sum(pull_tab_cans[:i]) + sum(regular_cans[:j])
            max_happiness = max(max_happiness, happiness)

    print(max_happiness)

if __name__ == ""__main__"":
    main()"
H51,Roulettes,Hard,P1,meta-llama/llama-3.3-70b-instruct,stdin,lcb-stdin,1,0,0,3.66,want='215.913355350494384765625' got='74.319359785995',"import sys

def read_ints():
    return list(map(int, sys.stdin.readline().split()))

def read_int():
    return int(sys.stdin.readline())

def read_str():
    return sys.stdin.readline().strip()

def read_strs():
    return sys.stdin.readline().strip().split()

N, M = read_ints()
wheels = []
for _ in range(N):
    C, P, *S = read_ints()
    wheels.append((C, P, S))

dp = [0] * (M + 1)
for i in range(M - 1, -1, -1):
    best = float('inf')
    for C, P, S in wheels:
        exp = sum(S) / P
        if exp == 0:
            continue
        val = C + (1 - i / M) * dp[M] + sum((i + s) / M * dp[min(M, i + s)] for s in S) / P
        best = min(best, val)
    dp[i] = best

print(dp[0])"
H51,Roulettes,Hard,P2,meta-llama/llama-3.3-70b-instruct,stdin,lcb-stdin,1,0,0,4.0,want='215.913355350494384765625' got='100',"import sys

def read_ints():
    return list(map(int, sys.stdin.readline().split()))

N, M = read_ints()
wheels = []
for _ in range(N):
    C, P, *S = read_ints()
    wheels.append((C, S))

dp = [float('inf')] * (M + 1)
dp[0] = 0

for i in range(M):
    for C, S in wheels:
        expected_points = sum(S) / len(S)
        for j in range(len(S)):
            new_i = min(i + S[j], M)
            dp[new_i] = min(dp[new_i], dp[i] + C)

print(dp[M])"
H51,Roulettes,Hard,P3,meta-llama/llama-3.3-70b-instruct,stdin,lcb-stdin,1,0,0,3.55,want='215.913355350494384765625' got='100',"import sys

def read_ints():
    return list(map(int, sys.stdin.readline().split()))

N, M = read_ints()
wheels = []
for _ in range(N):
    C, P, *S = read_ints()
    wheels.append((C, S))

dp = [float('inf')] * (M + 1)
dp[0] = 0

for i in range(M):
    for C, S in wheels:
        p = len(S)
        for s in S:
            dp[min(i + s, M)] = min(dp[min(i + s, M)], dp[i] + C)

print(dp[M])"
H52,A Certain Game,Hard,P1,meta-llama/llama-3.3-70b-instruct,stdin,lcb-stdin,1,0,0,5.18,want='698771048 698771048 964969543 964969543 133099248' got='2391580292709928144 -2391580291711683791 597895073',"import sys

MOD = 998244353

def mod_inverse(a, m):
    def extended_gcd(a, b):
        if a == 0:
            return b, 0, 1
        else:
            gcd, x, y = extended_gcd(b % a, a)
            return gcd, y - (b // a) * x, x

    gcd, x, _ = extended_gcd(a, m)
    if gcd != 1:
        return None
    else:
        return x % m

def main():
    N = int(input())
    p = []
    q = []
    for _ in range(N - 1):
        p_i, q_i = map(int, input().split())
        p.append(p_i)
        q.append(q_i)

    E = [1] * N
    for i in range(N - 1):
        p_i = p[i] - 1
        q_i = q[i] - 1
        a = sum(1 for j in range(N) if E[j] == 1 and j != q_i)
        b = N - a
        prob = a * mod_inverse(a + b, MOD)
        for j in range(N):
            if E[j] == 1 and j != q_i:
                E[j] = prob
        E[q_i] = 1 - prob

    print(' '.join(str(int(E_i * MOD)) for E_i in E))

if __name__ == '__main__':
    main()"
H52,A Certain Game,Hard,P2,meta-llama/llama-3.3-70b-instruct,stdin,lcb-stdin,1,0,0,9.73,want='698771048 698771048 964969543 964969543 133099248' got='1 0 0 0 1',"import sys

MOD = 998244353

def mod_inverse(a, m):
    def extended_gcd(a, b):
        if a == 0:
            return b, 0, 1
        else:
            gcd, x, y = extended_gcd(b % a, a)
            return gcd, y - (b // a) * x, x

    gcd, x, _ = extended_gcd(a, m)
    if gcd != 1:
        return None
    else:
        return x % m

def main():
    N = int(input())
    p = []
    q = []
    for _ in range(N - 1):
        p_i, q_i = map(int, input().split())
        p.append(p_i)
        q.append(q_i)

    E = [0] * N
    for i in range(N):
        E[i] = 1

    for i in range(N - 2, -1, -1):
        p_i = p[i] - 1
        q_i = q[i] - 1
        a = sum(1 for j in range(N) if E[j] in [p_i, q_i])
        b = sum(1 for j in range(N) if E[j] not in [p_i, q_i])
        inv_a_plus_b = mod_inverse(a + b, MOD)
        prob_p = (a * inv_a_plus_b) % MOD
        prob_q = (b * inv_a_plus_b) % MOD
        E[p_i] = (E[p_i] * prob_p + E[q_i] * prob_q) % MOD
        E[q_i] = 0

    print(' '.join(map(str, E)))

if __name__ == '__main__':
    main()"
H52,A Certain Game,Hard,P3,meta-llama/llama-3.3-70b-instruct,stdin,lcb-stdin,1,0,0,11.39,want='698771048 698771048 964969543 964969543 133099248' got='665496236 1 638876387 443664158 399297742',"import sys

MOD = 998244353

def mod_inverse(a, m):
    def extended_gcd(a, b):
        if a == 0:
            return b, 0, 1
        else:
            gcd, x, y = extended_gcd(b % a, a)
            return gcd, y - (b // a) * x, x

    gcd, x, _ = extended_gcd(a, m)
    if gcd != 1:
        return None
    else:
        return x % m

def main():
    N = int(input())
    p = []
    q = []
    for _ in range(N - 1):
        p_i, q_i = map(int, input().split())
        p.append(p_i)
        q.append(q_i)

    E = [1] * N
    for i in range(N - 1):
        p_i, q_i = p[i], q[i]
        p_team_size = sum(1 for j in range(i) if p[j] in E or q[j] in E)
        q_team_size = sum(1 for j in range(i) if p[j] not in E or q[j] not in E)
        p_win_prob = (p_team_size + 1) * mod_inverse(p_team_size + q_team_size + 2, MOD)
        q_win_prob = (q_team_size + 1) * mod_inverse(p_team_size + q_team_size + 2, MOD)
        E[p_i - 1] = (E[p_i - 1] * p_win_prob + E[q_i - 1] * (1 - q_win_prob)) % MOD
        E[q_i - 1] = (E[p_i - 1] * (1 - p_win_prob) + E[q_i - 1] * q_win_prob) % MOD

    print(' '.join(map(str, E)))

if __name__ == '__main__':
    main()"
H53,Prerequisites,Hard,P1,meta-llama/llama-3.3-70b-instruct,stdin,lcb-stdin,1,0,0,8.29,want='5 3 4 2' got='3 5 6 2 4',"import sys

def read_input():
    lines = sys.stdin.readlines()
    N = int(lines[0].strip())
    prerequisites = []
    for i in range(1, N + 1):
        line = lines[i].strip().split()
        C_i = int(line[0])
        P_i = [int(x) for x in line[1:]]
        prerequisites.append((C_i, P_i))
    return N, prerequisites

def compute_answer(N, prerequisites):
    graph = [[] for _ in range(N + 1)]
    in_degree = [0] * (N + 1)
    for i, (C_i, P_i) in enumerate(prerequisites, start=1):
        for j in P_i:
            graph[j].append(i)
            in_degree[i] += 1

    queue = [i for i in range(1, N + 1) if in_degree[i] == 0]
    answer = []
    while queue:
        node = queue.pop(0)
        if node != 1:
            answer.append(node)
        for neighbor in graph[node]:
            in_degree[neighbor] -= 1
            if in_degree[neighbor] == 0:
                queue.append(neighbor)

    return answer

def print_answer(answer):
    print(' '.join(map(str, answer)))

N, prerequisites = read_input()
answer = compute_answer(N, prerequisites)
print_answer(answer)"
H53,Prerequisites,Hard,P2,meta-llama/llama-3.3-70b-instruct,stdin,lcb-stdin,1,0,0,5.04,want='5 3 4 2' got='1 4 2 6 5 3',"from collections import defaultdict, deque

N = int(input())
graph = defaultdict(list)
in_degree = [0] * (N + 1)

for i in range(1, N + 1):
    C, *prerequisites = map(int, input().split())
    in_degree[i] = C
    for prerequisite in prerequisites:
        graph[prerequisite].append(i)

queue = deque([i for i in range(1, N + 1) if in_degree[i] == 0])
result = []

while queue:
    node = queue.popleft()
    result.append(node)
    for neighbor in graph[node]:
        in_degree[neighbor] -= 1
        if in_degree[neighbor] == 0:
            queue.append(neighbor)

result = result[::-1]
while result and result[-1] == 1:
    result.pop()

print(*result)"
H53,Prerequisites,Hard,P3,meta-llama/llama-3.3-70b-instruct,stdin,lcb-stdin,1,0,0,3.33,want='5 3 4 2' got='4 2 6 5 3',"from collections import defaultdict, deque

def main():
    N = int(input())
    graph = defaultdict(list)
    indegree = [0] * (N + 1)

    for i in range(1, N + 1):
        C, *P = map(int, input().split())
        for p in P:
            graph[p].append(i)
            indegree[i] += 1

    queue = deque([i for i in range(1, N + 1) if indegree[i] == 0])
    result = []

    while queue:
        node = queue.popleft()
        if node != 1:
            result.append(node)
        for neighbor in graph[node]:
            indegree[neighbor] -= 1
            if indegree[neighbor] == 0:
                queue.append(neighbor)

    print(*result[::-1])

if __name__ == ""__main__"":
    main()"
H54,Shortcuts,Hard,P1,meta-llama/llama-3.3-70b-instruct,stdin,lcb-stdin,1,1,1,71.87,,
H54,Shortcuts,Hard,P2,meta-llama/llama-3.3-70b-instruct,stdin,lcb-stdin,1,1,1,6.41,,
H54,Shortcuts,Hard,P3,meta-llama/llama-3.3-70b-instruct,stdin,lcb-stdin,1,0,0,14.25,want='5.82842712474619009753' got='10.23606797749979',"import sys
import math

def calculate_distance(x1, y1, x2, y2):
    return math.sqrt((x2 - x1) ** 2 + (y2 - y1) ** 2)

def main():
    N = int(input())
    checkpoints = []
    for _ in range(N):
        x, y = map(int, input().split())
        checkpoints.append((x, y))

    min_distance = float('inf')
    for mask in range(1 << (N - 2)):
        current_distance = 0
        previous_checkpoint = checkpoints[0]
        skipped_checkpoints = 0
        for i in range(1, N - 1):
            if (mask & (1 << (i - 1))) == 0:
                current_distance += calculate_distance(previous_checkpoint[0], previous_checkpoint[1], checkpoints[i][0], checkpoints[i][1])
                previous_checkpoint = checkpoints[i]
                skipped_checkpoints += 1
            else:
                skipped_checkpoints += 1
        current_distance += calculate_distance(previous_checkpoint[0], previous_checkpoint[1], checkpoints[-1][0], checkpoints[-1][1])
        if skipped_checkpoints > 0:
            current_distance += 2 ** (skipped_checkpoints - 1)
        min_distance = min(min_distance, current_distance)

    print(min_distance)

if __name__ == ""__main__"":
    main()"
H55,Sandwiches,Hard,P1,meta-llama/llama-3.3-70b-instruct,stdin,lcb-stdin,1,1,1,2.28,,
H55,Sandwiches,Hard,P2,meta-llama/llama-3.3-70b-instruct,stdin,lcb-stdin,1,1,1,8.88,,
H55,Sandwiches,Hard,P3,meta-llama/llama-3.3-70b-instruct,stdin,lcb-stdin,1,1,1,3.66,,
H56,Bus Stops,Hard,P1,meta-llama/llama-3.3-70b-instruct,stdin,lcb-stdin,1,1,1,4.73,,
H56,Bus Stops,Hard,P2,meta-llama/llama-3.3-70b-instruct,stdin,lcb-stdin,1,0,0,16.47,"want='34
22
710511052
136397548
763027402
644706946
4476' got='36
24
710511048
136397550
763027398
644706948
4476'","import sys

def read_ints():
    return map(int, sys.stdin.readline().split())

N, X, Y = read_ints()
P = []
T = []
for _ in range(N - 1):
    p, t = read_ints()
    P.append(p)
    T.append(t)

Q = int(sys.stdin.readline())
q = [int(sys.stdin.readline()) for _ in range(Q)]

for start_time in q:
    time = start_time + X
    for p, t in zip(P, T):
        time += t
        time = ((time - 1) // p + 1) * p
    time += Y
    print(time)"
H56,Bus Stops,Hard,P3,meta-llama/llama-3.3-70b-instruct,stdin,lcb-stdin,1,1,1,22.33,,
H57,Somen Nagashi,Hard,P1,meta-llama/llama-3.3-70b-instruct,stdin,lcb-stdin,1,1,1,3.35,,
H57,Somen Nagashi,Hard,P2,meta-llama/llama-3.3-70b-instruct,stdin,lcb-stdin,1,0,0,5.36,"want='101
10
1000' got='1111
1000000000
0'","import sys
import heapq

N, M = map(int, input().split())
events = []
for _ in range(M):
    T, W, S = map(int, input().split())
    events.append((T, W, S))

events.sort()
heap = []
noodles = [0] * N
for i in range(N):
    heapq.heappush(heap, (0, i))

for T, W, S in events:
    while heap and heap[0][0] <= T:
        _, person = heapq.heappop(heap)
        heapq.heappush(heap, (T + S, person))
    if heap:
        _, person = heapq.heappop(heap)
        noodles[person] += W
        heapq.heappush(heap, (T + S, person))

for i in range(N):
    print(noodles[i])"
